cong_id,cong_dist_code,cong_dist_name,cong_saket_code,cong_saket_name,cong_par_code,cong_parish_name,cong_code,cong_name
1,D01,Kate,S01 ,Kalasa,P01 ,Amugen,K01 ,Kip
2,D01,Kate,S01 ,Kalasa,P01 ,Amugen,K02 ,Kukuya
3,D01,Kate,S01 ,Kalasa,P01 ,Amugen,K03 ,Wetna
4,D01,Kate,S01 ,Kalasa,P01 ,Amugen,K04 ,Sikekea
5,D01,Kate,S01 ,Kalasa,P01 ,Amugen,K05 ,Kalasa
6,D01,Kate,S01 ,Kalasa,P01 ,Amugen,K06 ,Orara
7,D01,Kate,S01 ,Kalasa,P01 ,Amugen,K07 ,Betel
8,D01,Kate,S01 ,Kalasa,P02 ,Tigasu,K01 ,Sialum
9,D01,Kate,S01 ,Kalasa,P02 ,Tigasu,K02 ,Nama
10,D01,Kate,S01 ,Kalasa,P02 ,Tigasu,K03 ,Qambu
11,D01,Kate,S01 ,Kalasa,P02 ,Tigasu,K04 ,Romonga
12,D01,Kate,S01 ,Kalasa,P02 ,Tigasu,K05 ,Station
13,D01,Kate,S01 ,Kalasa,P03 ,Kanome,K01 ,Kanome
14,D01,Kate,S01 ,Kalasa,P03 ,Kanome,K02 ,Nada
15,D01,Kate,S01 ,Kalasa,P03 ,Kanome,K03 ,Kanzarua
16,D01,Kate,S01 ,Kalasa,P03 ,Kanome,K04 ,Marimari
17,D01,Kate,S01 ,Kalasa,P04 ,Ririwo,K01 ,Ririwo
18,D01,Kate,S01 ,Kalasa,P04 ,Ririwo,K02 ,Ga
19,D01,Kate,S01 ,Kalasa,P04 ,Ririwo,K03 ,Sabe
20,D01,Kate,S01 ,Kalasa,P04 ,Ririwo,K04 ,Samep
21,D01,Kate,S01 ,Kalasa,P05 ,Gegibo,K01 ,Mineneko
22,D01,Kate,S01 ,Kalasa,P05 ,Gegibo,K02 ,Buamgo
23,D01,Kate,S01 ,Kalasa,P05 ,Gegibo,K03 ,Zakupep
24,D01,Kate,S01 ,Kalasa,P05 ,Gegibo,K04 ,Zankoa
25,D01,Kate,S01 ,Kalasa,P05 ,Gegibo,K05 ,Karako
26,D01,Kate,S01 ,Kalasa,P06 ,Gitukia,K01 ,Gitukia
27,D01,Kate,S01 ,Kalasa,P06 ,Gitukia,K02 ,Qabi
28,D01,Kate,S01 ,Kalasa,P06 ,Gitukia,K03 ,Ejango
29,D01,Kate,S01 ,Kalasa,P06 ,Gitukia,K04 ,Kinalakna
30,D01,Kate,S01 ,Kalasa,P07 ,Botara,K01 ,Gitua
31,D01,Kate,S01 ,Kalasa,P07 ,Botara,K02 ,Boru
32,D01,Kate,S01 ,Kalasa,P07 ,Botara,K03 ,Wenga
33,D01,Kate,S01 ,Kalasa,P08 ,Tibaki,K01 ,Wagum
34,D01,Kate,S01 ,Kalasa,P08 ,Tibaki,K02 ,Kolakia
35,D01,Kate,S01 ,Kalasa,P08 ,Tibaki,K03 ,Kumukio
36,D01,Kate,S01 ,Kalasa,P08 ,Tibaki,K04 ,Soleng
37,D01,Kate,S02 ,Dedua,P01 ,Yumeng,K01 ,Yunziang
38,D01,Kate,S02 ,Dedua,P01 ,Yumeng,K02 ,Yomeng
39,D01,Kate,S02 ,Dedua,P01 ,Yumeng,K03 ,Faseu
40,D01,Kate,S02 ,Dedua,P01 ,Yumeng,K04 ,Moracgoc
41,D01,Kate,S02 ,Dedua,P02 ,Munsel,K01 ,Hoboc
42,D01,Kate,S02 ,Dedua,P02 ,Munsel,K02 ,Turuo
43,D01,Kate,S02 ,Dedua,P03 ,Masa,K01 ,Zembeac
44,D01,Kate,S02 ,Dedua,P03 ,Masa,K02 ,Soseku
45,D01,Kate,S02 ,Dedua,P03 ,Masa,K03 ,Besaiba
46,D01,Kate,S02 ,Dedua,P03 ,Masa,K04 ,Banziu
47,D01,Kate,S02 ,Dedua,P03 ,Masa,K05 ,Ondeu
48,D01,Kate,S02 ,Dedua,P03 ,Masa,K06 ,Singfanic
49,D01,Kate,S02 ,Dedua,P04 ,Yasire,K01 ,Yamino
50,D01,Kate,S02 ,Dedua,P04 ,Yasire,K02 ,Siwea
51,D01,Kate,S02 ,Dedua,P04 ,Yasire,K03 ,Rebafu
52,D01,Kate,S02 ,Dedua,P05 ,Koyoza,K01 ,Korongmanau
53,D01,Kate,S02 ,Dedua,P05 ,Koyoza,K02 ,Yomozoko
54,D01,Kate,S02 ,Dedua,P05 ,Koyoza,K03 ,Zangganu
55,D01,Kate,S02 ,Dedua,P06 ,Zazozo,K01 ,Zagehemec
56,D01,Kate,S02 ,Dedua,P06 ,Zazozo,K02 ,Zongefifi
57,D01,Kate,S02 ,Dedua,P06 ,Zazozo,K03 ,Zorogo
58,D01,Kate,S02 ,Dedua,P07 ,Huwago,K01 ,Hudewa
59,D01,Kate,S02 ,Dedua,P07 ,Huwago,K02 ,Waringai
60,D01,Kate,S02 ,Dedua,P07 ,Huwago,K03 ,Ago
61,D01,Kate,S03 ,Sattelberg,P01 ,Efa,K01 ,Embewoneng
62,D01,Kate,S03 ,Sattelberg,P01 ,Efa,K02 ,Sofifi
63,D01,Kate,S03 ,Sattelberg,P02 ,Bomaza,K01 ,Mawoneng
64,D01,Kate,S03 ,Sattelberg,P02 ,Bomaza,K02 ,Maguecko
65,D01,Kate,S03 ,Sattelberg,P02 ,Bomaza,K03 ,Zuqong?
66,D01,Kate,S03 ,Sattelberg,P03 ,Zukiba,K01 ,Zuqong?
67,D01,Kate,S03 ,Sattelberg,P03 ,Zukiba,K02 ,Beding
68,D01,Kate,S03 ,Sattelberg,P04 ,Fosama,K01 ,Fondengko
69,D01,Kate,S03 ,Sattelberg,P04 ,Fosama,K02 ,Samantiki
70,D01,Kate,S03 ,Sattelberg,P04 ,Fosama,K03 ,Maiwoneng
71,D01,Kate,S03 ,Sattelberg,P05 ,Agororo,K01 ,Junziang
72,D01,Kate,S03 ,Sattelberg,P05 ,Agororo,K02 ,Anung
73,D01,Kate,S03 ,Sattelberg,P06 ,Sasibona,K01 ,Nonduo
74,D01,Kate,S03 ,Sattelberg,P06 ,Sasibona,K02 ,Zozoningko
75,D01,Kate,S03 ,Sattelberg,P06 ,Sasibona,K03 ,Siririo
76,D01,Kate,S03 ,Sattelberg,P06 ,Sasibona,K04 ,Boringbongeng
77,D01,Kate,S03 ,Sattelberg,P07 ,Wemo,K01 ,Masangko
78,D01,Kate,S03 ,Sattelberg,P07 ,Wemo,K02 ,Fio
79,D01,Kate,S03 ,Sattelberg,P07 ,Wemo,K03 ,Qorangko
80,D01,Kate,S03 ,Sattelberg,P07 ,Wemo,K04 ,Qeraharuc
81,D01,Kate,S03 ,Sattelberg,P07 ,Wemo,K05 ,Moruruo
82,D01,Kate,S03 ,Sattelberg,P07 ,Wemo,K06 ,Dopao
83,D01,Kate,S03 ,Sattelberg,P07 ,Wemo,K07 ,Kumowo
84,D01,Kate,S03 ,Sattelberg,P07 ,Wemo,K08 ,Sisi
85,D01,Kate,S03 ,Sattelberg,P07 ,Wemo,K09 ,Ziwewoneng
86,D01,Kate,S03 ,Sattelberg,P07 ,Wemo,K10 ,Wengune
87,D01,Kate,S03 ,Sattelberg,P08 ,Kitaka,K01 ,Kiwsawa
88,D01,Kate,S03 ,Sattelberg,P08 ,Kitaka,K02 ,Qoja
89,D01,Kate,S03 ,Sattelberg,P08 ,Kitaka,K03 ,Torecko
90,D01,Kate,S03 ,Sattelberg,P08 ,Kitaka,K04 ,Gougou
91,D01,Kate,S03 ,Sattelberg,P08 ,Kitaka,K05 ,Recko
92,D01,Kate,S03 ,Sattelberg,P08 ,Kitaka,K06 ,Kurue?
93,D01,Kate,S03 ,Sattelberg,P08 ,Kitaka,K07 ,Heldsbach
94,D01,Kate,S03 ,Sattelberg,P09 ,Keregia,K01 ,Bonga
95,D01,Kate,S03 ,Sattelberg,P09 ,Keregia,K02 ,Keregia
96,D01,Kate,S03 ,Sattelberg,P09 ,Keregia,K03 ,Kurue?
97,D01,Kate,S03 ,Sattelberg,P09 ,Keregia,K04 ,Rakona
98,D01,Kate,S03 ,Sattelberg,P09 ,Keregia,K05 ,Aimora
99,D01,Kate,S03 ,Sattelberg,P10 ,Wandokai,K01 ,Wandokai
100,D01,Kate,S03 ,Sattelberg,P10 ,Wandokai,K02 ,Tangka
101,D01,Kate,S03 ,Sattelberg,P10 ,Wandokai,K03 ,Daumbore
102,D01,Kate,S03 ,Sattelberg,P10 ,Wandokai,K04 ,Kapawa
103,D01,Kate,S03 ,Sattelberg,P10 ,Wandokai,K05 ,Butengka
104,D01,Kate,S03 ,Sattelberg,P10 ,Wandokai,K06 ,Ubecgong
105,D01,Kate,S03 ,Sattelberg,P11 ,Wareo,K01 ,Wareo
106,D01,Kate,S03 ,Sattelberg,P11 ,Wareo,K02 ,Kaungko
107,D01,Kate,S03 ,Sattelberg,P11 ,Wareo,K03 ,Serongko
108,D01,Kate,S03 ,Sattelberg,P11 ,Wareo,K04 ,Bazuro
109,D01,Kate,S03 ,Sattelberg,P11 ,Wareo,K05 ,Birangko
110,D01,Kate,S03 ,Sattelberg,P11 ,Wareo,K06 ,Uruo
111,D01,Kate,S03 ,Sattelberg,P12 ,Zamesa,K01 ,Samunzang
112,D01,Kate,S03 ,Sattelberg,P12 ,Zamesa,K02 ,Merikio
113,D01,Kate,S03 ,Sattelberg,P12 ,Zamesa,K03 ,Zafirio
114,D01,Kate,S03 ,Sattelberg,P12 ,Zamesa,K04 ,Hompua
115,D01,Kate,S04 ,Qembung,P01 ,Guramoti,K01 ,Gurungko
116,D01,Kate,S04 ,Qembung,P01 ,Guramoti,K02 ,Moreng
117,D01,Kate,S04 ,Qembung,P01 ,Guramoti,K03 ,Ranizera
118,D01,Kate,S04 ,Qembung,P01 ,Guramoti,K04 ,Buang
119,D01,Kate,S04 ,Qembung,P01 ,Guramoti,K05 ,Siucko
120,D01,Kate,S04 ,Qembung,P01 ,Guramoti,K06 ,Pongacko
121,D01,Kate,S04 ,Qembung,P02 ,Hamaka,K01 ,Suqang
122,D01,Kate,S04 ,Qembung,P02 ,Hamaka,K02 ,Hapohondong
123,D01,Kate,S04 ,Qembung,P02 ,Hamaka,K03 ,Magazaing
124,D01,Kate,S04 ,Qembung,P02 ,Hamaka,K04 ,Keta
125,D01,Kate,S04 ,Qembung,P02 ,Hamaka,K05 ,Kanengokoc
126,D01,Kate,S04 ,Qembung,P03 ,Babuso,K01 ,Mangac
127,D01,Kate,S04 ,Qembung,P03 ,Babuso,K02 ,Zingko
128,D01,Kate,S04 ,Qembung,P03 ,Babuso,K03 ,Jombong
129,D01,Kate,S04 ,Qembung,P03 ,Babuso,K04 ,Kiseng
130,D01,Kate,S04 ,Qembung,P03 ,Babuso,K05 ,Belemu
131,D01,Kate,S04 ,Qembung,P03 ,Babuso,K06 ,Mugisung
132,D01,Kate,S04 ,Qembung,P03 ,Babuso,K07 ,Sialang
133,D01,Kate,S05 ,Hube,P01 ,Kulungtufu,K01 ,Gamaheng
134,D01,Kate,S05 ,Hube,P01 ,Kulungtufu,K02 ,Tireng
135,D01,Kate,S05 ,Hube,P01 ,Kulungtufu,K03 ,Makiwoneng
136,D01,Kate,S05 ,Hube,P01 ,Kulungtufu,K04 ,Gurungko
137,D01,Kate,S05 ,Hube,P01 ,Kulungtufu,K05 ,Wagizareng
138,D01,Kate,S05 ,Hube,P01 ,Kulungtufu,K06 ,Kesu
139,D01,Kate,S05 ,Hube,P01 ,Kulungtufu,K07 ,Qantumu
140,D01,Kate,S05 ,Hube,P01 ,Kulungtufu,K08 ,Qafiu
141,D01,Kate,S05 ,Hube,P01 ,Kulungtufu,K09 ,Kuluntufu
142,D01,Kate,S05 ,Hube,P02 ,Joangeng,K01 ,Afong
143,D01,Kate,S05 ,Hube,P02 ,Joangeng,K02 ,Silemana
144,D01,Kate,S05 ,Hube,P02 ,Joangeng,K03 ,Yauwo
145,D01,Kate,S05 ,Hube,P02 ,Joangeng,K04 ,Qiqicko
146,D01,Kate,S05 ,Hube,P02 ,Joangeng,K05 ,Gaeng
147,D01,Kate,S05 ,Hube,P02 ,Joangeng,K06 ,Kobao
148,D01,Kate,S05 ,Hube,P02 ,Joangeng,K07 ,Zeriweri
149,D01,Kate,S05 ,Hube,P03 ,Kuma,K01 ,Beraqayu
150,D01,Kate,S05 ,Hube,P03 ,Kuma,K02 ,Lumbo
151,D01,Kate,S05 ,Hube,P03 ,Kuma,K03 ,Zengeru
152,D01,Kate,S05 ,Hube,P03 ,Kuma,K04 ,Kwezengzeng
153,D01,Kate,S05 ,Hube,P03 ,Kuma,K05 ,Tongucbo
154,D01,Kate,S05 ,Hube,P03 ,Kuma,K06 ,Sososc
155,D01,Kate,S05 ,Hube,P03 ,Kuma,K07 ,Fareng
156,D01,Kate,S05 ,Hube,P04 ,Dopi,K01 ,Kukuya
157,D01,Kate,S05 ,Hube,P04 ,Dopi,K02 ,Zaningu
158,D01,Kate,S05 ,Hube,P04 ,Dopi,K03 ,Sanzeng
159,D01,Kate,S05 ,Hube,P04 ,Dopi,K04 ,Qesic
160,D01,Kate,S05 ,Hube,P04 ,Dopi,K05 ,Sanangac
161,D01,Kate,S05 ,Hube,P04 ,Dopi,K06 ,Masuang
162,D01,Kate,S05 ,Hube,P04 ,Dopi,K07 ,Haringkec
163,D01,Kate,S05 ,Hube,P05 ,Foria,K01 ,Gema 
164,D01,Kate,S05 ,Hube,P05 ,Foria,K02 ,Qela
165,D01,Kate,S05 ,Hube,P05 ,Foria,K03 ,Naijalo
166,D01,Kate,S05 ,Hube,P05 ,Foria,K04 ,Esianda
167,D01,Kate,S05 ,Hube,P05 ,Foria,K05 ,Bulu
168,D01,Kate,S05 ,Hube,P05 ,Foria,K06 ,Besibong
169,D01,Kate,S05 ,Hube,P06 ,Ebabang,K01 ,Ebabang
170,D01,Kate,S05 ,Hube,P06 ,Ebabang,K02 ,Gaboc
171,D01,Kate,S05 ,Hube,P06 ,Ebabang,K03 ,Songong 
172,D01,Kate,S05 ,Hube,P06 ,Ebabang,K04 ,Muleng
173,D01,Kate,S05 ,Hube,P06 ,Ebabang,K05 ,Wamukic
174,D01,Kate,S05 ,Hube,P06 ,Ebabang,K06 ,Burang
175,D01,Kate,S05 ,Hube,P06 ,Ebabang,K07 ,Otokae
176,D01,Kate,S05 ,Hube,P06 ,Ebabang,K08 ,Tawamboc
177,D01,Kate,S05 ,Hube,P06 ,Ebabang,K09 ,Marimbu
178,D01,Kate,S05 ,Hube,P07 ,Jowacnuc,K01 ,Hamorong
179,D01,Kate,S05 ,Hube,P07 ,Jowacnuc,K02 ,Nowong
180,D01,Kate,S05 ,Hube,P07 ,Jowacnuc,K03 ,Namatung
181,D01,Kate,S05 ,Hube,P07 ,Jowacnuc,K04 ,Sengararang
182,D01,Kate,S05 ,Hube,P07 ,Jowacnuc,K05 ,Andec
183,D01,Kate,S05 ,Hube,P08 ,Lalang,K01 ,Lalang
184,D01,Kate,S05 ,Hube,P08 ,Lalang,K02 ,Qozorong
185,D01,Kate,S05 ,Hube,P08 ,Lalang,K03 ,bokou
186,D01,Kate,S05 ,Hube,P08 ,Lalang,K04 ,Yapung
187,D01,Kate,S05 ,Hube,P08 ,Lalang,K05 ,Sangu
188,D01,Kate,S05 ,Hube,P09 ,Siri,K01 ,Mindik
189,D01,Kate,S05 ,Hube,P09 ,Siri,K02 ,Tiriring
190,D01,Kate,S05 ,Hube,P09 ,Siri,K03 ,Tumneng
191,D01,Kate,S05 ,Hube,P09 ,Siri,K04 ,Mamus
192,D01,Kate,S05 ,Hube,P09 ,Siri,K05 ,Namorak
193,D01,Kate,S05 ,Hube,P10 ,Tobou,K01 ,Tobou
194,D01,Kate,S05 ,Hube,P10 ,Tobou,K02 ,Lembati
195,D01,Kate,S05 ,Hube,P10 ,Tobou,K03 ,Awengu
196,D01,Kate,S05 ,Hube,P10 ,Tobou,K04 ,Tepmarang
197,D01,Kate,S05 ,Hube,P10 ,Tobou,K05 ,Wagang
198,D01,Kate,S05 ,Hube,P10 ,Tobou,K06 ,Laula
199,D01,Kate,S05 ,Hube,P10 ,Tobou,K07 ,Yapang
200,D01,Kate,S05 ,Hube,P11 ,Wengai,K01 ,Sakneng
201,D01,Kate,S05 ,Hube,P11 ,Wengai,K02 ,Sambinong
202,D01,Kate,S05 ,Hube,P11 ,Wengai,K03 ,Bu
203,D01,Kate,S05 ,Hube,P11 ,Wengai,K04 ,Diwilo
204,D01,Kate,S05 ,Hube,P11 ,Wengai,K05 ,Wageng
205,D01,Kate,S06 ,Somba,P01 ,Gang,K01 ,Numbut
206,D01,Kate,S06 ,Somba,P01 ,Gang,K02 ,Suwak
207,D01,Kate,S06 ,Somba,P01 ,Gang,K03 ,Zengari
208,D01,Kate,S06 ,Somba,P01 ,Gang,K04 ,Kotken
209,D01,Kate,S06 ,Somba,P01 ,Gang,K05 ,Sarang 
210,D01,Kate,S06 ,Somba,P01 ,Gang,K06 ,Budmbi
211,D01,Kate,S06 ,Somba,P02 ,Buze,K01 ,Nomaneneng
212,D01,Kate,S06 ,Somba,P02 ,Buze,K02 ,Zemburang
213,D01,Kate,S06 ,Somba,P02 ,Buze,K03 ,Tarap
214,D01,Kate,S06 ,Somba,P02 ,Buze,K04 ,Songolok
215,D01,Kate,S06 ,Somba,P02 ,Buze,K05 ,Zangom
216,D01,Kate,S06 ,Somba,P02 ,Buze,K06 ,Bemgesing
217,D01,Kate,S06 ,Somba,P03 ,Sagiro,K01 ,Qan (Ogeranang)
218,D01,Kate,S06 ,Somba,P03 ,Sagiro,K02 ,Dubi
219,D01,Kate,S06 ,Somba,P03 ,Sagiro,K03 ,Simbeng
220,D01,Kate,S06 ,Somba,P03 ,Sagiro,K04 ,Sagiro
221,D01,Kate,S06 ,Somba,P03 ,Sagiro,K05 ,Soukopop
222,D01,Kate,S06 ,Somba,P04 ,Kemaip,K01 ,Qera
223,D01,Kate,S06 ,Somba,P04 ,Kemaip,K02 ,Sagaum
224,D01,Kate,S06 ,Somba,P04 ,Kemaip,K03 ,Raitning
225,D01,Kate,S06 ,Somba,P04 ,Kemaip,K04 ,Origenang
226,D01,Kate,S06 ,Somba,P04 ,Kemaip,K05 ,Semkita
227,D01,Kate,S06 ,Somba,P04 ,Kemaip,K06 ,Kombuk
228,D01,Kate,S06 ,Somba,P04 ,Kemaip,K07 ,Selembeng
229,D01,Kate,S06 ,Somba,P04 ,Kemaip,K08 ,Malang
230,D01,Kate,S06 ,Somba,P04 ,Kemaip,K09 ,Awanding
231,D01,Kate,S06 ,Somba,P04 ,Kemaip,K10 ,Ogeramnang
232,D01,Kate,S06 ,Somba,P05 ,Batoneng,K01 ,Koile
233,D01,Kate,S06 ,Somba,P05 ,Batoneng,K02 ,Tengbanong
234,D01,Kate,S06 ,Somba,P05 ,Batoneng,K03 ,Koc
235,D01,Kate,S06 ,Somba,P05 ,Batoneng,K04 ,Zamu
236,D01,Kate,S06 ,Somba,P05 ,Batoneng,K05 ,Konem
237,D01,Kate,S06 ,Somba,P05 ,Batoneng,K06 ,Wesap
238,D01,Kate,S06 ,Somba,P05 ,Batoneng,K07 ,Nomboneng
239,D01,Kate,S07 ,Zaka,P01 ,Zamai,K01 ,Mayama
240,D01,Kate,S07 ,Zaka,P01 ,Zamai,K02 ,Amoa
241,D01,Kate,S07 ,Zaka,P01 ,Zamai,K03 ,Zigori
242,D01,Kate,S07 ,Zaka,P01 ,Zamai,K04 ,Bematu
243,D01,Kate,S07 ,Zaka,P01 ,Zamai,K05 ,Kobio
244,D01,Kate,S07 ,Zaka,P01 ,Zamai,K06 ,Mangoro
245,D01,Kate,S07 ,Zaka,P02 ,Oga,K01 ,Bosadi
246,D01,Kate,S07 ,Zaka,P02 ,Oga,K02 ,Mou
247,D01,Kate,S07 ,Zaka,P02 ,Oga,K03 ,Morobe Stesin
248,D01,Kate,S07 ,Zaka,P02 ,Oga,K04 ,Evare
249,D01,Kate,S07 ,Zaka,P03 ,Jekora,K01 ,Anapose
250,D01,Kate,S07 ,Zaka,P03 ,Jekora,K02 ,Nazi
251,D01,Kate,S07 ,Zaka,P03 ,Jekora,K03 ,Sapa
252,D01,Kate,S07 ,Zaka,P04 ,Kwuabaso,K01 ,Kobo
253,D01,Kate,S07 ,Zaka,P04 ,Kwuabaso,K02 ,Waiosoduma
254,D01,Kate,S07 ,Zaka,P04 ,Kwuabaso,K03 ,Bau
255,D01,Kate,S07 ,Zaka,P04 ,Kwuabaso,K04 ,Auro
256,D01,Kate,S07 ,Zaka,P04 ,Kwuabaso,K05 ,Sowara
257,D01,Kate,S07 ,Zaka,P05 ,Sado,K01 ,Dona
258,D01,Kate,S07 ,Zaka,P05 ,Sado,K02 ,Saigara
259,D01,Kate,S07 ,Zaka,P05 ,Sado,K03 ,Zare
260,D01,Kate,S07 ,Zaka,P05 ,Sado,K04 ,Ainse
261,D01,Kate,S07 ,Zaka,P06 ,Duka,K01 ,Siu 
262,D01,Kate,S07 ,Zaka,P06 ,Duka,K02 ,Putair
263,D01,Kate,S07 ,Zaka,P06 ,Duka,K03 ,Popoe
264,D01,Kate,S07 ,Zaka,P06 ,Duka,K04 ,Yae
265,D01,Kate,S07 ,Zaka,P06 ,Duka,K05 ,Gauzu
266,D01,Kate,S07 ,Zaka,P06 ,Duka,K06 ,Omazi
267,D01,Kate,S07 ,Zaka,P07 ,Nange,K01 ,Pema
268,D01,Kate,S07 ,Zaka,P07 ,Nange,K02 ,Pepeware
269,D01,Kate,S07 ,Zaka,P07 ,Nange,K03 ,Agotame
270,D01,Kate,S07 ,Zaka,P07 ,Nange,K04 ,Gobe
271,D01,Kate,S07 ,Zaka,P07 ,Nange,K05 ,Jema
272,D01,Kate,S07 ,Zaka,P07 ,Nange,K06 ,Tube
273,D01,Kate,S07 ,Zaka,P07 ,Nange,K07 ,Agiyw
274,D01,Kate,S07 ,Zaka,P07 ,Nange,K08 ,Dona
275,D01,Kate,S08 ,Garaina,P02 ,Biaru,K01 ,Kasangare
276,D01,Kate,S08 ,Garaina,P02 ,Biaru,K02 ,Wisini
277,D01,Kate,S08 ,Garaina,P02 ,Biaru,K03 ,Ilapu
278,D01,Kate,S08 ,Garaina,P02 ,Biaru,K04 ,Taulins
279,D01,Kate,S08 ,Garaina,P02 ,Biaru,K05 ,Nako
280,D01,Kate,S08 ,Garaina,P02 ,Biaru,K06 ,Kambaka
281,D01,Kate,S08 ,Garaina,P02 ,Biaru,K07 ,Toli
282,D01,Kate,S08 ,Garaina,P02 ,Biaru,K08 ,Korua
283,D01,Kate,S08 ,Garaina,P02 ,Biaru,K09 ,Kakolo
284,D02,Jabem,S01 ,Aseki,P01 ,Di Kapu,K01 ,Equato
285,D02,Jabem,S01 ,Aseki,P01 ,Di Kapu,K02 ,Kapu - Anga
286,D02,Jabem,S01 ,Aseki,P01 ,Di Kapu,K03 ,Hadadua
287,D02,Jabem,S01 ,Aseki,P01 ,Di Kapu,K04 ,Aweaka
288,D02,Jabem,S01 ,Aseki,P01 ,Di Kapu,K05 ,Kakiwana
289,D02,Jabem,S01 ,Aseki,P01 ,Di Kapu,K06 ,Awairi
290,D02,Jabem,S01 ,Aseki,P01 ,Di Kapu,K07 ,Mekim
291,D02,Jabem,S01 ,Aseki,P02 ,Kapu,K01 ,Yeke
292,D02,Jabem,S01 ,Aseki,P02 ,Kapu,K02 ,Quajtinge
293,D02,Jabem,S01 ,Aseki,P02 ,Kapu,K03 ,Keango
294,D02,Jabem,S01 ,Aseki,P02 ,Kapu,K04 ,Dumawa
295,D02,Jabem,S01 ,Aseki,P02 ,Kapu,K05 ,Papito
296,D02,Jabem,S01 ,Aseki,P03 ,Wayona,K01 ,Okaneiwa
297,D02,Jabem,S01 ,Aseki,P03 ,Wayona,K02 ,Konaweiyuy
298,D02,Jabem,S01 ,Aseki,P03 ,Wayona,K03 ,Quamdawati
299,D02,Jabem,S01 ,Aseki,P04 ,Kapao,K01 ,Kopakini
300,D02,Jabem,S01 ,Aseki,P04 ,Kapao,K02 ,Akewamuanga
301,D02,Jabem,S01 ,Aseki,P04 ,Kapao,K03 ,Yakopeiya
302,D02,Jabem,S01 ,Aseki,P04 ,Kapao,K04 ,Palowa
303,D02,Jabem,S01 ,Aseki,P05 ,Aiya,K01 ,Kokea
304,D02,Jabem,S01 ,Aseki,P05 ,Aiya,K02 ,Iwatimnga
305,D02,Jabem,S01 ,Aseki,P05 ,Aiya,K03 ,Daumnga
306,D02,Jabem,S01 ,Aseki,P05 ,Aiya,K04 ,Oiwa
307,D02,Jabem,S01 ,Aseki,P05 ,Aiya,K05 ,Aiya
308,D02,Jabem,S01 ,Aseki,P05 ,Aiya,K06 ,Hawamnga
309,D02,Jabem,S01 ,Aseki,P05 ,Aiya,K07 ,Widue
310,D02,Jabem,S01 ,Aseki,P06 ,Pouyu,K01 ,Wema
311,D02,Jabem,S01 ,Aseki,P06 ,Pouyu,K02 ,Habeawini
312,D02,Jabem,S01 ,Aseki,P06 ,Pouyu,K03 ,Bau
313,D02,Jabem,S01 ,Aseki,P06 ,Pouyu,K04 ,Pouyu I
314,D02,Jabem,S01 ,Aseki,P06 ,Pouyu,K05 ,Odaidawa
315,D02,Jabem,S01 ,Aseki,P06 ,Pouyu,K06 ,Pakea
316,D02,Jabem,S01 ,Aseki,P06 ,Pouyu,K07 ,Ayewa
317,D02,Jabem,S01 ,Aseki,P07 ,Tawa,K01 ,Jona-a
318,D02,Jabem,S01 ,Aseki,P07 ,Tawa,K02 ,Onawa
319,D02,Jabem,S01 ,Aseki,P07 ,Tawa,K03 ,Wopa
320,D02,Jabem,S01 ,Aseki,P07 ,Tawa,K04 ,Neandulo
321,D02,Jabem,S01 ,Aseki,P07 ,Tawa,K05 ,Hikinangowe
322,D02,Jabem,S01 ,Aseki,P07 ,Tawa,K06 ,Tiwata'
323,D02,Jabem,S01 ,Aseki,P07 ,Tawa,K07 ,Yangayu
324,D02,Jabem,S01 ,Aseki,P07 ,Tawa,K08 ,Aitu
325,D02,Jabem,S02 ,Deka,P01 ,Kaparkona,K01 ,Bukawa
326,D02,Jabem,S02 ,Deka,P01 ,Kaparkona,K02 ,Awadec
327,D02,Jabem,S02 ,Deka,P01 ,Kaparkona,K03 ,Bocgambung
328,D02,Jabem,S02 ,Deka,P01 ,Kaparkona,K04 ,Mundala
329,D02,Jabem,S02 ,Deka,P01 ,Kaparkona,K05 ,Ukilim
330,D02,Jabem,S02 ,Deka,P01 ,Kaparkona,K06 ,Yambo
331,D02,Jabem,S02 ,Deka,P02 ,Busong,K01 ,Wedilu
332,D02,Jabem,S02 ,Deka,P02 ,Busong,K02 ,Eec
333,D02,Jabem,S02 ,Deka,P02 ,Busong,K03 ,Buinggim
334,D02,Jabem,S02 ,Deka,P02 ,Busong,K04 ,Busong
335,D02,Jabem,S02 ,Deka,P03 ,Deinzerhill,K01 ,Bugang
336,D02,Jabem,S02 ,Deka,P03 ,Deinzerhill,K02 ,Boac
337,D02,Jabem,S02 ,Deka,P03 ,Deinzerhill,K03 ,Taemi
338,D02,Jabem,S02 ,Deka,P03 ,Deinzerhill,K04 ,Ologedo
339,D02,Jabem,S02 ,Deka,P04 ,Busini,K01 ,Butala 1
340,D02,Jabem,S02 ,Deka,P04 ,Busini,K02 ,Butala 2
341,D02,Jabem,S02 ,Deka,P04 ,Busini,K03 ,Tigidu
342,D02,Jabem,S02 ,Deka,P04 ,Busini,K04 ,Busen
343,D02,Jabem,S03 ,Buang,P01 ,Manga,K01 ,Pepekane
344,D02,Jabem,S03 ,Buang,P01 ,Manga,K02 ,lagis
345,D02,Jabem,S03 ,Buang,P01 ,Manga,K03 ,Tokanen
346,D02,Jabem,S03 ,Buang,P01 ,Manga,K04 ,Ded
347,D02,Jabem,S03 ,Buang,P01 ,Manga,K05 ,Baiarriatus
348,D02,Jabem,S03 ,Buang,P01 ,Manga,K06 ,Kwasapg
349,D02,Jabem,S03 ,Buang,P01 ,Manga,K07 ,Zaba
350,D02,Jabem,S03 ,Buang,P02 ,Sangas,K01 ,Baiyum
351,D02,Jabem,S03 ,Buang,P02 ,Sangas,K02 ,Bainea
352,D02,Jabem,S03 ,Buang,P02 ,Sangas,K03 ,Namba 8-1
353,D02,Jabem,S03 ,Buang,P02 ,Sangas,K04 ,Anamapi
354,D02,Jabem,S03 ,Buang,P03 ,Mapos,K01 ,Mapos
355,D02,Jabem,S03 ,Buang,P03 ,Mapos,K02 ,Seunge
356,D02,Jabem,S03 ,Buang,P03 ,Mapos,K03 ,Sengayo
357,D02,Jabem,S03 ,Buang,P03 ,Mapos,K04 ,Simbruk
358,D02,Jabem,S03 ,Buang,P03 ,Mapos,K05 ,Samge
359,D02,Jabem,S03 ,Buang,P04 ,Bulantem,K01 ,Banic?
360,D02,Jabem,S03 ,Buang,P04 ,Bulantem,K02 ,Bowowe?
361,D02,Jabem,S03 ,Buang,P04 ,Bulantem,K03 ,Bogong?
362,D02,Jabem,S03 ,Buang,P05 ,Gwein,K01 ,Lomlem
363,D02,Jabem,S03 ,Buang,P05 ,Gwein,K02 ,Dawong
364,D02,Jabem,S03 ,Buang,P05 ,Gwein,K03 ,Raft
365,D02,Jabem,S03 ,Buang,P05 ,Gwein,K04 ,Wuner
366,D02,Jabem,S03 ,Buang,P06 ,Biangkoun,K01 ,Bungian
367,D02,Jabem,S03 ,Buang,P06 ,Biangkoun,K02 ,Wangarn
368,D02,Jabem,S03 ,Buang,P06 ,Biangkoun,K03 ,Mabula
369,D02,Jabem,S03 ,Buang,P06 ,Biangkoun,K04 ,Moniua
370,D02,Jabem,S03 ,Buang,P06 ,Biangkoun,K05 ,Aiejok
371,D02,Jabem,S03 ,Buang,P06 ,Biangkoun,K06 ,Apele
372,D02,Jabem,S04 ,Kaiapit,P01 ,Wantun,K01 ,Emmanuel
373,D02,Jabem,S04 ,Kaiapit,P01 ,Wantun,K02 ,Singas
374,D02,Jabem,S04 ,Kaiapit,P01 ,Wantun,K03 ,Awan
375,D02,Jabem,S04 ,Kaiapit,P01 ,Wantun,K04 ,Onga
376,D02,Jabem,S04 ,Kaiapit,P01 ,Wantun,K05 ,Ngarubuain
377,D02,Jabem,S04 ,Kaiapit,P01 ,Wantun,K06 ,Ziaz
378,D02,Jabem,S04 ,Kaiapit,P02 ,Afa,K01 ,Yasru
379,D02,Jabem,S04 ,Kaiapit,P02 ,Afa,K02 ,Kapakaus
380,D02,Jabem,S04 ,Kaiapit,P02 ,Afa,K03 ,Sianga Urint
381,D02,Jabem,S04 ,Kaiapit,P02 ,Afa,K04 ,Imani
382,D02,Jabem,S04 ,Kaiapit,P02 ,Afa,K05 ,Waisaram
383,D02,Jabem,S04 ,Kaiapit,P02 ,Afa,K06 ,Tapa Kainantu
384,D02,Jabem,S04 ,Kaiapit,P03 ,Kisim Bek (Umi),K01 ,Mitsing tari
385,D02,Jabem,S04 ,Kaiapit,P03 ,Kisim Bek (Umi),K02 ,Marafau
386,D02,Jabem,S04 ,Kaiapit,P03 ,Kisim Bek (Umi),K03 ,Zumara 1
387,D02,Jabem,S04 ,Kaiapit,P03 ,Kisim Bek (Umi),K04 ,Zumara 2
388,D02,Jabem,S04 ,Kaiapit,P04 ,Yangkwan,K01 ,Rumpa
389,D02,Jabem,S04 ,Kaiapit,P04 ,Yangkwan,K02 ,Bawa
390,D02,Jabem,S04 ,Kaiapit,P04 ,Yangkwan,K03 ,Hingia
391,D02,Jabem,S04 ,Kaiapit,P04 ,Yangkwan,K04 ,Gusap
392,D02,Jabem,S04 ,Kaiapit,P04 ,Yangkwan,K05 ,Marabuai
393,D02,Jabem,S04 ,Kaiapit,P05 ,St. Ketulam (Yawa),K01 ,Kapra
394,D02,Jabem,S04 ,Kaiapit,P05 ,St. Ketulam (Yawa),K02 ,Rangkuian
395,D02,Jabem,S04 ,Kaiapit,P05 ,St. Ketulam (Yawa),K03 ,Numbugu
396,D02,Jabem,S04 ,Kaiapit,P05 ,St. Ketulam (Yawa),K04 ,Samura
397,D02,Jabem,S04 ,Kaiapit,P05 ,St. Ketulam (Yawa),K05 ,Benahe
398,D02,Jabem,S04 ,Kaiapit,P06 ,Yarus,K01 ,Nawantmaran
399,D02,Jabem,S04 ,Kaiapit,P06 ,Yarus,K02 ,Amari
400,D02,Jabem,S04 ,Kaiapit,P06 ,Yarus,K03 ,Samaran
401,D02,Jabem,S04 ,Kaiapit,P06 ,Yarus,K04 ,Yampua
402,D02,Jabem,S04 ,Kaiapit,P06 ,Yarus,K05 ,Da-antap
403,D02,Jabem,S04 ,Kaiapit,P07 ,St. Josia,K01 ,St. Kituram
404,D02,Jabem,S04 ,Kaiapit,P07 ,St. Josia,K02 ,Bio
405,D02,Jabem,S04 ,Kaiapit,P07 ,St. Josia,K03 ,Banai
406,D02,Jabem,S04 ,Kaiapit,P07 ,St. Josia,K04 ,Dakarawa
407,D02,Jabem,S04 ,Kaiapit,P07 ,St. Josia,K05 ,Yawa
408,D02,Jabem,S04 ,Kaiapit,P08 ,Betel,K01 ,Maiam Zariang
409,D02,Jabem,S04 ,Kaiapit,P08 ,Betel,K02 ,Ngaruzaniang
410,D02,Jabem,S04 ,Kaiapit,P08 ,Betel,K03 ,Gainarun
411,D02,Jabem,S04 ,Kaiapit,P08 ,Betel,K04 ,Tauf Mura
412,D02,Jabem,S04 ,Kaiapit,P08 ,Betel,K05 ,Guzuap
413,D02,Jabem,S04 ,Kaiapit,P08 ,Betel,K06 ,Yanuf Bantur
414,D02,Jabem,S04 ,Kaiapit,P08 ,Betel,K07 ,Intsi
415,D02,Jabem,S04 ,Kaiapit,P09 ,Yati,K01 ,Wankung
416,D02,Jabem,S04 ,Kaiapit,P09 ,Yati,K02 ,Ragian
417,D02,Jabem,S04 ,Kaiapit,P09 ,Yati,K03 ,Ragizumang
418,D02,Jabem,S04 ,Kaiapit,P09 ,Yati,K04 ,Ragizaria
419,D02,Jabem,S04 ,Kaiapit,P09 ,Yati,K05 ,Watarais
420,D02,Jabem,S04 ,Kaiapit,P09 ,Yati,K06 ,Marawasa
421,D02,Jabem,S04 ,Kaiapit,P09 ,Yati,K07 ,Marasasa
422,D02,Jabem,S04 ,Kaiapit,P10 ,Gama,K01 ,Mutzing Sampubangin
423,D02,Jabem,S04 ,Kaiapit,P10 ,Gama,K02 ,Datou Mufins
424,D02,Jabem,S04 ,Kaiapit,P10 ,Gama,K03 ,Wampua
425,D02,Jabem,S04 ,Kaiapit,P10 ,Gama,K04 ,Sauf Arifran
426,D02,Jabem,S04 ,Kaiapit,P10 ,Gama,K05 ,Zumin 1
427,D02,Jabem,S04 ,Kaiapit,P10 ,Gama,K06 ,Zumn 2
428,D02,Jabem,S04 ,Kaiapit,P10 ,Gama,K07 ,Anga Afiang
429,D02,Jabem,S04 ,Kaiapit,P11 ,Gugurup,K01 ,Ufuaf
430,D02,Jabem,S04 ,Kaiapit,P11 ,Gugurup,K02 ,Sauruan
431,D02,Jabem,S04 ,Kaiapit,P11 ,Gugurup,K03 ,Ragidumpiat
432,D02,Jabem,S04 ,Kaiapit,P12 ,Guruf,K01 ,Yatsing
433,D02,Jabem,S04 ,Kaiapit,P12 ,Guruf,K02 ,Izingants
434,D02,Jabem,S04 ,Kaiapit,P12 ,Guruf,K03 ,Guruf
435,D02,Jabem,S04 ,Kaiapit,P12 ,Guruf,K04 ,Antil
436,D02,Jabem,S04 ,Kaiapit,P12 ,Guruf,K05 ,Yanuf 
437,D02,Jabem,S04 ,Kaiapit,P12 ,Guruf,K06 ,Naruwain
438,D02,Jabem,S05 ,Kainantiba,P01 ,Apataiwa,K01 ,Apataiwa
439,D02,Jabem,S05 ,Kainantiba,P01 ,Apataiwa,K02 ,Yoi
440,D02,Jabem,S05 ,Kainantiba,P01 ,Apataiwa,K03 ,Wapi
441,D02,Jabem,S05 ,Kainantiba,P01 ,Apataiwa,K04 ,Paiya
442,D02,Jabem,S05 ,Kainantiba,P01 ,Apataiwa,K05 ,Imewelu
443,D02,Jabem,S05 ,Kainantiba,P01 ,Apataiwa,K06 ,Kamaini
444,D02,Jabem,S05 ,Kainantiba,P01 ,Apataiwa,K07 ,Wiawo
445,D02,Jabem,S05 ,Kainantiba,P02 ,Apataiwa,K01 ,Ikose
446,D02,Jabem,S05 ,Kainantiba,P02 ,Kawaini,K02 ,Tembit
447,D02,Jabem,S05 ,Kainantiba,P02 ,Kawaini,K03 ,Hakia
448,D02,Jabem,S05 ,Kainantiba,P02 ,Kawaini,K04 ,Kaitanga
449,D02,Jabem,S05 ,Kainantiba,P02 ,Kawaini,K05 ,Yambona
450,D02,Jabem,S05 ,Kainantiba,P03 ,Ambuini,K01 ,Ambuini
451,D02,Jabem,S05 ,Kainantiba,P03 ,Ambuini,K02 ,Wembango
452,D02,Jabem,S05 ,Kainantiba,P03 ,Ambuini,K03 ,Ambia
453,D02,Jabem,S05 ,Kainantiba,P03 ,Ambuini,K04 ,Titamng
454,D02,Jabem,S05 ,Kainantiba,P03 ,Ambuini,K05 ,Kaingo
455,D02,Jabem,S05 ,Kainantiba,P04 ,Tauri,K01 ,Karanao
456,D02,Jabem,S05 ,Kainantiba,P04 ,Tauri,K02 ,Hatamanoe
457,D02,Jabem,S05 ,Kainantiba,P04 ,Tauri,K03 ,Sombiawa
458,D02,Jabem,S05 ,Kainantiba,P04 ,Tauri,K04 ,Ipaya
459,D02,Jabem,S05 ,Kainantiba,P04 ,Tauri,K05 ,Umdanu
460,D02,Jabem,S05 ,Kainantiba,P04 ,Tauri,K06 ,hatapaiwa
461,D02,Jabem,S05 ,Kainantiba,P04 ,Tauri,K07 ,Nanga paiwa
462,D02,Jabem,S05 ,Kainantiba,P04 ,Tauri,K08 ,Ania
463,D02,Jabem,S05 ,Kainantiba,P04 ,Tauri,K09 ,Yandati
464,D02,Jabem,S05 ,Kainantiba,P04 ,Tauri,K10 ,Uju
465,D02,Jabem,S05 ,Kainantiba,P04 ,Tauri,K11 ,Hologe
466,D02,Jabem,S05 ,Kainantiba,P04 ,Tauri,K12 ,Kopiawo
467,D02,Jabem,S05 ,Kainantiba,P04 ,Tauri,K13 ,Naina
468,D02,Jabem,S05 ,Kainantiba,P04 ,Tauri,K14 ,Heungua
469,D02,Jabem,S05 ,Kainantiba,P04 ,Tauri,K15 ,Pau
470,D02,Jabem,S05 ,Kainantiba,P04 ,Tauri,K16 ,Imaniba
471,D02,Jabem,S05 ,Kainantiba,P04 ,Tauri,K17 ,Iwaina
472,D02,Jabem,S05 ,Kainantiba,P04 ,Tauri,K18 ,Awakawa
473,D02,Jabem,S06 ,Lae City,P03 ,Wanbel,K01 ,Grin
474,D02,Jabem,S06 ,Lae City,P03 ,Wanbel,K02 ,Blu
475,D02,Jabem,S06 ,Lae City,P03 ,Wanbel,K03 ,Braun
476,D02,Jabem,S06 ,Lae City,P03 ,Wanbel,K04 ,Yello
477,D02,Jabem,S06 ,Lae City,P06 ,Kaisa,K01 ,Grup 1
478,D02,Jabem,S06 ,Lae City,P06 ,Kaisa,K02 ,Grup 2
479,D02,Jabem,S06 ,Lae City,P06 ,Kaisa,K03 ,Grup 3
480,D02,Jabem,S06 ,Lae City,P09 ,St. Timothy,K01 ,Pikinini Mumeng
481,D02,Jabem,S06 ,Lae City,P09 ,,K02 ,Kate
482,D02,Jabem,S06 ,Lae City,P09 ,,K03 ,Gidisa
483,D02,Jabem,S06 ,Lae City,P13 ,Busu,K01 ,Busu
484,D02,Jabem,S06 ,Lae City,P13 ,Busu,K02 ,Poasang
485,D02,Jabem,S06 ,Lae City,P13 ,Busu,K03 ,Tohem
486,D02,Jabem,S06 ,Lae City,P13 ,Busu,K04 ,Kirap Bek
487,D02,Jabem,S06 ,Lae City,P13 ,Busu,K05 ,Marham
488,D02,Jabem,S06 ,Lae City,P13 ,Busu,K06 ,Boana
489,D02,Jabem,S06 ,Lae City,P14 ,Redeemer,K01 ,Komesel
490,D02,Jabem,S06 ,Lae City,P14 ,Redeemer,K02 ,Kate
491,D02,Jabem,S06 ,Lae City,P14 ,Redeemer,K03 ,Hube Memorial
492,D02,Jabem,S06 ,Lae City,P16 ,Resurrection,K01 ,Resurrection
493,D02,Jabem,S06 ,Lae City,P16 ,Resurrection,K02 ,Budabut
494,D02,Jabem,S07 ,Lae ,P01 ,St. Steven,K01 ,Kemen
495,D02,Jabem,S07 ,Lae ,P01 ,St. Steven,K02 ,Bambok
496,D02,Jabem,S07 ,Lae ,P01 ,St. Steven,K03 ,Lambaip
497,D02,Jabem,S07 ,Lae ,P01 ,St. Steven,K04 ,Kwewiling
498,D02,Jabem,S07 ,Lae ,P02 ,St. Mathew,K01 ,Yalu
499,D02,Jabem,S07 ,Lae ,P02 ,St. Mathew,K02 ,Emmanuel
500,D02,Jabem,S07 ,Lae ,P02 ,St. Mathew,K03 ,Wara Kalap
501,D02,Jabem,S07 ,Lae ,P03 ,St. Hiob,K01 ,Monakasat
502,D02,Jabem,S07 ,Lae ,P03 ,St. Hiob,K02 ,Tunam
503,D02,Jabem,S07 ,Lae ,P03 ,St. Hiob,K03 ,Gumbum
504,D02,Jabem,S07 ,Lae ,P03 ,St. Hiob,K04 ,Karau
505,D02,Jabem,S07 ,Lae ,P03 ,St. Hiob,K05 ,Nambut
506,D02,Jabem,S07 ,Lae ,P04 ,Schmutterer,K01 ,Busu Mountain
507,D02,Jabem,S07 ,Lae ,P04 ,Schmutterer,K02 ,Bumbi
508,D02,Jabem,S07 ,Lae ,P04 ,Schmutterer,K03 ,Poahom
509,D02,Jabem,S07 ,Lae ,P04 ,Schmutterer,K04 ,Musamu
510,D02,Jabem,S07 ,Lae ,P04 ,Schmutterer,K05 ,Laskunai
511,D02,Jabem,S07 ,Lae ,P05 ,St. Philips,K01 ,Gejamalu
512,D02,Jabem,S07 ,Lae ,P05 ,St. Philips,K02 ,Seken Seven
513,D02,Jabem,S07 ,Lae ,P05 ,St. Philips,K03 ,Hobu
514,D02,Jabem,S07 ,Lae ,P05 ,St. Philips,K04 ,Sios Graun
515,D02,Jabem,S07 ,Lae ,P05 ,St. Philips,K05 ,Kamsiling
516,D02,Jabem,S07 ,Lae ,P05 ,St. Philips,K06 ,Abong
517,D02,Jabem,S07 ,Lae ,P05 ,St. Philips,K07 ,Bumayong
518,D02,Jabem,S07 ,Lae ,P06 ,Poaba,K01 ,Poaba
519,D02,Jabem,S07 ,Lae ,P06 ,Poaba,K02 ,Dedua
520,D02,Jabem,S07 ,Lae ,P06 ,Poaba,K03 ,Sembaziwaari
521,D02,Jabem,S07 ,Lae ,P07 ,St. Peter,K01 ,Musom
522,D02,Jabem,S07 ,Lae ,P07 ,St. Peter,K02 ,Kopsanek
523,D02,Jabem,S07 ,Lae ,P07 ,St. Peter,K03 ,Gawam
524,D02,Jabem,S07 ,Lae ,P07 ,St. Peter,K04 ,Goabadik
525,D02,Jabem,S07 ,Lae ,P08 ,St. Andrews,K01 ,Kamkumung
526,D02,Jabem,S07 ,Lae ,P08 ,St. Andrews,K02 ,Hengali
527,D02,Jabem,S07 ,Lae ,P08 ,St. Andrews,K03 ,Butibam
528,D02,Jabem,S07 ,Lae ,P08 ,St. Andrews,K04 ,Wakang
529,D02,Jabem,S07 ,Lae ,P08 ,St. Andrews,K05 ,Yanga
530,D02,Jabem,S07 ,Lae ,P08 ,St. Andrews,K06 ,St. Flierl (Asu)
531,D02,Jabem,S07 ,Lae ,P08 ,St. Andrews,K07 ,English Service
532,D02,Jabem,S07 ,Lae ,P08 ,St. Andrews,K08 ,Laip Lait
533,D02,Jabem,S07 ,Lae ,P08 ,St. Andrews,K09 ,Gurang?
534,D02,Jabem,S08 ,Laulu,P01 ,St. Solomon,K01 ,Kaisia
535,D02,Jabem,S08 ,Laulu,P01 ,St. Solomon,K02 ,Hobu - Buko
536,D02,Jabem,S08 ,Laulu,P01 ,St. Solomon,K03 ,Mosom Tale
537,D02,Jabem,S08 ,Laulu,P01 ,St. Solomon,K04 ,Tamu
538,D02,Jabem,S08 ,Laulu,P01 ,St. Solomon,K05 ,Tikeleng
539,D02,Jabem,S08 ,Laulu,P01 ,St. Solomon,K06 ,Talec
540,D02,Jabem,S08 ,Laulu,P01 ,St. Solomon,K07 ,Tengteng (Bulep)
541,D02,Jabem,S08 ,Laulu,P01 ,St. Solomon,K08 ,Umata Interim
542,D02,Jabem,S08 ,Laulu,P02 ,Situm,K01 ,Memorial
543,D02,Jabem,S08 ,Laulu,P02 ,Situm,K02 ,Flierl
544,D02,Jabem,S08 ,Laulu,P02 ,Situm,K03 ,Emmanuel
545,D02,Jabem,S08 ,Laulu,P02 ,Situm,K04 ,Senior
546,D02,Jabem,S08 ,Laulu,P02 ,Situm,K05 ,Magu
547,D02,Jabem,S08 ,Laulu,P02 ,Situm,K06 ,Bel
548,D02,Jabem,S08 ,Laulu,P03 ,Apo,K01 ,Singaua
549,D02,Jabem,S08 ,Laulu,P03 ,Apo,K02 ,Apo
550,D02,Jabem,S08 ,Laulu,P03 ,Apo,K03 ,Aluki
551,D02,Jabem,S08 ,Laulu,P04 ,Wagang,K01 ,Wagang
552,D02,Jabem,S08 ,Laulu,P04 ,Wagang,K02 ,Busu
553,D02,Jabem,S08 ,Laulu,P04 ,Wagang,K03 ,Buhalu
554,D02,Jabem,S08 ,Laulu,P05 ,Mesem,K01 ,Melampipi
555,D02,Jabem,S08 ,Laulu,P05 ,Mesem,K02 ,Kwamung
556,D02,Jabem,S08 ,Laulu,P05 ,Mesem,K03 ,Nomeng
557,D02,Jabem,S08 ,Laulu,P05 ,Mesem,K04 ,Busung
558,D02,Jabem,S08 ,Laulu,P05 ,Mesem,K05 ,Zezengi
559,D02,Jabem,S08 ,Laulu,P05 ,Mesem,K06 ,Momolili
560,D02,Jabem,S09 ,Malalo,P01 ,Miya,K01 ,Apa Yamap
561,D02,Jabem,S09 ,Malalo,P01 ,Miya,K02 ,Bobodem
562,D02,Jabem,S09 ,Malalo,P01 ,Miya,K03 ,Musim
563,D02,Jabem,S09 ,Malalo,P01 ,Miya,K04 ,Katembing
564,D02,Jabem,S09 ,Malalo,P01 ,Miya,K05 ,Bubudun
565,D02,Jabem,S09 ,Malalo,P02 ,Banuya,K01 ,Meeting
566,D02,Jabem,S09 ,Malalo,P02 ,Banuya,K02 ,Fiyabo
567,D02,Jabem,S09 ,Malalo,P02 ,Banuya,K03 ,Dewang
568,D02,Jabem,S09 ,Malalo,P02 ,Banuya,K04 ,Jamendum
569,D02,Jabem,S09 ,Malalo,P02 ,Banuya,K05 ,Banuwe
570,D02,Jabem,S09 ,Malalo,P03 ,Ho,K01 ,Baidum
571,D02,Jabem,S09 ,Malalo,P03 ,Ho,K02 ,Naladik
572,D02,Jabem,S09 ,Malalo,P03 ,Ho,K03 ,Doho
573,D02,Jabem,S09 ,Malalo,P03 ,Ho,K04 ,Jimli
574,D02,Jabem,S09 ,Malalo,P03 ,Ho,K05 ,Pobua
575,D02,Jabem,S09 ,Malalo,P03 ,Ho,K06 ,Dorong
576,D02,Jabem,S09 ,Malalo,P04 ,Mubo,K01 ,Wapali
577,D02,Jabem,S09 ,Malalo,P04 ,Mubo,K02 ,Mubo
578,D02,Jabem,S09 ,Malalo,P04 ,Mubo,K03 ,Godokasul
579,D02,Jabem,S09 ,Malalo,P05 ,Kamiatam,K01 ,Kamiatam
580,D02,Jabem,S09 ,Malalo,P05 ,Kamiatam,K02 ,Popdubi
581,D02,Jabem,S09 ,Malalo,P06 ,Wabubu,K01 ,Bumatu
582,D02,Jabem,S09 ,Malalo,P06 ,Wabubu,K02 ,Buasi
583,D02,Jabem,S09 ,Malalo,P06 ,Wabubu,K03 ,Wakop
584,D02,Jabem,S09 ,Malalo,P07 ,Kesiwaga,K01 ,Awasa 
585,D02,Jabem,S09 ,Malalo,P07 ,Kesiwaga,K02 ,Lutu
586,D02,Jabem,S09 ,Malalo,P07 ,Kesiwaga,K03 ,Gwado
587,D02,Jabem,S09 ,Malalo,P08 ,Buakap,K01 ,laukanu
588,D02,Jabem,S09 ,Malalo,P09 ,Malalo,K01 ,Asisi
589,D02,Jabem,S09 ,Malalo,P09 ,Malalo,K02 ,Tabola
590,D02,Jabem,S09 ,Malalo,P09 ,Malalo,K03 ,Wamasi
591,D02,Jabem,S09 ,Malalo,P10 ,Kelamu,K01 ,Laugwi
592,D02,Jabem,S09 ,Malalo,P10 ,Kelamu,K02 ,Kela
593,D02,Jabem,S09 ,Malalo,P10 ,Kelamu,K03 ,Nuknuk
594,D02,Jabem,S09 ,Malalo,P11 ,Kaia (Seyem),K01 ,Lababia
595,D02,Jabem,S09 ,Malalo,P11 ,Kaia (Seyem),K02 ,Salus
596,D02,Jabem,S09 ,Malalo,P11 ,Kaia (Seyem),K03 ,Buansin
597,D02,Jabem,S09 ,Malalo,P11 ,Kaia (Seyem),K04 ,Kelkel
598,D02,Jabem,S09 ,Malalo,P12 ,Bananuwe,K01 ,Busu
599,D02,Jabem,S09 ,Malalo,P12 ,Bananuwe,K02 ,Kuwi
600,D02,Jabem,S09 ,Malalo,P12 ,Bananuwe,K03 ,Siboma
601,D02,Jabem,S09 ,Malalo,P12 ,Bananuwe,K04 ,Paiyawa
602,D02,Jabem,S09 ,Malalo,P13 ,Bater,K01 ,Baidum
603,D02,Jabem,S09 ,Malalo,P13 ,Bater,K02 ,Doho
604,D02,Jabem,S09 ,Malalo,P13 ,Bater,K03 ,Pocmate
605,D02,Jabem,S09 ,Malalo,P13 ,Bater,K04 ,Yemle
606,D02,Jabem,S09 ,Malalo,P13 ,Bater,K05 ,Delong
607,D02,Jabem,S09 ,Malalo,P13 ,Bater,K06 ,Hote
608,D02,Jabem,S10 ,Menyamya,P01 ,Freund Memorial,K01 ,Ami
609,D02,Jabem,S10 ,Menyamya,P01 ,Freund Memorial,K02 ,Engatawa
610,D02,Jabem,S10 ,Menyamya,P01 ,Freund Memorial,K03 ,Hengawa
611,D02,Jabem,S10 ,Menyamya,P01 ,Freund Memorial,K04 ,Karanas
612,D02,Jabem,S10 ,Menyamya,P01 ,Freund Memorial,K05 ,Yekui
613,D02,Jabem,S10 ,Menyamya,P01 ,Freund Memorial,K06 ,Utumi
614,D02,Jabem,S10 ,Menyamya,P01 ,Freund Memorial,K07 ,Qakepe
615,D02,Jabem,S10 ,Menyamya,P01 ,Freund Memorial,K08 ,St. Mark
616,D02,Jabem,S10 ,Menyamya,P01 ,Freund Memorial,K09 ,Eona
617,D02,Jabem,S10 ,Menyamya,P01 ,Freund Memorial,K10 ,Wasua
618,D02,Jabem,S10 ,Menyamya,P01 ,Freund Memorial,K11 ,St. Peter
619,D02,Jabem,S10 ,Menyamya,P02 ,Hengiapa,K01 ,Hanziga
620,D02,Jabem,S10 ,Menyamya,P02 ,Hengiapa,K02 ,Kolomonden
621,D02,Jabem,S10 ,Menyamya,P02 ,Hengiapa,K03 ,Yahepe
622,D02,Jabem,S10 ,Menyamya,P02 ,Hengiapa,K04 ,Aijapa
623,D02,Jabem,S10 ,Menyamya,P02 ,Hengiapa,K05 ,Wapi
624,D02,Jabem,S10 ,Menyamya,P03 ,Konkodia,K01 ,Jiba
625,D02,Jabem,S10 ,Menyamya,P03 ,Konkodia,K02 ,Menve
626,D02,Jabem,S10 ,Menyamya,P03 ,Konkodia,K03 ,Yuenimba
627,D02,Jabem,S10 ,Menyamya,P03 ,Konkodia,K04 ,Koniba
628,D02,Jabem,S10 ,Menyamya,P03 ,Konkodia,K05 ,Nukem
629,D02,Jabem,S10 ,Menyamya,P03 ,Konkodia,K06 ,Yongatakaka
630,D02,Jabem,S10 ,Menyamya,P03 ,Konkodia,K07 ,Kwiavami
631,D02,Jabem,S10 ,Menyamya,P04 ,Wapi,K01 ,Warabung
632,D02,Jabem,S10 ,Menyamya,P04 ,Wapi,K02 ,Wamo
633,D02,Jabem,S10 ,Menyamya,P04 ,Wapi,K03 ,Yawi
634,D02,Jabem,S10 ,Menyamya,P04 ,Wapi,K04 ,Yamapa
635,D02,Jabem,S10 ,Menyamya,P04 ,Wapi,K05 ,Wakaka
636,D02,Jabem,S10 ,Menyamya,P05 ,Himaya,K01 ,Iskomanga
637,D02,Jabem,S10 ,Menyamya,P05 ,Himaya,K02 ,Hequta
638,D02,Jabem,S10 ,Menyamya,P05 ,Himaya,K03 ,Iawi
639,D02,Jabem,S10 ,Menyamya,P05 ,Himaya,K04 ,Savo
640,D02,Jabem,S10 ,Menyamya,P05 ,Himaya,K05 ,Yakepa
641,D02,Jabem,S10 ,Menyamya,P05 ,Himaya,K06 ,Mapakam
642,D02,Jabem,S10 ,Menyamya,P05 ,Himaya,K07 ,Akanja
643,D02,Jabem,S10 ,Menyamya,P06 ,Hakwange,K01 ,Komorasa
644,D02,Jabem,S10 ,Menyamya,P06 ,Hakwange,K02 ,Kunlungli
645,D02,Jabem,S10 ,Menyamya,P07 ,Watama,K01 ,Watama
646,D02,Jabem,S10 ,Menyamya,P07 ,Watama,K02 ,Ketanga
647,D02,Jabem,S10 ,Menyamya,P07 ,Watama,K03 ,Manijao
648,D02,Jabem,S10 ,Menyamya,P07 ,Watama,K04 ,Hansawa
649,D02,Jabem,S10 ,Menyamya,P08 ,St. John,K01 ,Circuit Station
650,D02,Jabem,S10 ,Menyamya,P08 ,St. John,K02 ,High School
651,D02,Jabem,S10 ,Menyamya,P08 ,St. John,K03 ,Haus Kalabus
652,D02,Jabem,S10 ,Menyamya,P08 ,St. John,K04 ,DPI
653,D02,Jabem,S10 ,Menyamya,P08 ,St. John,K05 ,Vocational School
654,D02,Jabem,S10 ,Menyamya,P08 ,St. John,K06 ,Haus Sik
655,D02,Jabem,S10 ,Menyamya,P08 ,St. John,K07 ,Hiwaka
656,D02,Jabem,S10 ,Menyamya,P08 ,St. John,K08 ,Compound
657,D02,Jabem,S10 ,Menyamya,P09 ,Sikong,K01 ,Lius Mem
658,D02,Jabem,S10 ,Menyamya,P09 ,Sikong,K02 ,Jordans Memorial
659,D02,Jabem,S10 ,Menyamya,P09 ,Sikong,K03 ,Kisim Bek
660,D02,Jabem,S10 ,Menyamya,P09 ,Sikong,K04 ,Bethel
661,D02,Jabem,S10 ,Menyamya,P10 ,Kapo,K01 ,Immanuel
662,D02,Jabem,S10 ,Menyamya,P10 ,Kapo,K02 ,Hosjei
663,D02,Jabem,S10 ,Menyamya,P10 ,Kapo,K03 ,Egigi
664,D02,Jabem,S10 ,Menyamya,P10 ,Kapo,K04 ,mewapi (St. Peters Memorial)
665,D02,Jabem,S10 ,Menyamya,P10 ,Kapo,K05 ,Akubungi
666,D02,Jabem,S10 ,Menyamya,P11 ,Tsewi,K01 ,Yakangi
667,D02,Jabem,S10 ,Menyamya,P11 ,Tsewi,K02 ,Pono
668,D02,Jabem,S10 ,Menyamya,P12 ,Kwaplalim,K01 ,Lagei
669,D02,Jabem,S10 ,Menyamya,P12 ,Kwaplalim,K02 ,Nambawan Bridge
670,D02,Jabem,S10 ,Menyamya,P12 ,Kwaplalim,K03 ,Asakundi
671,D02,Jabem,S10 ,Menyamya,P13 ,Jai,K01 ,Minge
672,D02,Jabem,S10 ,Menyamya,P13 ,Jai,K02 ,Kumai
673,D02,Jabem,S11 ,Sangang,P01 ,Saking,K01 ,Fayang
674,D02,Jabem,S11 ,Sangang,P01 ,Saking,K02 ,Sifu
675,D02,Jabem,S11 ,Sangang,P01 ,Saking,K03 ,Siara
676,D02,Jabem,S11 ,Sangang,P01 ,Saking,K04 ,Bogaba
677,D02,Jabem,S11 ,Sangang,P01 ,Saking,K05 ,Rumion Fam
678,D02,Jabem,S11 ,Sangang,P02 ,Saking,K01 ,Rumrinam
679,D02,Jabem,S11 ,Sangang,P02 ,Daum,K02 ,Sukurum
680,D02,Jabem,S11 ,Sangang,P02 ,Daum,K03 ,Gabagiab
681,D02,Jabem,S11 ,Sangang,P02 ,Daum,K04 ,Waraum
682,D02,Jabem,S11 ,Sangang,P02 ,Daum,K05 ,Kupasa
683,D02,Jabem,S11 ,Sangang,P02 ,Daum,K06 ,Traraktarak
684,D02,Jabem,S11 ,Sangang,P02 ,Daum,K07 ,Rumion Fam
685,D02,Jabem,S11 ,Sangang,P03 ,Ngawasi,K01 ,Pukpuk
686,D02,Jabem,S11 ,Sangang,P03 ,Ngawasi,K02 ,Som
687,D02,Jabem,S11 ,Sangang,P03 ,Ngawasi,K03 ,Silasila
688,D02,Jabem,S11 ,Sangang,P03 ,Ngawasi,K04 ,Yuweng
689,D02,Jabem,S11 ,Sangang,P03 ,Ngawasi,K05 ,Wangeto
690,D02,Jabem,S11 ,Sangang,P03 ,Ngawasi,K06 ,Sasiang Fam
691,D02,Jabem,S11 ,Sangang,P04 ,St. Steven,K01 ,Mangiang
692,D02,Jabem,S11 ,Sangang,P04 ,St. Steven,K02 ,Binimamp
693,D02,Jabem,S11 ,Sangang,P04 ,St. Steven,K03 ,Urai
694,D02,Jabem,S11 ,Sangang,P04 ,St. Steven,K04 ,Marikus
695,D02,Jabem,S11 ,Sangang,P04 ,St. Steven,K05 ,Ngarubu Ramp
696,D02,Jabem,S11 ,Sangang,P04 ,St. Steven,K06 ,Itsir
697,D02,Jabem,S11 ,Sangang,P04 ,St. Steven,K07 ,Guarug
698,D02,Jabem,S11 ,Sangang,P04 ,St. Steven,K08 ,Marabuma
699,D02,Jabem,S11 ,Sangang,P04 ,St. Steven,K09 ,Zumpiatun
700,D02,Jabem,S11 ,Sangang,P05 ,St. Paul,K01 ,Siriwarang
701,D02,Jabem,S11 ,Sangang,P05 ,St. Paul,K02 ,Riara
702,D02,Jabem,S11 ,Sangang,P05 ,St. Paul,K03 ,Leron Fam
703,D02,Jabem,S11 ,Sangang,P05 ,St. Paul,K04 ,Zumanggurun
704,D02,Jabem,S11 ,Sangang,P05 ,St. Paul,K05 ,Bagaeang
705,D02,Jabem,S11 ,Sangang,P05 ,St. Paul,K06 ,Wafibampun
706,D02,Jabem,S12 ,Wampar,P01 ,Waswas,K01 ,Waswas
707,D02,Jabem,S12 ,Wampar,P01 ,Waswas,K02 ,Zeneb
708,D02,Jabem,S12 ,Wampar,P01 ,Waswas,K03 ,Malalanko
709,D02,Jabem,S12 ,Wampar,P02 ,St. Ben,K01 ,Malarena
710,D02,Jabem,S12 ,Wampar,P02 ,St. Ben,K02 ,Beseng
711,D02,Jabem,S12 ,Wampar,P02 ,St. Ben,K03 ,Wampan
712,D02,Jabem,S12 ,Wampar,P02 ,St. Ben,K04 ,Mazim
713,D02,Jabem,S12 ,Wampar,P02 ,St. Ben,K05 ,Kapungnung
714,D02,Jabem,S12 ,Wampar,P03 ,St. Timothy,K01 ,Uruf
715,D02,Jabem,S12 ,Wampar,P03 ,St. Timothy,K02 ,Mafanazo
716,D02,Jabem,S12 ,Wampar,P03 ,St. Timothy,K03 ,Morom
717,D02,Jabem,S12 ,Wampar,P04 ,St. Titus,K01 ,Zifasing
718,D02,Jabem,S12 ,Wampar,P04 ,St. Titus,K02 ,Tararan
719,D02,Jabem,S12 ,Wampar,P04 ,St. Titus,K03 ,Noa/Naropraf
720,D02,Jabem,S12 ,Wampar,P05 ,Erap,K01 ,Naromanki
721,D02,Jabem,S12 ,Wampar,P05 ,Erap,K02 ,Bobong
722,D02,Jabem,S12 ,Wampar,P05 ,Erap,K03 ,Markham Fam
723,D02,Jabem,S12 ,Wampar,P06 ,Sampi,K01 ,Gabosonkeg
724,D02,Jabem,S12 ,Wampar,P06 ,Sampi,K02 ,Nasuapum
725,D02,Jabem,S12 ,Wampar,P06 ,Sampi,K03 ,Nunun
726,D02,Jabem,S12 ,Wampar,P06 ,Sampi,K04 ,Banzaing
727,D02,Jabem,S12 ,Wampar,P07 ,Saga,K01 ,Mare
728,D02,Jabem,S12 ,Wampar,P07 ,Saga,K02 ,Wampit
729,D02,Jabem,S12 ,Wampar,P07 ,Saga,K03 ,Gabansis
730,D02,Jabem,S12 ,Wampar,P07 ,Saga,K04 ,Ziats
731,D02,Jabem,S13 ,Wantoat,P01 ,Awara (Kulang),K01 ,Solomon
732,D02,Jabem,S13 ,Wantoat,P01 ,Awara (Kulang),K02 ,Gikasit
733,D02,Jabem,S13 ,Wantoat,P01 ,Awara (Kulang),K03 ,Tamoyang
734,D02,Jabem,S13 ,Wantoat,P01 ,Awara (Kulang),K04 ,Mataya
735,D02,Jabem,S13 ,Wantoat,P01 ,Awara (Kulang),K05 ,Sakapan
736,D02,Jabem,S13 ,Wantoat,P01 ,Awara (Kulang),K06 ,Hikwang
737,D02,Jabem,S13 ,Wantoat,P01 ,Awara (Kulang),K07 ,St. Josep
738,D02,Jabem,S13 ,Wantoat,P01 ,Awara (Kulang),K08 ,Matak
739,D02,Jabem,S13 ,Wantoat,P01 ,Awara (Kulang),K09 ,Yanoli (Gimia)
740,D02,Jabem,S13 ,Wantoat,P01 ,Awara (Kulang),K10 ,Bilom
741,D02,Jabem,S13 ,Wantoat,P01 ,Awara (Kulang),K11 ,Hibru
742,D02,Jabem,S13 ,Wantoat,P01 ,Awara (Kulang),K12 ,St. Kipu (Yapulak)
743,D02,Jabem,S13 ,Wantoat,P01 ,Awara (Kulang),K13 ,St. Abraham
744,D02,Jabem,S13 ,Wantoat,P01 ,Awara (Kulang),K14 ,Kanayek
745,D02,Jabem,S13 ,Wantoat,P02 ,Bumbum,K01 ,Bumbun 1
746,D02,Jabem,S13 ,Wantoat,P02 ,Bumbum,K02 ,Bumbun 2
747,D02,Jabem,S13 ,Wantoat,P02 ,Bumbum,K03 ,Zayakwen
748,D02,Jabem,S13 ,Wantoat,P02 ,Bumbum,K04 ,Giopompi
749,D02,Jabem,S13 ,Wantoat,P02 ,Bumbum,K05 ,Dapunzit
750,D02,Jabem,S13 ,Wantoat,P02 ,Bumbum,K06 ,Akomna
751,D02,Jabem,S13 ,Wantoat,P02 ,Bumbum,K07 ,Yiangdaka
752,D02,Jabem,S13 ,Wantoat,P02 ,Bumbum,K08 ,Kesaut
753,D02,Jabem,S13 ,Wantoat,P02 ,Bumbum,K09 ,Gapmapa
754,D02,Jabem,S13 ,Wantoat,P02 ,Bumbum,K10 ,Wabung
755,D02,Jabem,S13 ,Wantoat,P02 ,Bumbum,K11 ,Kanggandaka
756,D02,Jabem,S13 ,Wantoat,P03 ,Bungam,K01 ,Kamang
757,D02,Jabem,S13 ,Wantoat,P03 ,Bungam,K02 ,Warabung
758,D02,Jabem,S13 ,Wantoat,P03 ,Bungam,K03 ,kandumi
759,D02,Jabem,S13 ,Wantoat,P03 ,Bungam,K04 ,Bungam
760,D02,Jabem,S13 ,Wantoat,P03 ,Bungam,K05 ,Ewok
761,D02,Jabem,S13 ,Wantoat,P03 ,Bungam,K06 ,Kikiepa
762,D02,Jabem,S13 ,Wantoat,P04 ,Waga,K01 ,Gatabon
763,D02,Jabem,S13 ,Wantoat,P04 ,Waga,K02 ,Gumiya
764,D02,Jabem,S13 ,Wantoat,P04 ,Waga,K03 ,Tamae
765,D02,Jabem,S13 ,Wantoat,P04 ,Waga,K04 ,Dangaman
766,D02,Jabem,S13 ,Wantoat,P04 ,Waga,K05 ,Zuepak
767,D02,Jabem,S13 ,Wantoat,P04 ,Waga,K06 ,Daku
768,D02,Jabem,S13 ,Wantoat,P04 ,Waga,K07 ,Uyanget
769,D02,Jabem,S13 ,Wantoat,P04 ,Waga,K08 ,Wundate
770,D02,Jabem,S13 ,Wantoat,P04 ,Waga,K09 ,Sarawak
771,D02,Jabem,S13 ,Wantoat,P05 ,Muba,K01 ,Uyam
772,D02,Jabem,S13 ,Wantoat,P05 ,Muba,K02 ,Bakabaku
773,D02,Jabem,S13 ,Wantoat,P05 ,Muba,K03 ,Kosan
774,D02,Jabem,S13 ,Wantoat,P05 ,Muba,K04 ,Zangurak
775,D02,Jabem,S13 ,Wantoat,P05 ,Muba,K05 ,Kupung
776,D02,Jabem,S13 ,Wantoat,P05 ,Muba,K06 ,Piung
777,D02,Jabem,S13 ,Wantoat,P05 ,Muba,K07 ,Gwapitz
778,D02,Jabem,S13 ,Wantoat,P05 ,Muba,K08 ,Gekaang
779,D02,Jabem,S13 ,Wantoat,P05 ,Muba,K09 ,Sengapan
780,D02,Jabem,S13 ,Wantoat,P05 ,Muba,K10 ,Taput
781,D02,Jabem,S13 ,Wantoat,P05 ,Muba,K11 ,Zapapweng
782,D02,Jabem,S13 ,Wantoat,P05 ,Muba,K12 ,Yangakop
783,D02,Jabem,S13 ,Wantoat,P05 ,Muba,K13 ,Zukaman
784,D02,Jabem,S13 ,Wantoat,P06 ,Liki,K01 ,Yaparingau
785,D02,Jabem,S13 ,Wantoat,P06 ,Liki,K02 ,Etaut
786,D02,Jabem,S13 ,Wantoat,P06 ,Liki,K03 ,Dolem
787,D02,Jabem,S13 ,Wantoat,P06 ,Liki,K04 ,Gwanbobwak
788,D02,Jabem,S13 ,Wantoat,P06 ,Liki,K05 ,Gaawam
789,D02,Jabem,S13 ,Wantoat,P06 ,Liki,K06 ,Wantoat Station
790,D02,Jabem,S13 ,Wantoat,P06 ,Liki,K07 ,Kongaim
791,D02,Jabem,S13 ,Wantoat,P06 ,Liki,K08 ,Atawakap
792,D02,Jabem,S13 ,Wantoat,P07 ,Matap,K01 ,Umbaku
793,D02,Jabem,S13 ,Wantoat,P07 ,Matap,K02 ,Matap
794,D02,Jabem,S13 ,Wantoat,P07 ,Matap,K03 ,Wamamban
795,D02,Jabem,S13 ,Wantoat,P07 ,Matap,K04 ,St. Joshua
796,D02,Jabem,S13 ,Wantoat,P07 ,Matap,K05 ,Arawek
797,D02,Jabem,S13 ,Wantoat,P07 ,Matap,K06 ,Gaongbaku
798,D02,Jabem,S13 ,Wantoat,P08 ,Gibua,K01 ,Suatadaka
799,D02,Jabem,S13 ,Wantoat,P08 ,Gibua,K02 ,Puram
800,D02,Jabem,S13 ,Wantoat,P08 ,Gibua,K03 ,Ginunga
801,D02,Jabem,S13 ,Wantoat,P08 ,Gibua,K04 ,Samsam
802,D02,Jabem,S13 ,Wantoat,P08 ,Gibua,K05 ,Bukawe
803,D02,Jabem,S13 ,Wantoat,P08 ,Gibua,K06 ,Kusipalang
804,D02,Jabem,S13 ,Wantoat,P08 ,Gibua,K07 ,Tamaman
805,D02,Jabem,S13 ,Wantoat,P08 ,Gibua,K08 ,Asindau
806,D02,Jabem,S14 ,Jabem,P01 ,Simbang,K01 ,Kamlawa
807,D02,Jabem,S14 ,Jabem,P01 ,Simbang,K02 ,Kolem
808,D02,Jabem,S14 ,Jabem,P01 ,Simbang,K03 ,Simbang
809,D02,Jabem,S14 ,Jabem,P01 ,Simbang,K04 ,Godowa
810,D02,Jabem,S14 ,Jabem,P02 ,Gingala,K01 ,Gingala
811,D02,Jabem,S14 ,Jabem,P02 ,Gingala,K02 ,Bugaim
812,D02,Jabem,S14 ,Jabem,P03 ,Obasiga,K01 ,Ngasingalatu
813,D02,Jabem,S14 ,Jabem,P03 ,Obasiga,K02 ,Kwalamsam
814,D02,Jabem,S14 ,Jabem,P04 ,Gaso,K01 ,Gawenglabu
815,D02,Jabem,S14 ,Jabem,P04 ,Gaso,K02 ,Sokaneng
816,D02,Jabem,S14 ,Jabem,P05 ,Buma,K01 ,Busiga
817,D02,Jabem,S14 ,Jabem,P05 ,Buma,K02 ,Mange
818,D02,Jabem,S14 ,Jabem,P06 ,Malasiga,K01 ,Malasiga
819,D02,Jabem,S14 ,Jabem,P06 ,Malasiga,K02 ,Kasanga
820,D02,Jabem,S14 ,Jabem,P06 ,Malasiga,K03 ,Wanam
821,D02,Jabem,S14 ,Jabem,P06 ,Malasiga,K04 ,Kalang
822,D02,Jabem,S14 ,Jabem,P07 ,Finschaffen Urban,K01 ,Butaweng
823,D02,Jabem,S14 ,Jabem,P07 ,Finschaffen Urban,K02 ,Gagidu Stesen
824,D02,Jabem,S14 ,Jabem,P07 ,Finschaffen Urban,K03 ,Dregahafen
825,D02,Jabem,S14 ,Jabem,P07 ,Finschaffen Urban,K04 ,Logaweng
826,D03,Madang,S01 ,Amele,P01 ,Nobonob,K01 ,Guntabag
827,D03,Madang,S01 ,Amele,P01 ,Nobonob,K02 ,Belan
828,D03,Madang,S01 ,Amele,P01 ,Nobonob,K03 ,Med
829,D03,Madang,S01 ,Amele,P01 ,Nobonob,K04 ,Wagi
830,D03,Madang,S01 ,Amele,P02 ,Bel,K01 ,Riwo
831,D03,Madang,S01 ,Amele,P02 ,Bel,K02 ,Siar
832,D03,Madang,S01 ,Amele,P02 ,Bel,K03 ,Bilia
833,D03,Madang,S01 ,Amele,P02 ,Bel,K04 ,Kranget
834,D03,Madang,S01 ,Amele,P02 ,Bel,K05 ,Yabob
835,D03,Madang,S01 ,Amele,P05 ,Marik,K01 ,Bamri
836,D03,Madang,S01 ,Amele,P05 ,Marik,K02 ,Didwara
837,D03,Madang,S01 ,Amele,P05 ,Marik,K03 ,Atom
838,D03,Madang,S01 ,Amele,P05 ,Marik,K04 ,Gonowa
839,D03,Madang,S01 ,Amele,P05 ,Marik,K05 ,Derin
840,D03,Madang,S01 ,Amele,P05 ,Marik,K06 ,Burr
841,D03,Madang,S01 ,Amele,P05 ,Marik,K07 ,Tadup
842,D03,Madang,S01 ,Amele,P06 ,Banub,K01 ,Gawagu
843,D03,Madang,S01 ,Amele,P06 ,Banub,K02 ,Haya
844,D03,Madang,S01 ,Amele,P06 ,Banub,K03 ,Banub
845,D03,Madang,S01 ,Amele,P06 ,Banub,K04 ,Guond
846,D03,Madang,S01 ,Amele,P06 ,Banub,K05 ,Guu
847,D03,Madang,S01 ,Amele,P07 ,Amele,K01 ,Mesah
848,D03,Madang,S01 ,Amele,P07 ,Amele,K02 ,Sauba
849,D03,Madang,S01 ,Amele,P07 ,Amele,K03 ,Onura
850,D03,Madang,S01 ,Amele,P07 ,Amele,K04 ,Umun
851,D03,Madang,S03 ,Biliau,P01 ,Sangpat,K01 ,Gainda
852,D03,Madang,S03 ,Biliau,P01 ,Sangpat,K02 ,Gasa
853,D03,Madang,S03 ,Biliau,P01 ,Sangpat,K03 ,Mur
854,D03,Madang,S03 ,Biliau,P01 ,Sangpat,K04 ,Yamapa
855,D03,Madang,S03 ,Biliau,P01 ,Sangpat,K05 ,Biriau
856,D03,Madang,S03 ,Biliau,P01 ,Sangpat,K06 ,Wari
857,D03,Madang,S03 ,Biliau,P01 ,Sangpat,K07 ,Singor
858,D03,Madang,S04 ,Begesin,P01 ,Kein,K01 ,Gaseba
859,D03,Madang,S04 ,Begesin,P01 ,Kein,K02 ,Yadus
860,D03,Madang,S04 ,Begesin,P01 ,Kein,K03 ,Jobesa
861,D03,Madang,S04 ,Begesin,P01 ,Kein,K04 ,Wate
862,D03,Madang,S05 ,Kabak,P01 ,Badibug,K01 ,Gegu
863,D03,Madang,S05 ,Kabak,P01 ,Badibug,K02 ,Wassubo
864,D03,Madang,S05 ,Kabak,P01 ,Badibug,K03 ,Tamokot
865,D03,Madang,S05 ,Kabak,P02 ,Bunabun,K01 ,Asumbin
866,D03,Madang,S05 ,Kabak,P02 ,Bunabun,K02 ,Bunabun
867,D03,Madang,S05 ,Kabak,P02 ,Bunabun,K03 ,Garum
868,D03,Madang,S05 ,Kabak,P02 ,Bunabun,K04 ,Tavulte
869,D03,Madang,S05 ,Kabak,P03 ,Nami,K01 ,Kola
870,D03,Madang,S05 ,Kabak,P03 ,Nami,K02 ,Sakidua
871,D03,Madang,S05 ,Kabak,P03 ,Nami,K03 ,Sidua
872,D03,Madang,S05 ,Kabak,P03 ,Nami,K04 ,Inabas
873,D03,Madang,S05 ,Kabak,P03 ,Nami,K05 ,Kara
874,D03,Madang,S05 ,Kabak,P03 ,Nami,K06 ,Bogia Lutheran United
875,D03,Madang,S06 ,Ranara,P02 ,Rau 2,K01 ,Goviro
876,D03,Madang,S06 ,Ranara,P02 ,Rau 2,K02 ,Ninigo
877,D03,Madang,S06 ,Ranara,P02 ,Rau 2,K03 ,Gimaya
878,D03,Madang,S06 ,Ranara,P02 ,Rau 2,K04 ,Numbuya
879,D03,Madang,S06 ,Ranara,P02 ,Rau 2,K05 ,Gomumu
880,D03,Madang,S06 ,Ranara,P02 ,Rau 2,K06 ,Saraga
881,D03,Madang,S06 ,Ranara,P02 ,Rau 2,K07 ,Yonombe
882,D03,Madang,S06 ,Ranara,P02 ,Rau 2,K08 ,Sereigo
883,D03,Madang,S06 ,Ranara,P02 ,Rau 2,K09 ,Koe
884,D03,Madang,S07 ,Madang Taun,,NO PARISH,K01 ,Imanuel
885,D03,Madang,S07 ,Madang Taun,,NO PARISH,K02 ,Memoriel
886,D03,Madang,S07 ,Madang Taun,,NO PARISH,K03 ,Niu Taun
887,D03,Madang,S07 ,Madang Taun,,NO PARISH,K04 ,Humade
888,D03,Madang,S07 ,Madang Taun,,NO PARISH,K05 ,Beter
889,D03,Madang,S07 ,Madang Taun,,NO PARISH,K06 ,Triniti
890,D03,Madang,S07 ,Madang Taun,,NO PARISH,K07 ,Luship
891,D03,Madang,S07 ,Madang Taun,,NO PARISH,K08 ,Redemer
892,D03,Madang,S08 ,Wanuma,P06 ,Aigul,K01 ,Kamabu
893,D03,Madang,S08 ,Wanuma,P06 ,Aigul,K02 ,Sereweng
894,D03,Madang,S08 ,Wanuma,P06 ,Aigul,K03 ,Kavai
895,D03,Madang,S08 ,Wanuma,P06 ,Ilu,K04 ,Kumbuna
896,D04,Karkar,S01 ,Samoan,P01 ,Ilu,K01 ,Koropa
897,D04,Karkar,S01 ,Samoan,P01 ,Ilu,K02 ,Dimer
898,D04,Karkar,S01 ,Samoan,P01 ,Ilu,K03 ,Giar
899,D04,Karkar,S01 ,Samoan,P01 ,Ilu,K04 ,Bangme
900,D04,Karkar,S01 ,Samoan,P01 ,Ilu,K05 ,Langlang
901,D04,Karkar,S01 ,Samoan,P02 ,Malagu,K01 ,Urugen
902,D04,Karkar,S01 ,Samoan,P02 ,Malagu,K02 ,Sikentika
903,D04,Karkar,S01 ,Samoan,P02 ,Malagu,K03 ,Orara
904,D04,Karkar,S01 ,Samoan,P03 ,Narer,K01 ,Narer plantesen
905,D04,Karkar,S01 ,Samoan,P03 ,Narer,K02 ,Apare
906,D04,Karkar,S01 ,Samoan,P04 ,Kiti,K01 ,Tarak
907,D04,Karkar,S01 ,Samoan,P04 ,Kiti,K02 ,Kinim
908,D04,Karkar,S01 ,Samoan,P04 ,Kiti,K03 ,Dorokatau
909,D04,Karkar,S01 ,Samoan,P04 ,Kiti,K04 ,Keviat
910,D04,Karkar,S01 ,Samoan,P05 ,Miak,K01 ,Miak Helt Senta
911,D04,Karkar,S01 ,Samoan,P05 ,Miak,K02 ,Keviak
912,D04,Karkar,S01 ,Samoan,P06 ,Makitu,K01 ,Keng
913,D04,Karkar,S01 ,Samoan,P06 ,Makitu,K02 ,Maramis
914,D04,Karkar,S01 ,Samoan,P06 ,Makitu,K03 ,Mom
915,D04,Karkar,S01 ,Samoan,P06 ,Makitu,K04 ,Kurumtour
916,D04,Karkar,S01 ,Samoan,P06 ,Makitu,K05 ,Biabi 2 Plantesen
917,D04,Karkar,S02 ,Bumsol,P01 ,Hiru,K01 ,Kour 1
918,D04,Karkar,S02 ,Bumsol,P02 ,Titiri,K01 ,Sangaria
919,D04,Karkar,S02 ,Bumsol,P03 ,Yakam,K01 ,Tugutugu
920,D04,Karkar,S02 ,Bumsol,P03 ,Yakam,K02 ,Daerdugu
921,D04,Karkar,S02 ,Bumsol,P04 ,Heba,K01 ,Kour 2
922,D04,Karkar,S02 ,Bumsol,P05 ,Miro,K01 ,Makor
923,D04,Karkar,S02 ,Bumsol,P06 ,Mamak,K01 ,Kour 4
924,D04,Karkar,S02 ,Bumsol,P06 ,Mamak,K02 ,Kour 5
925,D04,Karkar,S02 ,Bumsol,P07 ,Sabubu,K01 ,Ngor
926,D04,Karkar,S02 ,Bumsol,P08 ,Bua,K01 ,Kour 3
927,D04,Karkar,S02 ,Bumsol,,,K01 ,Kulili plantesen wokmisin eria
928,D04,Karkar,S03 ,Kulubob,P01 ,Labuk,K01 ,Maluk
929,D04,Karkar,S03 ,Kulubob,P01 ,Labuk,K02 ,Wadau plantesen
930,D04,Karkar,S03 ,Kulubob,P01 ,Labuk,K03 ,Wadau 
931,D04,Karkar,S03 ,Kulubob,P02 ,Yagudun,K01 ,Kiribek
932,D04,Karkar,S03 ,Kulubob,P02 ,Yagudun,K02 ,Buran
933,D04,Karkar,S03 ,Kulubob,P02 ,Yagudun,K03 ,Yukyuk
934,D04,Karkar,S03 ,Kulubob,P02 ,Yagudun,K04 ,Kubam
935,D04,Karkar,S03 ,Kulubob,P03 ,Lulfoi,K01 ,Katom
936,D04,Karkar,S03 ,Kulubob,P04 ,Mugaer,K01 ,Kawailo plantesen
937,D04,Karkar,S03 ,Kulubob,P04 ,Mugaer,K02 ,Kawailo 
938,D04,Karkar,S03 ,Kulubob,P04 ,Mugaer,K03 ,Warat
939,D04,Karkar,S03 ,Kulubob,P04 ,Mugaer,K04 ,Pain
940,D04,Karkar,S03 ,Kulubob,P05 ,Malbog,K01 ,Urum 1
941,D04,Karkar,S03 ,Kulubob,P05 ,Malbog,K02 ,Urum 2
942,D04,Karkar,S04 ,Bagiai,P01 ,Yerr,K01 ,Babel
943,D04,Karkar,S04 ,Bagiai,P01 ,Yerr,K02 ,Patilo
944,D04,Karkar,S04 ,Bagiai,P01 ,Yerr,K03 ,Dangsai
945,D04,Karkar,S04 ,Bagiai,P01 ,Yerr,K04 ,Doup
946,D04,Karkar,S04 ,Bagiai,P02 ,Sililai,K01 ,Biu
947,D04,Karkar,S04 ,Bagiai,P02 ,Sililai,K02 ,Dumad
948,D04,Karkar,S04 ,Bagiai,P02 ,Sililai,K03 ,Rigen
949,D04,Karkar,S04 ,Bagiai,P03 ,Kanab,K01 ,Komoria 1
950,D04,Karkar,S04 ,Bagiai,P03 ,Kanab,K02 ,Komoria 2
951,D04,Karkar,S04 ,Bagiai,P04 ,Buroi,K01 ,Boroman
952,D04,Karkar,S04 ,Bagiai,P04 ,Buroi,K02 ,Gamog
953,D04,Karkar,S04 ,Bagiai,P04 ,Buroi,K03 ,Did
954,D04,Karkar,S05 ,Tagub,P01 ,Urit,K01 ,Kurum
955,D04,Karkar,S05 ,Tagub,P01 ,Urit,K02 ,Faith (Gaubin)
956,D04,Karkar,S05 ,Tagub,P02 ,Karuru,K01 ,Marup 1
957,D04,Karkar,S05 ,Tagub,P02 ,Karuru,K02 ,Marup 2
958,D04,Karkar,S05 ,Tagub,P02 ,Karuru,K03 ,Midan
959,D04,Karkar,S05 ,Tagub,P02 ,Karuru,K04 ,Mangar
960,D04,Karkar,S05 ,Tagub,P03 ,Makudui,K01 ,Kuduk
961,D04,Karkar,S05 ,Tagub,P03 ,Makudui,K02 ,Moban
962,D04,Karkar,S05 ,Tagub,P03 ,Makudui,K03 ,Kilden
963,D04,Karkar,S05 ,Tagub,P03 ,Makudui,K04 ,Bafor
964,D04,Karkar,S05 ,Tagub,P04 ,Kabong,K01 ,Kevasop
965,D04,Karkar,S05 ,Tagub,P04 ,Kabong,K02 ,Liloi
966,D04,Karkar,S05 ,Tagub,P04 ,Kabong,K03 ,Wakon
967,D05,Siassi,S01 ,Zone 1: Molap,P01 ,Aimalu,K01 ,Arot
968,D05,Siassi,S01 ,Zone 1: Molap,P01 ,Aimalu,K02 ,Mararamun
969,D05,Siassi,S01 ,Zone 1: Molap,P01 ,Aimalu,K03 ,Aiyau (Kalvary)
970,D05,Siassi,S01 ,Zone 1: Molap,P02 ,Samanai,K01 ,Gasam
971,D05,Siassi,S01 ,Zone 1: Molap,P02 ,Samanai,K02 ,Oropot
972,D05,Siassi,S01 ,Zone 1: Molap,P02 ,Samanai,K03 ,Gom
973,D05,Siassi,S01 ,Zone 1: Molap,P03 ,Semo,K01 ,Omobarang
974,D05,Siassi,S01 ,Zone 1: Molap,P04 ,Padamot,K01 ,Balim
975,D05,Siassi,S01 ,Zone 1: Molap,P05 ,Tagob,K01 ,Gomrongon
976,D05,Siassi,S01 ,Zone 1: Molap,P05 ,Tagob,K02 ,Tarawe
977,D05,Siassi,S01 ,Zone 1: Molap,P05 ,Tagob,K03 ,Opai
978,D05,Siassi,S01 ,Zone 1: Molap,P05 ,Tagob,K04 ,Obongai
979,D05,Siassi,S01 ,Zone 1: Molap,P06 ,Umgon,K01 ,Marasuron
980,D05,Siassi,S01 ,Zone 1: Molap,P06 ,Umgon,K02 ,Sarabron
981,D05,Siassi,S01 ,Zone 1: Molap,P06 ,Umgon,K03 ,Anrai
982,D05,Siassi,S01 ,Zone 1: Molap,P06 ,Umgon,K04 ,Baiyau
983,D05,Siassi,S01 ,Zone 1: Molap,P07 ,Nuru,K01 ,Masere
984,D05,Siassi,S01 ,Zone 1: Molap,P07 ,Nuru,K02 ,Matagen
985,D05,Siassi,S01 ,Zone 1: Molap,P08 ,Mormor,K01 ,Awar
986,D05,Siassi,S01 ,Zone 1: Molap,P08 ,Mormor,K02 ,Murau
987,D05,Siassi,S01 ,Zone 1: Molap,P08 ,Mormor,K03 ,Tur
988,D05,Siassi,S02 ,Zone 2: Bula,P01 ,Mabi,K01 ,Kamparap
989,D05,Siassi,S02 ,Zone 2: Bula,P01 ,Mabi,K02 ,Kabi
990,D05,Siassi,S02 ,Zone 2: Bula,P01 ,Mabi,K03 ,Sakar
991,D05,Siassi,S02 ,Zone 2: Bula,P02 ,Laplap,K01 ,Brik
992,D05,Siassi,S02 ,Zone 2: Bula,P02 ,Laplap,K02 ,Yaga
993,D05,Siassi,S02 ,Zone 2: Bula,P02 ,Laplap,K03 ,Marile
994,D05,Siassi,S02 ,Zone 2: Bula,P02 ,Laplap,K04 ,Laplap
995,D05,Siassi,S02 ,Zone 2: Bula,P03 ,Aronai,K01 ,Alonai (Ailan)
996,D05,Siassi,S02 ,Zone 2: Bula,P04 ,Gun,K01 ,Gauru
997,D05,Siassi,S02 ,Zone 2: Bula,P04 ,Gun,K02 ,Yangra
998,D05,Siassi,S02 ,Zone 2: Bula,P05 ,Malai,K01 ,Malai (Ailan)
999,D05,Siassi,S02 ,Zone 2: Bula,P06 ,Tuam,K01 ,Tuam (Ailan)
1000,D05,Siassi,S02 ,Zone 2: Bula,P07 ,Giam,K01 ,Aromod
1001,D05,Siassi,S02 ,Zone 2: Bula,P07 ,Giam,K02 ,Mutumara
1002,D06,Ukata,S01 ,Komba,P01 ,Tosin,K01 ,Wanam
1003,D06,Ukata,S01 ,Komba,P01 ,Tosin,K02 ,Geraun
1004,D06,Ukata,S01 ,Komba,P01 ,Tosin,K03 ,Kambau
1005,D06,Ukata,S01 ,Komba,P02 ,Indagen,K01 ,Musep
1006,D06,Ukata,S01 ,Komba,P02 ,Indagen,K02 ,Indagen
1007,D06,Ukata,S01 ,Komba,P02 ,Indagen,K03 ,Waran
1008,D06,Ukata,S01 ,Komba,P03 ,Lamga,K01 ,Quautop
1009,D06,Ukata,S01 ,Komba,P03 ,Lamga,K02 ,Saune
1010,D06,Ukata,S01 ,Komba,P03 ,Lamga,K03 ,Lauya
1011,D06,Ukata,S01 ,Komba,P04 ,Ununu,K01 ,Ununu
1012,D06,Ukata,S01 ,Komba,P04 ,Ununu,K02 ,Muing/Konge
1013,D06,Ukata,S01 ,Komba,P04 ,Ununu,K03 ,Niuling
1014,D06,Ukata,S01 ,Komba,P05 ,Goma,K01 ,Sape
1015,D06,Ukata,S01 ,Komba,P05 ,Goma,K02 ,Gumung
1016,D06,Ukata,S01 ,Komba,P06 ,Usika,K01 ,Umung
1017,D06,Ukata,S01 ,Komba,P06 ,Usika,K02 ,Kombuk
1018,D06,Ukata,S01 ,Komba,P06 ,Usika,K03 ,Sikam
1019,D06,Ukata,S01 ,Komba,P07 ,Imanuel,K01 ,Sombore
1020,D06,Ukata,S01 ,Komba,P07 ,Imanuel,K02 ,Satwak
1021,D06,Ukata,S01 ,Komba,P07 ,Imanuel,K03 ,Bangut
1022,D06,Ukata,S02 ,Kabwum,P01 ,Tipsit,K01 ,Kilokilo
1023,D06,Ukata,S02 ,Kabwum,P01 ,Tipsit,K02 ,Gotoro
1024,D06,Ukata,S02 ,Kabwum,P01 ,Tipsit,K03 ,Tipsit
1025,D06,Ukata,S02 ,Kabwum,P01 ,Tipsit,K04 ,Bomu
1026,D06,Ukata,S02 ,Kabwum,P02 ,Gekut,K01 ,Upart
1027,D06,Ukata,S02 ,Kabwum,P02 ,Gekut,K02 ,Gilang
1028,D06,Ukata,S02 ,Kabwum,P02 ,Gekut,K03 ,Kamaudu
1029,D06,Ukata,S02 ,Kabwum,P02 ,Gekut,K04 ,Erendengan
1030,D06,Ukata,S02 ,Kabwum,P02 ,Gekut,K05 ,Dolo
1031,D06,Ukata,S02 ,Kabwum,P02 ,Gekut,K06 ,Weke
1032,D06,Ukata,S02 ,Kabwum,P03 ,Inweng,K01 ,Indum 1
1033,D06,Ukata,S02 ,Kabwum,P03 ,Inweng,K02 ,Indum 2
1034,D06,Ukata,S02 ,Kabwum,P03 ,Inweng,K03 ,Indum 3
1035,D06,Ukata,S02 ,Kabwum,P03 ,Inweng,K04 ,Indum 4
1036,D06,Ukata,S02 ,Kabwum,P04 ,Wanbel,K01 ,Selepet
1037,D06,Ukata,S02 ,Kabwum,P04 ,Wanbel,K02 ,Konimdo 1
1038,D06,Ukata,S02 ,Kabwum,P04 ,Wanbel,K03 ,Konimdo 2
1039,D06,Ukata,S02 ,Kabwum,P05 ,Deguso,K01 ,Solong
1040,D06,Ukata,S02 ,Kabwum,P05 ,Deguso,K02 ,Dengop
1041,D06,Ukata,S02 ,Kabwum,P05 ,Deguso,K03 ,Kusing
1042,D06,Ukata,S02 ,Kabwum,P06 ,Koniwa,K01 ,Wap
1043,D06,Ukata,S02 ,Kabwum,P06 ,Koniwa,K02 ,Nimbako
1044,D06,Ukata,S02 ,Kabwum,P06 ,Koniwa,K03 ,Kondolop
1045,D06,Ukata,S02 ,Kabwum,P06 ,Koniwa,K04 ,Umbmon
1046,D06,Ukata,S02 ,Kabwum,,,K01 ,Maranatha 
1047,D06,Ukata,S03 ,Timbe,P01 ,Disaen,K01 ,Dengonde
1048,D06,Ukata,S03 ,Timbe,P01 ,Disaen,K02 ,Sombongan
1049,D06,Ukata,S03 ,Timbe,P01 ,Disaen,K03 ,Mumugan
1050,D06,Ukata,S03 ,Timbe,P01 ,Disaen,K04 ,Kondoron
1051,D06,Ukata,S03 ,Timbe,P01 ,Disaen,K05 ,Lomongmon
1052,D06,Ukata,S03 ,Timbe,P02 ,Timowon,K01 ,Dawot
1053,D06,Ukata,S03 ,Timbe,P02 ,Timowon,K02 ,Teng
1054,D06,Ukata,S03 ,Timbe,P02 ,Timowon,K03 ,Sei
1055,D06,Ukata,S03 ,Timbe,P02 ,Timowon,K04 ,Hemon
1056,D06,Ukata,S03 ,Timbe,P03 ,Motu,K01 ,Nawo
1057,D06,Ukata,S03 ,Timbe,P03 ,Motu,K02 ,Motu
1058,D06,Ukata,S03 ,Timbe,P03 ,Motu,K03 ,Takop
1059,D06,Ukata,S03 ,Timbe,P03 ,Motu,K04 ,Kulung
1060,D06,Ukata,S03 ,Timbe,P04 ,Songin,K01 ,Kawange
1061,D06,Ukata,S03 ,Timbe,P04 ,Songin,K02 ,Yowung
1062,D06,Ukata,S03 ,Timbe,P04 ,Songin,K03 ,Hem
1063,D06,Ukata,S03 ,Timbe,P04 ,Songin,K04 ,Songin
1064,D06,Ukata,S03 ,Timbe,P04 ,Songin,K05 ,Giwilon
1065,D06,Ukata,S03 ,Timbe,P05 ,Derim Stesin,K01 ,Derim Stetsin
1066,D06,Ukata,S03 ,Timbe,P05 ,Derim Stesin,K02 ,Derim Stetsin
1067,D06,Ukata,S03 ,Timbe,P05 ,Derim Stesin,K03 ,Busion
1068,D06,Ukata,S03 ,Timbe,P05 ,Derim Stesin,K04 ,Worongon
1069,D06,Ukata,S03 ,Timbe,P05 ,Derim Stesin,K05 ,Nembo
1070,D06,Ukata,S03 ,Timbe,P05 ,Derim Stesin,K06 ,Borokey
1071,D06,Ukata,S03 ,Timbe,P05 ,Derim Stesin,K07 ,Kabwum High School
1072,D06,Ukata,S03 ,Timbe,P06 ,Hengune,K01 ,Yakop
1073,D06,Ukata,S03 ,Timbe,P06 ,Hengune,K02 ,Malon
1074,D06,Ukata,S03 ,Timbe,P07 ,Yandu,K01 ,Yandu 1
1075,D06,Ukata,S03 ,Timbe,P07 ,Yandu,K02 ,Yandu 2
1076,D06,Ukata,S03 ,Timbe,P07 ,Yandu,K03 ,Yandu 3
1077,D06,Ukata,S03 ,Timbe,P07 ,Yandu,K04 ,Yandu 4
1078,D06,Ukata,S03 ,Timbe,P08 ,Ondakey,K01 ,Ondakey
1079,D06,Ukata,S03 ,Timbe,P08 ,Ondakey,K02 ,Tumun
1080,D06,Ukata,S03 ,Timbe,P08 ,Ondakey,K03 ,Gotowon
1081,D06,Ukata,S03 ,Timbe,P08 ,Ondakey,K04 ,Gevenan
1082,D06,Ukata,S08 ,Tapen,P01 ,Munser,K01 ,Maramung
1083,D06,Ukata,S08 ,Tapen,P01 ,Munser,K02 ,Dirit
1084,D06,Ukata,S08 ,Tapen,P01 ,Munser,K03 ,Kian
1085,D06,Ukata,S08 ,Tapen,P01 ,Munser,K04 ,Sipgo
1086,D06,Ukata,S08 ,Tapen,P01 ,Munser,K05 ,Ajanget
1087,D06,Ukata,S08 ,Tapen,P01 ,Munser,K06 ,Aunon
1088,D06,Ukata,S08 ,Tapen,P01 ,Munser,K07 ,Bobangat
1089,D06,Ukata,S08 ,Tapen,P01 ,Munser,K08 ,Wakopop
1090,D06,Ukata,S08 ,Tapen,P02 ,Gaptamon,K01 ,Moum
1091,D06,Ukata,S08 ,Tapen,P02 ,Gaptamon,K02 ,Gaptamon
1092,D06,Ukata,S08 ,Tapen,P02 ,Gaptamon,K03 ,Yout 
1093,D06,Ukata,S08 ,Tapen,P02 ,Gaptamon,K04 ,Gakgep
1094,D06,Ukata,S08 ,Tapen,P02 ,Gaptamon,K05 ,Kopungkpang
1095,D06,Ukata,S08 ,Tapen,P03 ,Mabogaro,K01 ,Malalamai
1096,D06,Ukata,S08 ,Tapen,P03 ,Mabogaro,K02 ,Bonga
1097,D06,Ukata,S08 ,Tapen,P03 ,Mabogaro,K03 ,Gari
1098,D06,Ukata,S08 ,Tapen,P03 ,Mabogaro,K04 ,Ronzi
1099,D06,Ukata,S08 ,Tapen,P04 ,Yaseta,K01 ,Yokondi
1100,D06,Ukata,S08 ,Tapen,P04 ,Yaseta,K02 ,Seore
1101,D06,Ukata,S08 ,Tapen,P04 ,Yaseta,K03 ,Sel
1102,D06,Ukata,S08 ,Tapen,P04 ,Yaseta,K04 ,Taurang
1103,D06,Ukata,S09 ,Teptep,P01 ,Wandabong,K01 ,Bonkiman
1104,D06,Ukata,S09 ,Teptep,P01 ,Wandabong,K02 ,Tason 
1105,D06,Ukata,S09 ,Teptep,P01 ,Wandabong,K03 ,Komeleng
1106,D06,Ukata,S09 ,Teptep,P01 ,Wandabong,K04 ,Tapmot
1107,D06,Ukata,S09 ,Teptep,P01 ,Wandabong,K05 ,Dakaman
1108,D06,Ukata,S09 ,Teptep,P01 ,Wandabong,K06 ,Qaaop
1109,D06,Ukata,S09 ,Teptep,P02 ,Isan,K01 ,Norum
1110,D06,Ukata,S09 ,Teptep,P02 ,Isan,K02 ,Urop
1111,D06,Ukata,S09 ,Teptep,P02 ,Isan,K03 ,Kameda
1112,D06,Ukata,S09 ,Teptep,P02 ,Isan,K04 ,Bapuda
1113,D06,Ukata,S09 ,Teptep,P02 ,Isan,K05 ,Mek
1114,D06,Ukata,S09 ,Teptep,P02 ,Isan,K06 ,Klaset
1115,D06,Ukata,S09 ,Teptep,P03 ,Keweng,K01 ,Wungon
1116,D06,Ukata,S09 ,Teptep,P03 ,Keweng,K02 ,Kumbul
1117,D06,Ukata,S09 ,Teptep,P03 ,Keweng,K03 ,Tapmange
1118,D06,Ukata,S09 ,Teptep,P03 ,Keweng,K04 ,Memnan
1119,D06,Ukata,S09 ,Teptep,P03 ,Keweng,K05 ,Gongam
1120,D06,Ukata,S09 ,Teptep,P04 ,Utaguka,K01 ,Gangurut
1121,D06,Ukata,S09 ,Teptep,P04 ,Utaguka,K02 ,Weskokop
1122,D06,Ukata,S09 ,Teptep,P04 ,Utaguka,K03 ,Gua
1123,D06,Ukata,S09 ,Teptep,P04 ,Utaguka,K04 ,Taing
1124,D06,Ukata,S09 ,Teptep,P05 ,Bungawat,K01 ,Dungket
1125,D06,Ukata,S09 ,Teptep,P05 ,Bungawat,K02 ,Kolipon
1126,D06,Ukata,S09 ,Teptep,P06 ,Gogiok,K01 ,Gogiok
1127,D06,Ukata,S09 ,Teptep,P06 ,Gogiok,K02 ,Tolik
1128,D06,Ukata,S09 ,Teptep,P06 ,Gogiok,K03 ,Mumanaran
1129,D06,Ukata,S09 ,Teptep,P07 ,Dinangat,K01 ,Sakam 
1130,D06,Ukata,S09 ,Teptep,P07 ,Dinangat,K02 ,Tamunak
1131,D06,Ukata,S09 ,Teptep,P07 ,Dinangat,K03 ,Makwa
1132,D06,Ukata,S09 ,Teptep,P07 ,Dinangat,K04 ,Siwon
1133,D06,Ukata,S09 ,Teptep,P07 ,Dinangat,K05 ,Dinangat
1134,D06,Ukata,S09 ,Teptep,P08 ,Yau,K01 ,Sapmanga
1135,D06,Ukata,S09 ,Teptep,P08 ,Yau,K02 ,Kumdan
1136,D06,Ukata,S09 ,Teptep,P08 ,Yau,K03 ,Sagulong
1137,D06,Ukata,S09 ,Teptep,P08 ,Yau,K04 ,Boksawin
1138,D06,Ukata,S09 ,Teptep,P08 ,Yau,K05 ,Warin
1139,D06,Ukata,S09 ,Teptep,P08 ,Yau,K06 ,Yawan
1140,D06,Ukata,S09 ,Teptep,P08 ,Yau,K07 ,Mitmit
1141,D06,Ukata,S09 ,Teptep,P08 ,Yau,K08 ,Kotet
1142,D06,Ukata,S09 ,Teptep,P08 ,Yau,K09 ,Mup
1143,D06,Ukata,S09 ,Teptep,P08 ,Yau,K10 ,Sugan
1144,D06,Ukata,S09 ,Teptep,P08 ,Yau,K11 ,Sndamon
1145,D06,Ukata,S09 ,Teptep,P08 ,Yau,K12 ,Boit
1146,D06,Ukata,S10 ,Nankina,P01 ,Matamo,K01 ,Sindoma
1147,D06,Ukata,S10 ,Nankina,P01 ,Matamo,K02 ,Yongem
1148,D06,Ukata,S10 ,Nankina,P01 ,Matamo,K03 ,Dagene
1149,D06,Ukata,S10 ,Nankina,P01 ,Matamo,K04 ,Mipu
1150,D06,Ukata,S10 ,Nankina,P01 ,Matamo,K05 ,Tangam
1151,D06,Ukata,S10 ,Nankina,P01 ,Matamo,K06 ,Mambit
1152,D06,Ukata,S10 ,Nankina,P01 ,Matamo,K07 ,Yaqbo
1153,D06,Ukata,S10 ,Nankina,P02 ,Umbek,K01 ,Kasam
1154,D06,Ukata,S10 ,Nankina,P02 ,Umbek,K02 ,Warabung
1155,D06,Ukata,S10 ,Nankina,P02 ,Umbek,K03 ,Piwon
1156,D06,Ukata,S10 ,Nankina,P02 ,Umbek,K04 ,Daik
1157,D06,Ukata,S10 ,Nankina,P02 ,Umbek,K05 ,Kumbuwo
1158,D06,Ukata,S10 ,Nankina,P03 ,Gwarawon,K01 ,Kadambo
1159,D06,Ukata,S10 ,Nankina,P03 ,Gwarawon,K02 ,Gwarawon
1160,D06,Ukata,S10 ,Nankina,P03 ,Gwarawon,K03 ,Gugon
1161,D06,Ukata,S10 ,Nankina,P03 ,Gwarawon,K04 ,Kudiwek
1162,D06,Ukata,S10 ,Nankina,P03 ,Gwarawon,K05 ,Miok
1163,D06,Ukata,S10 ,Nankina,P04 ,Bambu,K01 ,Taip 1
1164,D06,Ukata,S10 ,Nankina,P04 ,Bambu,K02 ,Taip 2
1165,D06,Ukata,S10 ,Nankina,P04 ,Bambu,K03 ,Iqbo
1166,D06,Ukata,S10 ,Nankina,P04 ,Bambu,K04 ,Bambu
1167,D06,Ukata,S10 ,Nankina,P04 ,Bambu,K05 ,Meweng
1168,D06,Ukata,S10 ,Nankina,P05 ,?,K01 ,Eyengkewe
1169,D06,Ukata,S10 ,Nankina,P05 ,?,K02 ,Gumok
1170,D06,Ukata,S10 ,Nankina,P05 ,?,K03 ,Sevan
1171,D06,Ukata,S10 ,Nankina,P05 ,?,K04 ,Mambek
1172,D06,Ukata,S10 ,Nankina,P05 ,?,K05 ,Gubaiyong
1173,D07,Boana,S01 ,Zone 1: Erap,P01 ,Namibung,K01 ,Songkubing
1174,D07,Boana,S01 ,Zone 1: Erap,P01 ,Namibung,K02 ,Bungki
1175,D07,Boana,S01 ,Zone 1: Erap,P01 ,Namibung,K03 ,Migima
1176,D07,Boana,S01 ,Zone 1: Erap,P01 ,Namibung,K04 ,Sintogora
1177,D07,Boana,S01 ,Zone 1: Erap,P01 ,Namibung,K05 ,Usop
1178,D07,Boana,S01 ,Zone 1: Erap,P01 ,Namibung,K06 ,Sulumun
1179,D07,Boana,S01 ,Zone 1: Erap,P02 ,Figosa,K01 ,Tagup
1180,D07,Boana,S01 ,Zone 1: Erap,P02 ,Figosa,K02 ,Kokosan
1181,D07,Boana,S01 ,Zone 1: Erap,P02 ,Figosa,K03 ,Gom
1182,D07,Boana,S01 ,Zone 1: Erap,P02 ,Figosa,K04 ,Finongan
1183,D07,Boana,S01 ,Zone 1: Erap,P02 ,Figosa,K05 ,Gafan
1184,D07,Boana,S01 ,Zone 1: Erap,P03 ,St. Gimafa,K01 ,Rowai 1
1185,D07,Boana,S01 ,Zone 1: Erap,P03 ,St. Gimafa,K02 ,Rowai 2
1186,D07,Boana,S01 ,Zone 1: Erap,P03 ,St. Gimafa,K03 ,Rabisap
1187,D07,Boana,S01 ,Zone 1: Erap,P03 ,St. Gimafa,K04 ,Nimara
1188,D07,Boana,S01 ,Zone 1: Erap,P03 ,St. Gimafa,K05 ,Kapora
1189,D07,Boana,S01 ,Zone 1: Erap,P03 ,St. Gimafa,K06 ,Nemem
1190,D07,Boana,S01 ,Zone 1: Erap,P03 ,St. Gimafa,K07 ,Yangarang
1191,D07,Boana,S01 ,Zone 1: Erap,P03 ,St. Gimafa,K08 ,Tating
1192,D07,Boana,S01 ,Zone 1: Erap,P04 ,Mubago,K01 ,Fi
1193,D07,Boana,S01 ,Zone 1: Erap,P04 ,Mubago,K02 ,Tinibe
1194,D07,Boana,S01 ,Zone 1: Erap,P04 ,Mubago,K03 ,Torowa
1195,D07,Boana,S01 ,Zone 1: Erap,P04 ,Mubago,K04 ,Wesan
1196,D07,Boana,S01 ,Zone 1: Erap,P04 ,Mubago,K05 ,Kapmewang
1197,D07,Boana,S01 ,Zone 1: Erap,P05 ,Sugu,K01 ,Sibi
1198,D07,Boana,S01 ,Zone 1: Erap,P05 ,Sugu,K02 ,Rimbun
1199,D07,Boana,S01 ,Zone 1: Erap,P05 ,Sugu,K03 ,Bayang
1200,D07,Boana,S01 ,Zone 1: Erap,P05 ,Sugu,K04 ,Kawerarang
1201,D07,Boana,S01 ,Zone 1: Erap,P05 ,Sugu,K05 ,Barawang
1202,D07,Boana,S01 ,Zone 1: Erap,P06 ,Masiba,K01 ,Saut
1203,D07,Boana,S01 ,Zone 1: Erap,P06 ,Masiba,K02 ,Lemang
1204,D07,Boana,S01 ,Zone 1: Erap,P06 ,Masiba,K03 ,Kasangan
1205,D07,Boana,S01 ,Zone 1: Erap,P06 ,Masiba,K04 ,Mosa
1206,D07,Boana,S01 ,Zone 1: Erap,P06 ,Masiba,K05 ,Kamdaran
1207,D07,Boana,S01 ,Zone 1: Erap,P06 ,Masiba,K06 ,Burapan
1208,D07,Boana,S02 ,Zone 2: Wain,P01 ,Gaing Kusip,K01 ,Laip
1209,D07,Boana,S02 ,Zone 2: Wain,P01 ,Gaing Kusip,K02 ,Salom
1210,D07,Boana,S02 ,Zone 2: Wain,P01 ,Gaing Kusip,K03 ,Kisim Bek
1211,D07,Boana,S02 ,Zone 2: Wain,P01 ,Gaing Kusip,K04 ,Marimari
1212,D07,Boana,S02 ,Zone 2: Wain,P01 ,Gaing Kusip,K05 ,nadifo
1213,D07,Boana,S02 ,Zone 2: Wain,P01 ,Gaing Kusip,K06 ,Silong
1214,D07,Boana,S02 ,Zone 2: Wain,P01 ,Gaing Kusip,K07 ,Ankrismo
1215,D07,Boana,S02 ,Zone 2: Wain,P01 ,Gaing Kusip,K08 ,Hauta
1216,D07,Boana,S02 ,Zone 2: Wain,P02 ,Kwepunung,K01 ,Ninadi
1217,D07,Boana,S02 ,Zone 2: Wain,P02 ,Kwepunung,K02 ,Dzendzen
1218,D07,Boana,S02 ,Zone 2: Wain,P02 ,Kwepunung,K03 ,Wasin
1219,D07,Boana,S02 ,Zone 2: Wain,P02 ,Kwepunung,K04 ,Diridia
1220,D07,Boana,S02 ,Zone 2: Wain,P02 ,Kwepunung,K05 ,Sokam
1221,D07,Boana,S02 ,Zone 2: Wain,P02 ,Kwepunung,K06 ,Mumingan
1222,D07,Boana,S02 ,Zone 2: Wain,P03 ,Bandong,K01 ,Sikilen
1223,D07,Boana,S02 ,Zone 2: Wain,P03 ,Bandong,K02 ,Bandong
1224,D07,Boana,S02 ,Zone 2: Wain,P03 ,Bandong,K03 ,Bosagen
1225,D07,Boana,S02 ,Zone 2: Wain,P03 ,Bandong,K04 ,Kawelau
1226,D07,Boana,S02 ,Zone 2: Wain,P05 ,Gusi,K01 ,Ganzingan
1227,D07,Boana,S02 ,Zone 2: Wain,P05 ,Gusi,K02 ,Goambot
1228,D07,Boana,S02 ,Zone 2: Wain,P05 ,Gusi,K03 ,Wambangan
1229,D07,Boana,S02 ,Zone 2: Wain,P05 ,Gusi,K04 ,Manandambin
1230,D07,Boana,S02 ,Zone 2: Wain,P06 ,Gewak,K01 ,Tamben
1231,D07,Boana,S02 ,Zone 2: Wain,P06 ,Gewak,K02 ,Bawan
1232,D07,Boana,S02 ,Zone 2: Wain,P06 ,Gewak,K03 ,Gelmen
1233,D07,Boana,S02 ,Zone 2: Wain,P06 ,Gewak,K04 ,Gewak
1234,D07,Boana,S02 ,Zone 2: Wain,P06 ,Gewak,K05 ,Misok
1235,D07,Boana,S02 ,Zone 2: Wain,P06 ,Gewak,K06 ,Orin
1236,D07,Boana,S03 ,Zone 3: Nabak,P01 ,Satukimo,K01 ,Kiakum
1237,D07,Boana,S03 ,Zone 3: Nabak,P01 ,Satukimo,K02 ,Tuwep
1238,D07,Boana,S03 ,Zone 3: Nabak,P01 ,Satukimo,K03 ,Sakarang
1239,D07,Boana,S03 ,Zone 3: Nabak,P01 ,Satukimo,K04 ,Mogon
1240,D07,Boana,S03 ,Zone 3: Nabak,P02 ,Yaqamu,K01 ,Yalumbang
1241,D07,Boana,S03 ,Zone 3: Nabak,P02 ,Yaqamu,K02 ,Mumbanzing
1242,D07,Boana,S03 ,Zone 3: Nabak,P02 ,Yaqamu,K03 ,Qamben
1243,D07,Boana,S03 ,Zone 3: Nabak,P03 ,Baqata,K01 ,Awen
1244,D07,Boana,S03 ,Zone 3: Nabak,P03 ,Baqata,K02 ,Tukwambet
1245,D07,Boana,S03 ,Zone 3: Nabak,P03 ,Baqata,K03 ,Baindoang
1246,D07,Boana,S03 ,Zone 3: Nabak,P03 ,Baqata,K04 ,Qamberen
1247,D07,Boana,S03 ,Zone 3: Nabak,P03 ,Baqata,K05 ,Akandang
1248,D07,Boana,S03 ,Zone 3: Nabak,P03 ,Baqata,K06 ,Anopman
1249,D07,Boana,S03 ,Zone 3: Nabak,P03 ,Baqata,K07 ,Umbangan
1250,D07,Boana,S03 ,Zone 3: Nabak,P04 ,Tuni,K01 ,Kistuen
1251,D07,Boana,S03 ,Zone 3: Nabak,P04 ,Tuni,K02 ,Mosoip
1252,D07,Boana,S03 ,Zone 3: Nabak,P04 ,Tuni,K03 ,Zinsaik
1253,D07,Boana,S03 ,Zone 3: Nabak,P04 ,Tuni,K04 ,Dokalang
1254,D07,Boana,S03 ,Zone 3: Nabak,P04 ,Tuni,K05 ,Sasawalen
1255,D07,Boana,S03 ,Zone 3: Nabak,P04 ,Tuni,K06 ,Kalangandong
1256,D07,Boana,S03 ,Zone 3: Nabak,P04 ,Tuni,K07 ,Bendep
1257,D07,Boana,S03 ,Zone 3: Nabak,P04 ,Tuni,K08 ,Momsalop
1258,D07,Boana,S03 ,Zone 3: Nabak,P04 ,Tuni,K09 ,Dimining
1259,D07,Boana,S03 ,Zone 3: Nabak,P05 ,Roumi,K01 ,Ogau
1260,D07,Boana,S03 ,Zone 3: Nabak,P05 ,Roumi,K02 ,Zitare
1261,D07,Boana,S03 ,Zone 3: Nabak,P05 ,Roumi,K03 ,Sezilime
1262,D07,Boana,S03 ,Zone 3: Nabak,P05 ,Roumi,K04 ,Tombaka
1263,D07,Boana,S03 ,Zone 3: Nabak,P05 ,Roumi,K05 ,Sambuen
1264,D07,Boana,S03 ,Zone 3: Nabak,P05 ,Roumi,K06 ,Zanam
1265,D07,Boana,S03 ,Zone 3: Nabak,P06 ,Mamasi,K01 ,Samamansing
1266,D07,Boana,S03 ,Zone 3: Nabak,P06 ,Mamasi,K02 ,Tuzing
1267,D07,Boana,S03 ,Zone 3: Nabak,P06 ,Mamasi,K03 ,Tusulu
1268,D07,Boana,S03 ,Zone 3: Nabak,P06 ,Mamasi,K04 ,Buko
1269,D08,Mumeng,S01 ,Zone 1,P01 ,Wau Taun,K01 ,Ridima 
1270,D08,Mumeng,S01 ,Zone 1,P01 ,Wau Taun,K02 ,White Kompau
1271,D08,Mumeng,S01 ,Zone 1,P01 ,Wau Taun,K03 ,Forestri
1272,D08,Mumeng,S01 ,Zone 1,P01 ,Wau Taun,K04 ,New Bread
1273,D08,Mumeng,S01 ,Zone 1,P01 ,Wau Taun,K05 ,Masama
1274,D08,Mumeng,S01 ,Zone 1,P01 ,Wau Taun,K06 ,A.D.O.
1275,D08,Mumeng,S01 ,Zone 1,P01 ,Wau Taun,K07 ,Misisbot
1276,D08,Mumeng,S01 ,Zone 1,P01 ,Wau Taun,K08 ,Mais Kaundi
1277,D08,Mumeng,S01 ,Zone 1,P01 ,Wau Taun,K09 ,4 Mile
1278,D08,Mumeng,S01 ,Zone 1,P01 ,Wau Taun,K10 ,Nemnem
1279,D08,Mumeng,S01 ,Zone 1,P02 ,Mubuwa,K01 ,Kobiau
1280,D08,Mumeng,S01 ,Zone 1,P02 ,Mubuwa,K02 ,Maus Kuranga
1281,D08,Mumeng,S01 ,Zone 1,P02 ,Mubuwa,K03 ,St Philip
1282,D08,Mumeng,S01 ,Zone 1,P03 ,Kaindi,K01 ,Wara Karap
1283,D08,Mumeng,S01 ,Zone 1,P03 ,Kaindi,K02 ,?
1284,D08,Mumeng,S01 ,Zone 1,P03 ,Kaindi,K03 ,?
1285,D08,Mumeng,S01 ,Zone 1,P04 ,Yawadibu,K01 ,Yawadibu
1286,D08,Mumeng,S01 ,Zone 1,P05 ,Moina,K01 ,Wandumi
1287,D08,Mumeng,S01 ,Zone 1,P05 ,Moina,K02 ,Kaisini
1288,D08,Mumeng,S02 ,Zone 2,P01 ,Malangta,K01 ,Leklu
1289,D08,Mumeng,S02 ,Zone 2,P01 ,Malangta,K02 ,Latep
1290,D08,Mumeng,S02 ,Zone 2,P01 ,Malangta,K03 ,Gawapu
1291,D08,Mumeng,S02 ,Zone 2,P01 ,Malangta,K04 ,Denglu
1292,D08,Mumeng,S02 ,Zone 2,P01 ,Malangta,K05 ,Bimbu
1293,D08,Mumeng,S02 ,Zone 2,P01 ,Malangta,K06 ,Sangas
1294,D08,Mumeng,S02 ,Zone 2,P01 ,Malangta,K07 ,Samsam
1295,D08,Mumeng,S02 ,Zone 2,P01 ,Malangta,K08 ,Pelanguwa
1296,D08,Mumeng,S02 ,Zone 2,P02 ,St. Steven,K01 ,Sausau
1297,D08,Mumeng,S02 ,Zone 2,P02 ,St. Steven,K02 ,Admin
1298,D08,Mumeng,S02 ,Zone 2,P02 ,St. Steven,K03 ,Forestry
1299,D08,Mumeng,S02 ,Zone 2,P02 ,St. Steven,K04 ,New Kemp
1300,D08,Mumeng,S02 ,Zone 2,P02 ,St. Steven,K05 ,Bailis
1301,D08,Mumeng,S02 ,Zone 2,P02 ,St. Steven,K06 ,Karanas
1302,D08,Mumeng,S02 ,Zone 2,P02 ,St. Steven,K07 ,Siapan
1303,D08,Mumeng,S02 ,Zone 2,P02 ,St. Steven,K08 ,Paitop
1304,D08,Mumeng,S02 ,Zone 2,P02 ,St. Steven,K09 ,Mausboxs
1305,D08,Mumeng,S02 ,Zone 2,P02 ,St. Steven,K10 ,Ekopa
1306,D08,Mumeng,S02 ,Zone 2,P02 ,St. Steven,K11 ,Frosal
1307,D08,Mumeng,S02 ,Zone 2,P03 ,Waikanda,K01 ,Erowa Creen
1308,D08,Mumeng,S02 ,Zone 2,P03 ,Waikanda,K02 ,Nauti
1309,D08,Mumeng,S02 ,Zone 2,P03 ,Waikanda,K03 ,Sapanda
1310,D08,Mumeng,S02 ,Zone 2,P04 ,Andarira,K01 ,Manyanda
1311,D08,Mumeng,S02 ,Zone 2,P04 ,Andarira,K02 ,Pararoa
1312,D08,Mumeng,S02 ,Zone 2,P04 ,Andarira,K03 ,Gumi
1313,D08,Mumeng,S02 ,Zone 2,P04 ,Andarira,K04 ,Andarola
1314,D08,Mumeng,S03 ,Zone 3,P01 ,St. John,K01 ,Uumalu
1315,D08,Mumeng,S03 ,Zone 3,P01 ,St. John,K02 ,St Gesungtaus
1316,D08,Mumeng,S03 ,Zone 3,P01 ,St. John,K03 ,Pamelabus
1317,D08,Mumeng,S03 ,Zone 3,P01 ,St. John,K04 ,Stesin
1318,D08,Mumeng,S03 ,Zone 3,P01 ,St. John,K05 ,Bamaulum
1319,D08,Mumeng,S03 ,Zone 3,P01 ,St. John,K06 ,Sambio
1320,D08,Mumeng,S03 ,Zone 3,P02 ,St. Loplam,K01 ,Denglu
1321,D08,Mumeng,S03 ,Zone 3,P02 ,St. Loplam,K02 ,Viriuxa
1322,D08,Mumeng,S03 ,Zone 3,P02 ,St. Loplam,K03 ,Hambu
1323,D08,Mumeng,S03 ,Zone 3,P02 ,St. Loplam,K04 ,Mahomba
1324,D08,Mumeng,S03 ,Zone 3,P03 ,Kaukesa,K01 ,Wakni
1325,D08,Mumeng,S03 ,Zone 3,P03 ,Kaukesa,K02 ,Bundun
1326,D08,Mumeng,S03 ,Zone 3,P03 ,Kaukesa,K03 ,Genengmo
1327,D08,Mumeng,S03 ,Zone 3,P03 ,Kaukesa,K04 ,Bialopu
1328,D08,Mumeng,S03 ,Zone 3,P04 ,Interim,K01 ,Mumentain
1329,D08,Mumeng,S03 ,Zone 3,P05 ,Palakris,K01 ,Parakris
1330,D08,Mumeng,S03 ,Zone 3,P05 ,Palakris,K02 ,Yanta
1331,D08,Mumeng,S03 ,Zone 3,P05 ,Palakris,K03 ,Zenag
1332,D08,Mumeng,S04 ,Zone 4,P01 ,Tauem,K01 ,Tayem
1333,D08,Mumeng,S04 ,Zone 4,P01 ,Tauem,K02 ,Galawo
1334,D08,Mumeng,S04 ,Zone 4,P01 ,Tauem,K03 ,Sanang
1335,D08,Mumeng,S04 ,Zone 4,P01 ,Tauem,K04 ,Geules
1336,D08,Mumeng,S04 ,Zone 4,P01 ,Tauem,K05 ,Sambus
1337,D08,Mumeng,S04 ,Zone 4,P02 ,Gawapu,K01 ,Gawapu
1338,D08,Mumeng,S04 ,Zone 4,P02 ,Gawapu,K02 ,Dambi
1339,D08,Mumeng,S04 ,Zone 4,P02 ,Gawapu,K03 ,Dangal
1340,D08,Mumeng,S04 ,Zone 4,P02 ,Gawapu,K04 ,Biamena
1341,D08,Mumeng,S04 ,Zone 4,P02 ,Gawapu,K05 ,Piu
1342,D08,Mumeng,S05 ,Zone 5,P01 ,Timini,K02 ,Humbake
1343,D08,Mumeng,S05 ,Zone 5,P01 ,Timini,K03 ,Tumbol
1344,D08,Mumeng,S05 ,Zone 5,P01 ,Timini,K04 ,Gelengno
1345,D08,Mumeng,S05 ,Zone 5,P02 ,Gurakor,K01 ,Gurakol
1346,D08,Mumeng,S05 ,Zone 5,P02 ,Gurakor,K02 ,Bupu
1347,D08,Mumeng,S05 ,Zone 5,P02 ,Gurakor,K03 ,Omalai
1348,D08,Mumeng,S05 ,Zone 5,P03 ,Ahiu,K01 ,Hengabu
1349,D08,Mumeng,S05 ,Zone 5,P03 ,Ahiu,K02 ,Toangola
1350,D08,Mumeng,S05 ,Zone 5,P03 ,Ahiu,K03 ,Zimangke
1351,D09,NGI,S01 ,Kimbe,P01 ,Holi Triniti,K01 ,Sios Graun
1352,D09,NGI,S01 ,Kimbe,P01 ,Holi Triniti,K02 ,Bilom 1
1353,D09,NGI,S01 ,Kimbe,P01 ,Holi Triniti,K03 ,Bilom 2
1354,D09,NGI,S01 ,Kimbe,P01 ,Holi Triniti,K04 ,Bilom 3
1355,D09,NGI,S01 ,Kimbe,P01 ,Holi Triniti,K05 ,Molova & Kalasu
1356,D09,NGI,S01 ,Kimbe,P01 ,Holi Triniti,K06 ,Forest
1357,D09,NGI,S01 ,Kimbe,P01 ,Holi Triniti,K07 ,Mil kompaun
1358,D09,NGI,S04 ,Kevieng,,,K01 ,Kevieng
1359,D09,NGI,S04 ,Kevieng,,,K02 ,Namatanai
1360,D12,Goroka,S04 ,Asaroka,,Siwili,K01 ,Kafana
1361,D12,Goroka,S04 ,Asaroka,P01 ,Siwili,K02 ,Finito
1362,D12,Goroka,S04 ,Asaroka,P01 ,Siwili,K03 ,Gamuka
1363,D12,Goroka,S04 ,Asaroka,P01 ,Siwili,K04 ,Arikayufa
1364,D12,Goroka,S04 ,Asaroka,P01 ,Siwili,K05 ,Gotobe
1365,D12,Goroka,S04 ,Asaroka,P01 ,Siwili,K06 ,Masumare
1366,D12,Goroka,S04 ,Asaroka,P01 ,Siwili,K07 ,Kamariki
1367,D12,Goroka,S04 ,Asaroka,P01 ,Siwili,K08 ,Roza
1368,D12,Goroka,S04 ,Asaroka,P02 ,Gama,K01 ,Mono
1369,D12,Goroka,S04 ,Asaroka,P02 ,Gama,K02 ,Gepaina o Betali
1370,D12,Goroka,S04 ,Asaroka,P02 ,Gama,K03 ,Sipira
1371,D12,Goroka,S04 ,Asaroka,P07 ,Yaukawe,K01 ,Orumba
1372,D12,Goroka,S04 ,Asaroka,P07 ,Yaukawe,K02 ,Arango
1373,D12,Goroka,S04 ,Asaroka,P07 ,Yaukawe,K03 ,Lataro
1374,D12,Goroka,S04 ,Asaroka,P07 ,Yaukawe,K04 ,St. Jekop
1375,D12,Goroka,S04 ,Asaroka,P07 ,Yaukawe,K05 ,Betel
1376,D12,Goroka,S04 ,Asaroka,P07 ,Yaukawe,K06 ,Emegawe
1377,D12,Goroka,S04 ,Asaroka,P07 ,Yaukawe,K07 ,Jafoka
1378,D12,Goroka,S04 ,Asaroka,P07 ,Yaukawe,K08 ,Hegu
1379,D12,Goroka,S04 ,Asaroka,P07 ,Yaukawe,K09 ,Kononenge
1380,D12,Goroka,S04 ,Asaroka,P09 ,Ramu Wokmisin,K01 ,Kesewai
1381,D12,Goroka,S04 ,Asaroka,P09 ,Ramu Wokmisin,K02 ,Asas
1382,D12,Goroka,S04 ,Asaroka,P09 ,Ramu Wokmisin,K03 ,Torokop
1383,D12,Goroka,S04 ,Asaroka,P09 ,Ramu Wokmisin,K04 ,Misinari
1384,D12,Goroka,S04 ,Asaroka,P09 ,Ramu Wokmisin,K05 ,Teri
1385,D12,Goroka,S04 ,Asaroka,P09 ,Ramu Wokmisin,K06 ,Malea
1386,D12,Goroka,S04 ,Asaroka,P09 ,Ramu Wokmisin,K07 ,Nilmami
1387,D12,Goroka,S04 ,Asaroka,P09 ,Ramu Wokmisin,K08 ,?
1388,D12,Goroka,S06 ,Goroka Taun,P01 ,St. Johns,K01 ,English
1389,D12,Goroka,S06 ,Goroka Taun,P01 ,St. Johns,K02 ,Pisin
1390,D12,Goroka,S06 ,Goroka Taun,P01 ,St. Johns,K03 ,Paragon
1391,D12,Goroka,S06 ,Goroka Taun,P02 ,St. Mathew,K01 ,St. Matyu
1392,D12,Goroka,S06 ,Goroka Taun,P02 ,St. Mathew,K02 ,Biute
1393,D12,Goroka,S06 ,Goroka Taun,P02 ,St. Mathew,K03 ,Fotama
1394,D12,Goroka,S06 ,Goroka Taun,P02 ,St. Mathew,K04 ,Beter
1395,D12,Goroka,S06 ,Goroka Taun,P02 ,St. Mathew,K05 ,Matega
1001,D05,Siassi,S02 ,Zone 2: Bula,P07 ,Giam,K02 ,Mutumara
1002,D06,Ukata,S01 ,Komba,P01 ,Tosin,K01 ,Wanam
1003,D06,Ukata,S01 ,Komba,P01 ,Tosin,K02 ,Geraun
1004,D06,Ukata,S01 ,Komba,P01 ,Tosin,K03 ,Kambau
1005,D06,Ukata,S01 ,Komba,P02 ,Indagen,K01 ,Musep
1006,D06,Ukata,S01 ,Komba,P02 ,Indagen,K02 ,Indagen
1007,D06,Ukata,S01 ,Komba,P02 ,Indagen,K03 ,Waran
1008,D06,Ukata,S01 ,Komba,P03 ,Lamga,K01 ,Quautop
1009,D06,Ukata,S01 ,Komba,P03 ,Lamga,K02 ,Saune
1010,D06,Ukata,S01 ,Komba,P03 ,Lamga,K03 ,Lauya
1011,D06,Ukata,S01 ,Komba,P04 ,Ununu,K01 ,Ununu
1012,D06,Ukata,S01 ,Komba,P04 ,Ununu,K02 ,Muing/Konge
1013,D06,Ukata,S01 ,Komba,P04 ,Ununu,K03 ,Niuling
1014,D06,Ukata,S01 ,Komba,P05 ,Goma,K01 ,Sape
1015,D06,Ukata,S01 ,Komba,P05 ,Goma,K02 ,Gumung
1016,D06,Ukata,S01 ,Komba,P06 ,Usika,K01 ,Umung
1017,D06,Ukata,S01 ,Komba,P06 ,Usika,K02 ,Kombuk
1018,D06,Ukata,S01 ,Komba,P06 ,Usika,K03 ,Sikam
1019,D06,Ukata,S01 ,Komba,P07 ,Imanuel,K01 ,Sombore
1020,D06,Ukata,S01 ,Komba,P07 ,Imanuel,K02 ,Satwak
1021,D06,Ukata,S01 ,Komba,P07 ,Imanuel,K03 ,Bangut
1022,D06,Ukata,S02 ,Kabwum,P01 ,Tipsit,K01 ,Kilokilo
1023,D06,Ukata,S02 ,Kabwum,P01 ,Tipsit,K02 ,Gotoro
1024,D06,Ukata,S02 ,Kabwum,P01 ,Tipsit,K03 ,Tipsit
1025,D06,Ukata,S02 ,Kabwum,P01 ,Tipsit,K04 ,Bomu
1026,D06,Ukata,S02 ,Kabwum,P02 ,Gekut,K01 ,Upart
1027,D06,Ukata,S02 ,Kabwum,P02 ,Gekut,K02 ,Gilang
1028,D06,Ukata,S02 ,Kabwum,P02 ,Gekut,K03 ,Kamaudu
1029,D06,Ukata,S02 ,Kabwum,P02 ,Gekut,K04 ,Erendengan
1030,D06,Ukata,S02 ,Kabwum,P02 ,Gekut,K05 ,Dolo
1031,D06,Ukata,S02 ,Kabwum,P02 ,Gekut,K06 ,Weke
1032,D06,Ukata,S02 ,Kabwum,P03 ,Inweng,K01 ,Indum 1
1033,D06,Ukata,S02 ,Kabwum,P03 ,Inweng,K02 ,Indum 2
1034,D06,Ukata,S02 ,Kabwum,P03 ,Inweng,K03 ,Indum 3
1035,D06,Ukata,S02 ,Kabwum,P03 ,Inweng,K04 ,Indum 4
1036,D06,Ukata,S02 ,Kabwum,P04 ,Wanbel,K01 ,Selepet
1037,D06,Ukata,S02 ,Kabwum,P04 ,Wanbel,K02 ,Konimdo 1
1038,D06,Ukata,S02 ,Kabwum,P04 ,Wanbel,K03 ,Konimdo 2
1039,D06,Ukata,S02 ,Kabwum,P05 ,Deguso,K01 ,Solong
1040,D06,Ukata,S02 ,Kabwum,P05 ,Deguso,K02 ,Dengop
1041,D06,Ukata,S02 ,Kabwum,P05 ,Deguso,K03 ,Kusing
1042,D06,Ukata,S02 ,Kabwum,P06 ,Koniwa,K01 ,Wap
1043,D06,Ukata,S02 ,Kabwum,P06 ,Koniwa,K02 ,Nimbako
1044,D06,Ukata,S02 ,Kabwum,P06 ,Koniwa,K03 ,Kondolop
1045,D06,Ukata,S02 ,Kabwum,P06 ,Koniwa,K04 ,Umbmon
1046,D06,Ukata,S02 ,Kabwum,,,K01 ,Maranatha 
1047,D06,Ukata,S03 ,Timbe,P01 ,Disaen,K01 ,Dengonde
1048,D06,Ukata,S03 ,Timbe,P01 ,Disaen,K02 ,Sombongan
1049,D06,Ukata,S03 ,Timbe,P01 ,Disaen,K03 ,Mumugan
1050,D06,Ukata,S03 ,Timbe,P01 ,Disaen,K04 ,Kondoron
1051,D06,Ukata,S03 ,Timbe,P01 ,Disaen,K05 ,Lomongmon
1052,D06,Ukata,S03 ,Timbe,P02 ,Timowon,K01 ,Dawot
1053,D06,Ukata,S03 ,Timbe,P02 ,Timowon,K02 ,Teng
1054,D06,Ukata,S03 ,Timbe,P02 ,Timowon,K03 ,Sei
1055,D06,Ukata,S03 ,Timbe,P02 ,Timowon,K04 ,Hemon
1056,D06,Ukata,S03 ,Timbe,P03 ,Motu,K01 ,Nawo
1057,D06,Ukata,S03 ,Timbe,P03 ,Motu,K02 ,Motu
1058,D06,Ukata,S03 ,Timbe,P03 ,Motu,K03 ,Takop
1059,D06,Ukata,S03 ,Timbe,P03 ,Motu,K04 ,Kulung
1060,D06,Ukata,S03 ,Timbe,P04 ,Songin,K01 ,Kawange
1061,D06,Ukata,S03 ,Timbe,P04 ,Songin,K02 ,Yowung
1062,D06,Ukata,S03 ,Timbe,P04 ,Songin,K03 ,Hem
1063,D06,Ukata,S03 ,Timbe,P04 ,Songin,K04 ,Songin
1064,D06,Ukata,S03 ,Timbe,P04 ,Songin,K05 ,Giwilon
1065,D06,Ukata,S03 ,Timbe,P05 ,Derim Stesin,K01 ,Derim Stetsin
1066,D06,Ukata,S03 ,Timbe,P05 ,Derim Stesin,K02 ,Derim Stetsin
1067,D06,Ukata,S03 ,Timbe,P05 ,Derim Stesin,K03 ,Busion
1068,D06,Ukata,S03 ,Timbe,P05 ,Derim Stesin,K04 ,Worongon
1069,D06,Ukata,S03 ,Timbe,P05 ,Derim Stesin,K05 ,Nembo
1070,D06,Ukata,S03 ,Timbe,P05 ,Derim Stesin,K06 ,Borokey
1071,D06,Ukata,S03 ,Timbe,P05 ,Derim Stesin,K07 ,Kabwum High School
1072,D06,Ukata,S03 ,Timbe,P06 ,Hengune,K01 ,Yakop
1073,D06,Ukata,S03 ,Timbe,P06 ,Hengune,K02 ,Malon
1074,D06,Ukata,S03 ,Timbe,P07 ,Yandu,K01 ,Yandu 1
1075,D06,Ukata,S03 ,Timbe,P07 ,Yandu,K02 ,Yandu 2
1076,D06,Ukata,S03 ,Timbe,P07 ,Yandu,K03 ,Yandu 3
1077,D06,Ukata,S03 ,Timbe,P07 ,Yandu,K04 ,Yandu 4
1078,D06,Ukata,S03 ,Timbe,P08 ,Ondakey,K01 ,Ondakey
1079,D06,Ukata,S03 ,Timbe,P08 ,Ondakey,K02 ,Tumun
1080,D06,Ukata,S03 ,Timbe,P08 ,Ondakey,K03 ,Gotowon
1081,D06,Ukata,S03 ,Timbe,P08 ,Ondakey,K04 ,Gevenan
1082,D06,Ukata,S08 ,Tapen,P01 ,Munser,K01 ,Maramung
1083,D06,Ukata,S08 ,Tapen,P01 ,Munser,K02 ,Dirit
1084,D06,Ukata,S08 ,Tapen,P01 ,Munser,K03 ,Kian
1085,D06,Ukata,S08 ,Tapen,P01 ,Munser,K04 ,Sipgo
1086,D06,Ukata,S08 ,Tapen,P01 ,Munser,K05 ,Ajanget
1087,D06,Ukata,S08 ,Tapen,P01 ,Munser,K06 ,Aunon
1088,D06,Ukata,S08 ,Tapen,P01 ,Munser,K07 ,Bobangat
1089,D06,Ukata,S08 ,Tapen,P01 ,Munser,K08 ,Wakopop
1090,D06,Ukata,S08 ,Tapen,P02 ,Gaptamon,K01 ,Moum
1091,D06,Ukata,S08 ,Tapen,P02 ,Gaptamon,K02 ,Gaptamon
1092,D06,Ukata,S08 ,Tapen,P02 ,Gaptamon,K03 ,Yout 
1093,D06,Ukata,S08 ,Tapen,P02 ,Gaptamon,K04 ,Gakgep
1094,D06,Ukata,S08 ,Tapen,P02 ,Gaptamon,K05 ,Kopungkpang
1095,D06,Ukata,S08 ,Tapen,P03 ,Mabogaro,K01 ,Malalamai
1096,D06,Ukata,S08 ,Tapen,P03 ,Mabogaro,K02 ,Bonga
1097,D06,Ukata,S08 ,Tapen,P03 ,Mabogaro,K03 ,Gari
1098,D06,Ukata,S08 ,Tapen,P03 ,Mabogaro,K04 ,Ronzi
1099,D06,Ukata,S08 ,Tapen,P04 ,Yaseta,K01 ,Yokondi
1100,D06,Ukata,S08 ,Tapen,P04 ,Yaseta,K02 ,Seore
1101,D06,Ukata,S08 ,Tapen,P04 ,Yaseta,K03 ,Sel
1102,D06,Ukata,S08 ,Tapen,P04 ,Yaseta,K04 ,Taurang
1103,D06,Ukata,S09 ,Teptep,P01 ,Wandabong,K01 ,Bonkiman
1104,D06,Ukata,S09 ,Teptep,P01 ,Wandabong,K02 ,Tason 
1105,D06,Ukata,S09 ,Teptep,P01 ,Wandabong,K03 ,Komeleng
1106,D06,Ukata,S09 ,Teptep,P01 ,Wandabong,K04 ,Tapmot
1107,D06,Ukata,S09 ,Teptep,P01 ,Wandabong,K05 ,Dakaman
1108,D06,Ukata,S09 ,Teptep,P01 ,Wandabong,K06 ,Qaaop
1109,D06,Ukata,S09 ,Teptep,P02 ,Isan,K01 ,Norum
1110,D06,Ukata,S09 ,Teptep,P02 ,Isan,K02 ,Urop
1111,D06,Ukata,S09 ,Teptep,P02 ,Isan,K03 ,Kameda
1112,D06,Ukata,S09 ,Teptep,P02 ,Isan,K04 ,Bapuda
1113,D06,Ukata,S09 ,Teptep,P02 ,Isan,K05 ,Mek
1114,D06,Ukata,S09 ,Teptep,P02 ,Isan,K06 ,Klaset
1115,D06,Ukata,S09 ,Teptep,P03 ,Keweng,K01 ,Wungon
1116,D06,Ukata,S09 ,Teptep,P03 ,Keweng,K02 ,Kumbul
1117,D06,Ukata,S09 ,Teptep,P03 ,Keweng,K03 ,Tapmange
1118,D06,Ukata,S09 ,Teptep,P03 ,Keweng,K04 ,Memnan
1119,D06,Ukata,S09 ,Teptep,P03 ,Keweng,K05 ,Gongam
1120,D06,Ukata,S09 ,Teptep,P04 ,Utaguka,K01 ,Gangurut
1121,D06,Ukata,S09 ,Teptep,P04 ,Utaguka,K02 ,Weskokop
1122,D06,Ukata,S09 ,Teptep,P04 ,Utaguka,K03 ,Gua
1123,D06,Ukata,S09 ,Teptep,P04 ,Utaguka,K04 ,Taing
1124,D06,Ukata,S09 ,Teptep,P05 ,Bungawat,K01 ,Dungket
1125,D06,Ukata,S09 ,Teptep,P05 ,Bungawat,K02 ,Kolipon
1126,D06,Ukata,S09 ,Teptep,P06 ,Gogiok,K01 ,Gogiok
1127,D06,Ukata,S09 ,Teptep,P06 ,Gogiok,K02 ,Tolik
1128,D06,Ukata,S09 ,Teptep,P06 ,Gogiok,K03 ,Mumanaran
1129,D06,Ukata,S09 ,Teptep,P07 ,Dinangat,K01 ,Sakam 
1130,D06,Ukata,S09 ,Teptep,P07 ,Dinangat,K02 ,Tamunak
1131,D06,Ukata,S09 ,Teptep,P07 ,Dinangat,K03 ,Makwa
1132,D06,Ukata,S09 ,Teptep,P07 ,Dinangat,K04 ,Siwon
1133,D06,Ukata,S09 ,Teptep,P07 ,Dinangat,K05 ,Dinangat
1134,D06,Ukata,S09 ,Teptep,P08 ,Yau,K01 ,Sapmanga
1135,D06,Ukata,S09 ,Teptep,P08 ,Yau,K02 ,Kumdan
1136,D06,Ukata,S09 ,Teptep,P08 ,Yau,K03 ,Sagulong
1137,D06,Ukata,S09 ,Teptep,P08 ,Yau,K04 ,Boksawin
1138,D06,Ukata,S09 ,Teptep,P08 ,Yau,K05 ,Warin
1139,D06,Ukata,S09 ,Teptep,P08 ,Yau,K06 ,Yawan
1140,D06,Ukata,S09 ,Teptep,P08 ,Yau,K07 ,Mitmit
1141,D06,Ukata,S09 ,Teptep,P08 ,Yau,K08 ,Kotet
1142,D06,Ukata,S09 ,Teptep,P08 ,Yau,K09 ,Mup
1143,D06,Ukata,S09 ,Teptep,P08 ,Yau,K10 ,Sugan
1144,D06,Ukata,S09 ,Teptep,P08 ,Yau,K11 ,Sndamon
1145,D06,Ukata,S09 ,Teptep,P08 ,Yau,K12 ,Boit
1146,D06,Ukata,S10 ,Nankina,P01 ,Matamo,K01 ,Sindoma
1147,D06,Ukata,S10 ,Nankina,P01 ,Matamo,K02 ,Yongem
1148,D06,Ukata,S10 ,Nankina,P01 ,Matamo,K03 ,Dagene
1149,D06,Ukata,S10 ,Nankina,P01 ,Matamo,K04 ,Mipu
1150,D06,Ukata,S10 ,Nankina,P01 ,Matamo,K05 ,Tangam
1151,D06,Ukata,S10 ,Nankina,P01 ,Matamo,K06 ,Mambit
1152,D06,Ukata,S10 ,Nankina,P01 ,Matamo,K07 ,Yaqbo
1153,D06,Ukata,S10 ,Nankina,P02 ,Umbek,K01 ,Kasam
1154,D06,Ukata,S10 ,Nankina,P02 ,Umbek,K02 ,Warabung
1155,D06,Ukata,S10 ,Nankina,P02 ,Umbek,K03 ,Piwon
1156,D06,Ukata,S10 ,Nankina,P02 ,Umbek,K04 ,Daik
1157,D06,Ukata,S10 ,Nankina,P02 ,Umbek,K05 ,Kumbuwo
1158,D06,Ukata,S10 ,Nankina,P03 ,Gwarawon,K01 ,Kadambo
1159,D06,Ukata,S10 ,Nankina,P03 ,Gwarawon,K02 ,Gwarawon
1160,D06,Ukata,S10 ,Nankina,P03 ,Gwarawon,K03 ,Gugon
1161,D06,Ukata,S10 ,Nankina,P03 ,Gwarawon,K04 ,Kudiwek
1162,D06,Ukata,S10 ,Nankina,P03 ,Gwarawon,K05 ,Miok
1163,D06,Ukata,S10 ,Nankina,P04 ,Bambu,K01 ,Taip 1
1164,D06,Ukata,S10 ,Nankina,P04 ,Bambu,K02 ,Taip 2
1165,D06,Ukata,S10 ,Nankina,P04 ,Bambu,K03 ,Iqbo
1166,D06,Ukata,S10 ,Nankina,P04 ,Bambu,K04 ,Bambu
1167,D06,Ukata,S10 ,Nankina,P04 ,Bambu,K05 ,Meweng
1168,D06,Ukata,S10 ,Nankina,P05 ,?,K01 ,Eyengkewe
1169,D06,Ukata,S10 ,Nankina,P05 ,?,K02 ,Gumok
1170,D06,Ukata,S10 ,Nankina,P05 ,?,K03 ,Sevan
1171,D06,Ukata,S10 ,Nankina,P05 ,?,K04 ,Mambek
1172,D06,Ukata,S10 ,Nankina,P05 ,?,K05 ,Gubaiyong
1173,D07,Boana,S01 ,Zone 1: Erap,P01 ,Namibung,K01 ,Songkubing
1174,D07,Boana,S01 ,Zone 1: Erap,P01 ,Namibung,K02 ,Bungki
1175,D07,Boana,S01 ,Zone 1: Erap,P01 ,Namibung,K03 ,Migima
1176,D07,Boana,S01 ,Zone 1: Erap,P01 ,Namibung,K04 ,Sintogora
1177,D07,Boana,S01 ,Zone 1: Erap,P01 ,Namibung,K05 ,Usop
1178,D07,Boana,S01 ,Zone 1: Erap,P01 ,Namibung,K06 ,Sulumun
1179,D07,Boana,S01 ,Zone 1: Erap,P02 ,Figosa,K01 ,Tagup
1180,D07,Boana,S01 ,Zone 1: Erap,P02 ,Figosa,K02 ,Kokosan
1181,D07,Boana,S01 ,Zone 1: Erap,P02 ,Figosa,K03 ,Gom
1182,D07,Boana,S01 ,Zone 1: Erap,P02 ,Figosa,K04 ,Finongan
1183,D07,Boana,S01 ,Zone 1: Erap,P02 ,Figosa,K05 ,Gafan
1184,D07,Boana,S01 ,Zone 1: Erap,P03 ,St. Gimafa,K01 ,Rowai 1
1185,D07,Boana,S01 ,Zone 1: Erap,P03 ,St. Gimafa,K02 ,Rowai 2
1186,D07,Boana,S01 ,Zone 1: Erap,P03 ,St. Gimafa,K03 ,Rabisap
1187,D07,Boana,S01 ,Zone 1: Erap,P03 ,St. Gimafa,K04 ,Nimara
1188,D07,Boana,S01 ,Zone 1: Erap,P03 ,St. Gimafa,K05 ,Kapora
1189,D07,Boana,S01 ,Zone 1: Erap,P03 ,St. Gimafa,K06 ,Nemem
1190,D07,Boana,S01 ,Zone 1: Erap,P03 ,St. Gimafa,K07 ,Yangarang
1191,D07,Boana,S01 ,Zone 1: Erap,P03 ,St. Gimafa,K08 ,Tating
1192,D07,Boana,S01 ,Zone 1: Erap,P04 ,Mubago,K01 ,Fi
1193,D07,Boana,S01 ,Zone 1: Erap,P04 ,Mubago,K02 ,Tinibe
1194,D07,Boana,S01 ,Zone 1: Erap,P04 ,Mubago,K03 ,Torowa
1195,D07,Boana,S01 ,Zone 1: Erap,P04 ,Mubago,K04 ,Wesan
1196,D07,Boana,S01 ,Zone 1: Erap,P04 ,Mubago,K05 ,Kapmewang
1197,D07,Boana,S01 ,Zone 1: Erap,P05 ,Sugu,K01 ,Sibi
1198,D07,Boana,S01 ,Zone 1: Erap,P05 ,Sugu,K02 ,Rimbun
1199,D07,Boana,S01 ,Zone 1: Erap,P05 ,Sugu,K03 ,Bayang
1200,D07,Boana,S01 ,Zone 1: Erap,P05 ,Sugu,K04 ,Kawerarang
1201,D07,Boana,S01 ,Zone 1: Erap,P05 ,Sugu,K05 ,Barawang
1202,D07,Boana,S01 ,Zone 1: Erap,P06 ,Masiba,K01 ,Saut
1203,D07,Boana,S01 ,Zone 1: Erap,P06 ,Masiba,K02 ,Lemang
1204,D07,Boana,S01 ,Zone 1: Erap,P06 ,Masiba,K03 ,Kasangan
1205,D07,Boana,S01 ,Zone 1: Erap,P06 ,Masiba,K04 ,Mosa
1206,D07,Boana,S01 ,Zone 1: Erap,P06 ,Masiba,K05 ,Kamdaran
1207,D07,Boana,S01 ,Zone 1: Erap,P06 ,Masiba,K06 ,Burapan
1208,D07,Boana,S02 ,Zone 2: Wain,P01 ,Gaing Kusip,K01 ,Laip
1209,D07,Boana,S02 ,Zone 2: Wain,P01 ,Gaing Kusip,K02 ,Salom
1210,D07,Boana,S02 ,Zone 2: Wain,P01 ,Gaing Kusip,K03 ,Kisim Bek
1211,D07,Boana,S02 ,Zone 2: Wain,P01 ,Gaing Kusip,K04 ,Marimari
1212,D07,Boana,S02 ,Zone 2: Wain,P01 ,Gaing Kusip,K05 ,nadifo
1213,D07,Boana,S02 ,Zone 2: Wain,P01 ,Gaing Kusip,K06 ,Silong
1214,D07,Boana,S02 ,Zone 2: Wain,P01 ,Gaing Kusip,K07 ,Ankrismo
1215,D07,Boana,S02 ,Zone 2: Wain,P01 ,Gaing Kusip,K08 ,Hauta
1216,D07,Boana,S02 ,Zone 2: Wain,P02 ,Kwepunung,K01 ,Ninadi
1217,D07,Boana,S02 ,Zone 2: Wain,P02 ,Kwepunung,K02 ,Dzendzen
1218,D07,Boana,S02 ,Zone 2: Wain,P02 ,Kwepunung,K03 ,Wasin
1219,D07,Boana,S02 ,Zone 2: Wain,P02 ,Kwepunung,K04 ,Diridia
1220,D07,Boana,S02 ,Zone 2: Wain,P02 ,Kwepunung,K05 ,Sokam
1221,D07,Boana,S02 ,Zone 2: Wain,P02 ,Kwepunung,K06 ,Mumingan
1222,D07,Boana,S02 ,Zone 2: Wain,P03 ,Bandong,K01 ,Sikilen
1223,D07,Boana,S02 ,Zone 2: Wain,P03 ,Bandong,K02 ,Bandong
1224,D07,Boana,S02 ,Zone 2: Wain,P03 ,Bandong,K03 ,Bosagen
1225,D07,Boana,S02 ,Zone 2: Wain,P03 ,Bandong,K04 ,Kawelau
1226,D07,Boana,S02 ,Zone 2: Wain,P05 ,Gusi,K01 ,Ganzingan
1227,D07,Boana,S02 ,Zone 2: Wain,P05 ,Gusi,K02 ,Goambot
1228,D07,Boana,S02 ,Zone 2: Wain,P05 ,Gusi,K03 ,Wambangan
1229,D07,Boana,S02 ,Zone 2: Wain,P05 ,Gusi,K04 ,Manandambin
1230,D07,Boana,S02 ,Zone 2: Wain,P06 ,Gewak,K01 ,Tamben
1231,D07,Boana,S02 ,Zone 2: Wain,P06 ,Gewak,K02 ,Bawan
1232,D07,Boana,S02 ,Zone 2: Wain,P06 ,Gewak,K03 ,Gelmen
1233,D07,Boana,S02 ,Zone 2: Wain,P06 ,Gewak,K04 ,Gewak
1234,D07,Boana,S02 ,Zone 2: Wain,P06 ,Gewak,K05 ,Misok
1235,D07,Boana,S02 ,Zone 2: Wain,P06 ,Gewak,K06 ,Orin
1236,D07,Boana,S03 ,Zone 3: Nabak,P01 ,Satukimo,K01 ,Kiakum
1237,D07,Boana,S03 ,Zone 3: Nabak,P01 ,Satukimo,K02 ,Tuwep
1238,D07,Boana,S03 ,Zone 3: Nabak,P01 ,Satukimo,K03 ,Sakarang
1239,D07,Boana,S03 ,Zone 3: Nabak,P01 ,Satukimo,K04 ,Mogon
1240,D07,Boana,S03 ,Zone 3: Nabak,P02 ,Yaqamu,K01 ,Yalumbang
1241,D07,Boana,S03 ,Zone 3: Nabak,P02 ,Yaqamu,K02 ,Mumbanzing
1242,D07,Boana,S03 ,Zone 3: Nabak,P02 ,Yaqamu,K03 ,Qamben
1243,D07,Boana,S03 ,Zone 3: Nabak,P03 ,Baqata,K01 ,Awen
1244,D07,Boana,S03 ,Zone 3: Nabak,P03 ,Baqata,K02 ,Tukwambet
1245,D07,Boana,S03 ,Zone 3: Nabak,P03 ,Baqata,K03 ,Baindoang
1246,D07,Boana,S03 ,Zone 3: Nabak,P03 ,Baqata,K04 ,Qamberen
1247,D07,Boana,S03 ,Zone 3: Nabak,P03 ,Baqata,K05 ,Akandang
1248,D07,Boana,S03 ,Zone 3: Nabak,P03 ,Baqata,K06 ,Anopman
1249,D07,Boana,S03 ,Zone 3: Nabak,P03 ,Baqata,K07 ,Umbangan
1250,D07,Boana,S03 ,Zone 3: Nabak,P04 ,Tuni,K01 ,Kistuen
1251,D07,Boana,S03 ,Zone 3: Nabak,P04 ,Tuni,K02 ,Mosoip
1252,D07,Boana,S03 ,Zone 3: Nabak,P04 ,Tuni,K03 ,Zinsaik
1253,D07,Boana,S03 ,Zone 3: Nabak,P04 ,Tuni,K04 ,Dokalang
1254,D07,Boana,S03 ,Zone 3: Nabak,P04 ,Tuni,K05 ,Sasawalen
1255,D07,Boana,S03 ,Zone 3: Nabak,P04 ,Tuni,K06 ,Kalangandong
1256,D07,Boana,S03 ,Zone 3: Nabak,P04 ,Tuni,K07 ,Bendep
1257,D07,Boana,S03 ,Zone 3: Nabak,P04 ,Tuni,K08 ,Momsalop
1258,D07,Boana,S03 ,Zone 3: Nabak,P04 ,Tuni,K09 ,Dimining
1259,D07,Boana,S03 ,Zone 3: Nabak,P05 ,Roumi,K01 ,Ogau
1260,D07,Boana,S03 ,Zone 3: Nabak,P05 ,Roumi,K02 ,Zitare
1261,D07,Boana,S03 ,Zone 3: Nabak,P05 ,Roumi,K03 ,Sezilime
1262,D07,Boana,S03 ,Zone 3: Nabak,P05 ,Roumi,K04 ,Tombaka
1263,D07,Boana,S03 ,Zone 3: Nabak,P05 ,Roumi,K05 ,Sambuen
1264,D07,Boana,S03 ,Zone 3: Nabak,P05 ,Roumi,K06 ,Zanam
1265,D07,Boana,S03 ,Zone 3: Nabak,P06 ,Mamasi,K01 ,Samamansing
1266,D07,Boana,S03 ,Zone 3: Nabak,P06 ,Mamasi,K02 ,Tuzing
1267,D07,Boana,S03 ,Zone 3: Nabak,P06 ,Mamasi,K03 ,Tusulu
1268,D07,Boana,S03 ,Zone 3: Nabak,P06 ,Mamasi,K04 ,Buko
1269,D08,Mumeng,S01 ,Zone 1,P01 ,Wau Taun,K01 ,Ridima 
1270,D08,Mumeng,S01 ,Zone 1,P01 ,Wau Taun,K02 ,White Kompau
1271,D08,Mumeng,S01 ,Zone 1,P01 ,Wau Taun,K03 ,Forestri
1272,D08,Mumeng,S01 ,Zone 1,P01 ,Wau Taun,K04 ,New Bread
1273,D08,Mumeng,S01 ,Zone 1,P01 ,Wau Taun,K05 ,Masama
1274,D08,Mumeng,S01 ,Zone 1,P01 ,Wau Taun,K06 ,A.D.O.
1275,D08,Mumeng,S01 ,Zone 1,P01 ,Wau Taun,K07 ,Misisbot
1276,D08,Mumeng,S01 ,Zone 1,P01 ,Wau Taun,K08 ,Mais Kaundi
1277,D08,Mumeng,S01 ,Zone 1,P01 ,Wau Taun,K09 ,4 Mile
1278,D08,Mumeng,S01 ,Zone 1,P01 ,Wau Taun,K10 ,Nemnem
1279,D08,Mumeng,S01 ,Zone 1,P02 ,Mubuwa,K01 ,Kobiau
1280,D08,Mumeng,S01 ,Zone 1,P02 ,Mubuwa,K02 ,Maus Kuranga
1281,D08,Mumeng,S01 ,Zone 1,P02 ,Mubuwa,K03 ,St Philip
1282,D08,Mumeng,S01 ,Zone 1,P03 ,Kaindi,K01 ,Wara Karap
1283,D08,Mumeng,S01 ,Zone 1,P03 ,Kaindi,K02 ,?
1284,D08,Mumeng,S01 ,Zone 1,P03 ,Kaindi,K03 ,?
1285,D08,Mumeng,S01 ,Zone 1,P04 ,Yawadibu,K01 ,Yawadibu
1286,D08,Mumeng,S01 ,Zone 1,P05 ,Moina,K01 ,Wandumi
1287,D08,Mumeng,S01 ,Zone 1,P05 ,Moina,K02 ,Kaisini
1288,D08,Mumeng,S02 ,Zone 2,P01 ,Malangta,K01 ,Leklu
1289,D08,Mumeng,S02 ,Zone 2,P01 ,Malangta,K02 ,Latep
1290,D08,Mumeng,S02 ,Zone 2,P01 ,Malangta,K03 ,Gawapu
1291,D08,Mumeng,S02 ,Zone 2,P01 ,Malangta,K04 ,Denglu
1292,D08,Mumeng,S02 ,Zone 2,P01 ,Malangta,K05 ,Bimbu
1293,D08,Mumeng,S02 ,Zone 2,P01 ,Malangta,K06 ,Sangas
1294,D08,Mumeng,S02 ,Zone 2,P01 ,Malangta,K07 ,Samsam
1295,D08,Mumeng,S02 ,Zone 2,P01 ,Malangta,K08 ,Pelanguwa
1296,D08,Mumeng,S02 ,Zone 2,P02 ,St. Steven,K01 ,Sausau
1297,D08,Mumeng,S02 ,Zone 2,P02 ,St. Steven,K02 ,Admin
1298,D08,Mumeng,S02 ,Zone 2,P02 ,St. Steven,K03 ,Forestry
1299,D08,Mumeng,S02 ,Zone 2,P02 ,St. Steven,K04 ,New Kemp
1300,D08,Mumeng,S02 ,Zone 2,P02 ,St. Steven,K05 ,Bailis
1301,D08,Mumeng,S02 ,Zone 2,P02 ,St. Steven,K06 ,Karanas
1302,D08,Mumeng,S02 ,Zone 2,P02 ,St. Steven,K07 ,Siapan
1303,D08,Mumeng,S02 ,Zone 2,P02 ,St. Steven,K08 ,Paitop
1304,D08,Mumeng,S02 ,Zone 2,P02 ,St. Steven,K09 ,Mausboxs
1305,D08,Mumeng,S02 ,Zone 2,P02 ,St. Steven,K10 ,Ekopa
1306,D08,Mumeng,S02 ,Zone 2,P02 ,St. Steven,K11 ,Frosal
1307,D08,Mumeng,S02 ,Zone 2,P03 ,Waikanda,K01 ,Erowa Creen
1308,D08,Mumeng,S02 ,Zone 2,P03 ,Waikanda,K02 ,Nauti
1309,D08,Mumeng,S02 ,Zone 2,P03 ,Waikanda,K03 ,Sapanda
1310,D08,Mumeng,S02 ,Zone 2,P04 ,Andarira,K01 ,Manyanda
1311,D08,Mumeng,S02 ,Zone 2,P04 ,Andarira,K02 ,Pararoa
1312,D08,Mumeng,S02 ,Zone 2,P04 ,Andarira,K03 ,Gumi
1313,D08,Mumeng,S02 ,Zone 2,P04 ,Andarira,K04 ,Andarola
1314,D08,Mumeng,S03 ,Zone 3,P01 ,St. John,K01 ,Uumalu
1315,D08,Mumeng,S03 ,Zone 3,P01 ,St. John,K02 ,St Gesungtaus
1316,D08,Mumeng,S03 ,Zone 3,P01 ,St. John,K03 ,Pamelabus
1317,D08,Mumeng,S03 ,Zone 3,P01 ,St. John,K04 ,Stesin
1318,D08,Mumeng,S03 ,Zone 3,P01 ,St. John,K05 ,Bamaulum
1319,D08,Mumeng,S03 ,Zone 3,P01 ,St. John,K06 ,Sambio
1320,D08,Mumeng,S03 ,Zone 3,P02 ,St. Loplam,K01 ,Denglu
1321,D08,Mumeng,S03 ,Zone 3,P02 ,St. Loplam,K02 ,Viriuxa
1322,D08,Mumeng,S03 ,Zone 3,P02 ,St. Loplam,K03 ,Hambu
1323,D08,Mumeng,S03 ,Zone 3,P02 ,St. Loplam,K04 ,Mahomba
1324,D08,Mumeng,S03 ,Zone 3,P03 ,Kaukesa,K01 ,Wakni
1325,D08,Mumeng,S03 ,Zone 3,P03 ,Kaukesa,K02 ,Bundun
1326,D08,Mumeng,S03 ,Zone 3,P03 ,Kaukesa,K03 ,Genengmo
1327,D08,Mumeng,S03 ,Zone 3,P03 ,Kaukesa,K04 ,Bialopu
1328,D08,Mumeng,S03 ,Zone 3,P04 ,Interim,K01 ,Mumentain
1329,D08,Mumeng,S03 ,Zone 3,P05 ,Palakris,K01 ,Parakris
1330,D08,Mumeng,S03 ,Zone 3,P05 ,Palakris,K02 ,Yanta
1331,D08,Mumeng,S03 ,Zone 3,P05 ,Palakris,K03 ,Zenag
1332,D08,Mumeng,S04 ,Zone 4,P01 ,Tauem,K01 ,Tayem
1333,D08,Mumeng,S04 ,Zone 4,P01 ,Tauem,K02 ,Galawo
1334,D08,Mumeng,S04 ,Zone 4,P01 ,Tauem,K03 ,Sanang
1335,D08,Mumeng,S04 ,Zone 4,P01 ,Tauem,K04 ,Geules
1336,D08,Mumeng,S04 ,Zone 4,P01 ,Tauem,K05 ,Sambus
1337,D08,Mumeng,S04 ,Zone 4,P02 ,Gawapu,K01 ,Gawapu
1338,D08,Mumeng,S04 ,Zone 4,P02 ,Gawapu,K02 ,Dambi
1339,D08,Mumeng,S04 ,Zone 4,P02 ,Gawapu,K03 ,Dangal
1340,D08,Mumeng,S04 ,Zone 4,P02 ,Gawapu,K04 ,Biamena
1341,D08,Mumeng,S04 ,Zone 4,P02 ,Gawapu,K05 ,Piu
1342,D08,Mumeng,S05 ,Zone 5,P01 ,Timini,K02 ,Humbake
1343,D08,Mumeng,S05 ,Zone 5,P01 ,Timini,K03 ,Tumbol
1344,D08,Mumeng,S05 ,Zone 5,P01 ,Timini,K04 ,Gelengno
1345,D08,Mumeng,S05 ,Zone 5,P02 ,Gurakor,K01 ,Gurakol
1346,D08,Mumeng,S05 ,Zone 5,P02 ,Gurakor,K02 ,Bupu
1347,D08,Mumeng,S05 ,Zone 5,P02 ,Gurakor,K03 ,Omalai
1348,D08,Mumeng,S05 ,Zone 5,P03 ,Ahiu,K01 ,Hengabu
1349,D08,Mumeng,S05 ,Zone 5,P03 ,Ahiu,K02 ,Toangola
1350,D08,Mumeng,S05 ,Zone 5,P03 ,Ahiu,K03 ,Zimangke
1351,D09,NGI,S01 ,Kimbe,P01 ,Holi Triniti,K01 ,Sios Graun
1352,D09,NGI,S01 ,Kimbe,P01 ,Holi Triniti,K02 ,Bilom 1
1353,D09,NGI,S01 ,Kimbe,P01 ,Holi Triniti,K03 ,Bilom 2
1354,D09,NGI,S01 ,Kimbe,P01 ,Holi Triniti,K04 ,Bilom 3
1355,D09,NGI,S01 ,Kimbe,P01 ,Holi Triniti,K05 ,Molova & Kalasu
1356,D09,NGI,S01 ,Kimbe,P01 ,Holi Triniti,K06 ,Forest
1357,D09,NGI,S01 ,Kimbe,P01 ,Holi Triniti,K07 ,Mil kompaun
1358,D09,NGI,S04 ,Kevieng,,,K01 ,Kevieng
1359,D09,NGI,S04 ,Kevieng,,,K02 ,Namatanai
1360,D12,Goroka,S04 ,Asaroka,,Siwili,K01 ,Kafana
1361,D12,Goroka,S04 ,Asaroka,P01 ,Siwili,K02 ,Finito
1362,D12,Goroka,S04 ,Asaroka,P01 ,Siwili,K03 ,Gamuka
1363,D12,Goroka,S04 ,Asaroka,P01 ,Siwili,K04 ,Arikayufa
1364,D12,Goroka,S04 ,Asaroka,P01 ,Siwili,K05 ,Gotobe
1365,D12,Goroka,S04 ,Asaroka,P01 ,Siwili,K06 ,Masumare
1366,D12,Goroka,S04 ,Asaroka,P01 ,Siwili,K07 ,Kamariki
1367,D12,Goroka,S04 ,Asaroka,P01 ,Siwili,K08 ,Roza
1368,D12,Goroka,S04 ,Asaroka,P02 ,Gama,K01 ,Mono
1369,D12,Goroka,S04 ,Asaroka,P02 ,Gama,K02 ,Gepaina o Betali
1370,D12,Goroka,S04 ,Asaroka,P02 ,Gama,K03 ,Sipira
1371,D12,Goroka,S04 ,Asaroka,P07 ,Yaukawe,K01 ,Orumba
1372,D12,Goroka,S04 ,Asaroka,P07 ,Yaukawe,K02 ,Arango
1373,D12,Goroka,S04 ,Asaroka,P07 ,Yaukawe,K03 ,Lataro
1374,D12,Goroka,S04 ,Asaroka,P07 ,Yaukawe,K04 ,St. Jekop
1375,D12,Goroka,S04 ,Asaroka,P07 ,Yaukawe,K05 ,Betel
1376,D12,Goroka,S04 ,Asaroka,P07 ,Yaukawe,K06 ,Emegawe
1377,D12,Goroka,S04 ,Asaroka,P07 ,Yaukawe,K07 ,Jafoka
1378,D12,Goroka,S04 ,Asaroka,P07 ,Yaukawe,K08 ,Hegu
1379,D12,Goroka,S04 ,Asaroka,P07 ,Yaukawe,K09 ,Kononenge
1380,D12,Goroka,S04 ,Asaroka,P09 ,Ramu Wokmisin,K01 ,Kesewai
1381,D12,Goroka,S04 ,Asaroka,P09 ,Ramu Wokmisin,K02 ,Asas
1382,D12,Goroka,S04 ,Asaroka,P09 ,Ramu Wokmisin,K03 ,Torokop
1383,D12,Goroka,S04 ,Asaroka,P09 ,Ramu Wokmisin,K04 ,Misinari
1384,D12,Goroka,S04 ,Asaroka,P09 ,Ramu Wokmisin,K05 ,Teri
1385,D12,Goroka,S04 ,Asaroka,P09 ,Ramu Wokmisin,K06 ,Malea
1386,D12,Goroka,S04 ,Asaroka,P09 ,Ramu Wokmisin,K07 ,Nilmami
1387,D12,Goroka,S04 ,Asaroka,P09 ,Ramu Wokmisin,K08 ,?
1388,D12,Goroka,S06 ,Goroka Taun,P01 ,St. Johns,K01 ,English
1389,D12,Goroka,S06 ,Goroka Taun,P01 ,St. Johns,K02 ,Pisin
1390,D12,Goroka,S06 ,Goroka Taun,P01 ,St. Johns,K03 ,Paragon
1391,D12,Goroka,S06 ,Goroka Taun,P02 ,St. Mathew,K01 ,St. Matyu
1392,D12,Goroka,S06 ,Goroka Taun,P02 ,St. Mathew,K02 ,Biute
1393,D12,Goroka,S06 ,Goroka Taun,P02 ,St. Mathew,K03 ,Fotama
1394,D12,Goroka,S06 ,Goroka Taun,P02 ,St. Mathew,K04 ,Beter
1395,D12,Goroka,S06 ,Goroka Taun,P02 ,St. Mathew,K05 ,Matega
