school_pers_id,school_name,school_level,school_year,school_tertiary,school_course_study,school_years_study,school_year_gratuated,school_attainment,school_other_training,school_duration,school_start_end,school_institu_trainer,school_other_attainment,school_id
,,,,,,,,,,,,,,1
1,Onuranka,Grade 8,,,,,,,ETC Kambaidam,2 years,1990 - 1991,,Certificate (Evangelist),2
2,Dregerhaffen High School,10,1989,Logaweng Seminary,Theology,1995-2000,2000,Diploma,DWU,2 years,2016-2017,DWU,Certificate,3
3,,,,,,,,,,,,,,4
4,Maman P/S,Grade 6,1996,NETC Amron,,2002,2009,,,,,,,5
5,,,,,,,,,,,,,,6
6,,,,,,,,,,,,,,7
7,,,,,,,,,,,,,,8
8,Dangsai,Gr 6 ,1976,NETG Amron,,2008-2010,2010,,,,,,,9
9,Dangsai P/S,Gr. 6,1975,,,,,,Evangelis Training,2 yrs,1996-1997,,,10
10,Wai Wiri,Grade 6,1968,ELCPNG Evangelism Dept,Short Course - Evangelism Dept,2years,2000,Certificate,,,,"Rev. Darial Boyd, Rev. Wesley Kerenga",Certificate,11
11,Amron,1990-1991,1991,Evangelist,Theology,1990-1991,,,,,,,,12
12,Amron,1990-1991,1991,Evangelist,Theology,1990-1991,24/11/1991,Cert,,,,,,13
13,Monono,Gr 6,1972,Mission Sch ,Bible Study ,2 years ,1974,Evengelism Study ,Short Course Evenelism ,two years ,1998-2000,"President Darius Boyd, Dr wesley Kegezung ",Evengelism Certificate ,14
14,,,,,,,,,,,,,,15
15,,Gr 8,,,,,,,Evangelism ,Jan 23-Nov 28,,,,16
16,Muaina high sch,gr. 10,2000,Senior Flierl,Theology,2014-2019,2019,Cert,,,,,,17
17,Bubia Primary Sch,Gr 8 ,2002,St Joseph Tech ,Motor ,2003-2004,2004,certificate ,Seminary ,5 years ,2016-2020,,Diploma in Teology ,18
18,yawe moses Secondary,Gr.12,2003,Seminary,theology,6 yrs,2011,Diploma,,,,,,19
19,Logioweng ,Setifiket,2009,Logioweng ,Tio Losgi,2005-2009,2009,certificate ,,,,,,20
20,,,,,,,,,,,,,,21
21,Nitlon Com School,gr. 6,1972,ETC amron,,1993-2000,2000,Cert,,,,,,22
22,Asaroka H/Sch,Gr 10 ,1975,Police Collage Bomana,Police Study ,Six Month ,1976,Police man,Refreser Training ,6 months ,13/2/1980-15/8/80,Bomona P/Coll,Certificate in General Police Duty,23
23,,,,,,,,,,,,,,24
24,Naman P/S,gr.6,1993,NETC amron,theology,2010-2012,2012,,,,,,,25
25,Brahman H/Sch,Gr 10,1985,Pom Tech ,Pet Printing ,1986,1986,certificate ,Pastoral Training ,6 years ,1997-2004,Martin Luther Sem,Diploma in Theology ,26
26,Wagawe p/s,GR. 7,2016,short course,leadership,2013,2022,,,,,,,27
27,,,,,,,,,,,,,,28
28,Kerowagi Sec Sch,10,1994,CTC,Book Keeping ,1995-1996,1996,,,,,,,29
29,Ogelbang Highlands Serminary,2 yrs,1984,,,,,,,Rintebe Tisa Training ,1973-1974,,,30
30,Asaroka Lutheran Secondary School,Certificate ,1991,,,,,,short course ,two weeks ,,Dist Gutnius Opis ,Certificate ,31
31,,,,,,,,,,,,,,32
32,Kesenaka Com school,Gr.6,1998,Short course ,leadership,"2013, 2022",2022,Cert,,,,,,33
33,Kainantu ,Gr 10 ,1999,,,,,,,,,,,34
34,Bugendi Secondary,Gr. 10,1996,Logaweng Seminary,theology,5 yrs,2012,Cert,,,,,,35
35,Hagen Park Sec,Gr 10,2000,Lutheran H/Semi,Theology ,5 years ,2012,certificate ,,,,,,36
36,One Runka Tokples Skul,4 yrs,1974,Lutheran Highlands seminary,Theology,1984-1988,1988,Cert,,,,,,37
37,Good Shepherd Hig,Gr 10 ,2009,,,,,,S.F.S Logaweng ,5 years ,2013-17,Logaweng ,Diploma in Theology ,38
38,Bromely,8 yrs,2022,Evangelism,Theology,,,Cert,Machenic,,2009-2010,vocational,Rabiamul,39
39,Tuam P/S,Gr 6,1974,snr Friel Seminary,Theology ,5 years ,1998,Diploma ,,,,,,40
40,,,,,,,,,,,,,,41
41,Goroka H/Sch,Gr 10 ,1988,Seminary (Ogelbeng),Theology ,1997-2002,2002,certificate ,short  course ,1 week ,,Angu Care PNG,Certificate ,42
42,Dangsai P/S,Gr.1-6,1978,,,,,,NETC Amron,1992-1993,,,,43
43,Bahor ,Gr 6,1978,ETC Amron,Rot igat laif,3,2004,,,,,,,44
44,Kainantu Com School,gr.6,1972,,,,,,sot kos training ,1995-1996,,,,45
45,Arau Primary School,3 years ,2000,,,,,,Kaiang Service ,Disability Chimbu ,2017-11 months ,,certificate ,46
46,Namau P/S,Gr.6,1985,Karkar High School,"English, Maths",1986-1989,1989,Cert. Gr.10,,,,,,47
47,,,,,,,,,,,,,,48
48,Jamad P/S,Gr 6,2000,Amron NETC,Home- Lectic,2017-2020,2020,certificate ,,,,,,49
49,Doggia P/S,Gr 8 ,2005,Ameron NECT,Home- Lectic ,2019-2021,2021,,,,,,,50
50,Henganofi High Sch,Gr.10,1997,Lutheran Highlands Seminary,Theology,2012,2017,Cert,Eva. Training ,Evangelis,1994-1995,,Cert,51
51,FODE,Gr 10 ,1996,Martin Luther Semi,Theology ,3 years ,2019,Advance Diploma,,,,,,52
52,Bumayong Lutheran Secondary School,Gr.12,2010,MLS,Theology,2013-2018,2018,Diploma,Cert.Data Training,,,,,53
53,Bagabag Central School,Gr 4,,Amron ,Theology ,3,2021,certificate ,,,,,,54
54,Kozo Rappe,Gr.10,1982,Lutheran Church Collage,evangelist Teacher,3 yrs,2000,Cert,HIV Basic Training ,1 week,23-27/09/2013,Salvation Army,Cert,55
55,Kesewaka P/Sch,Gr 6,1978,,,,,,Sot Kos-Parish Level,year 1982,,,,56
56,Karkar Secondary,Gr.10,2011,Amron,Church History,1 yr,2020,Cert,,,,,,57
57,Kesenaka Com/S,Gr.3,,Short Course,Leadership training,2020/2023,,,Cert,,,,,58
58,Wabag H/Sch,Gr 10,2005,Snr Friel Seminary,Theology ,5 years ,2018,certificate ,Adult Lit Training ,4 weeks ,,,,59
59,Ani Kuglame,Gr.8,2007,NATC Amron,Theology,3 yrs,2019,Cert,VHU/ litracy,6 weeks,2017-2019,Pastor House,Cert,60
60,Mai P/S,Gr 3 ,1974,NETC Amron,Evangelist ,2003-5,2005,,"VHV, Adult Lit",,2003-2005,Amron ,,61
61,,,,NETC Amron ,Theology ,3 years ,2022,Certificate ,,,,,,62
62,Henganofi High school,Gr.8,2000,,,,,,Kambaidam Evn Training,2010-2011,,,Cert,63
63,Archie singat Mileng,Gr.10,2012,TVET,Welding,1yr,2014,Cert,,,,,,64
64,Namav,Gr 6 ,1969,,,,,,Amron,3 years ,1970-1973,Amron Bible Sch,Certificate ,65
65,Mopo P/S,Gr.8,,Amron,Theology,3 yrs,2022,Cert,,,,,,66
66,,,,NETC Amron ,Theology ,3,2021,Certificate ,,,,,,67
67,karkar High School,Gr.8,1988,SENIOR Flierl,Theology,5 yrs,2014,Cert,,,,,,68
68,Nitlon P/S,Gr 6,1979,Logaweng Sem,Theology ,1986-1990,1990,certificate ,vokesional ,3 years ,1983-85 ,Bau Madang ,Kapenta ,69
69,Karkar Secondary school,Gr.10,2000,,,,,,Pastor Training (SFS),5 yrs,2014-2018,Logaweng,Cert,70
15,,,,,,,,,,,,,,71
16,,,,,,,,,,,,,,72
17,,,,,,,,,,,,,,73
70,Kavieng Com/School,Gr.8,1982,,Evn Training ,1 month,,Cert,Good Goverance,1 week,24-28/07/2023,Wesly Kerenga,not yet,74
71,Usino P/Sch,Gr6,1999,Evangelist Tra Center,"Homilitik/ Bible Study, Youth/VHV/Litrisi",3,2020,,,,,,,75
72,Senior Flier Seminary,5 yrs,2018,,,,,,,,,,,76
73,Goroka Tec Col,Gr 10,1977,Martin Luther Sem,Theology ,6,1990,Diploma ,,,,,,77
74,Mehenave Com/S,Gr.6,1996,,,,,,,Short Course Training,1999,Rev. Giage Motoro,,78
75,Good Shepard Lutheran H/sch ,1996-2000,2000,,,,,,Snr Friel Seminary ,5 years ,2014-2018,,,79
76,Ilu P/S,Gr.6,1972-1977,Lutheran Highlands Seminary,Theology,2005-2009,2009,Cert,,,,,,80
77,Bumyong H/Sch,Gr 10,1996,Langa Sales Institute,Sales & Marketing,one year ,1999,certificate ,,,,,,81
78,Ganbensis Com/School,Gr.6,1991,,,,,,,,,,,82
79,,,,NETC amron,Theology,3 yrs,2019,Cert,,,,,,83
80,Sikong P/Sch,Gr 8,1996,Ogelbeng ,Theology ,5 years ,2018,,,,,,,84
81,Langlang P/S,Gr.8,1994,NETC Amron,Theology,3 yrs,2018,,,,,,,85
82,Biaila H/Sch,Gr 10,1986,Snr Friel Seminary,Ministry ,1989-1993,1993,,,,,,,86
83,Asaroka Community School,Grade 3,1971,,,,,,Evangelist,1 week,,Missionary,Certificate,87
84,,,,,,,,,Evangelist ,3 years,1967-1969,Wabi Bible School,Certificate,88
85,,,,,,,,,,,,,,89
86,,,,,,,,,Tokples skul,4 years,1964-1968,Yoga Tokples Skul,,90
87,,,,,,,,,Baibel Skul,2 years,1970-1971,Tunda Bible School,,91
88,,,,,,,,,Evangelist  Course,6 weeks,2005,Rev. Gerry Mangiri,Certificate,92
89,Chuave High Sch,G8,1981,Amron Evengelist Training Center,Evangelism,3 years ,2003,Certificate ,,,,,,93
90,Henganofi Primary School,Grade 6,1973,,,,,,Evangelist Short Course,4 months,1994,Naira Parish/Missionary Paul,Certificate,94
91,,,,,,,,,,,,,,95
92,Okapa Community School,Grade 6,1961,,,,,,Evangelist Course,6 months,1982,St. Pauls Congregation,,96
93,YUFETO COMM. SCHOOL,GR 6,1986,N/A,N/A,N/A,N/A,N/A,N/A,N/A,N/A,N/A,N/A,97
94,Agotu Pri Sch,G6,1975,Kamariki Voc,Plumbing,1 year ,1976,Certificate,Amron Wokman Training,2 years ,1976,Amron Wokman Training,Certificate ,98
95,Pangia Community School,Grade 6,1975,,,,,,Evangelist Course,3 months,2005,Ialibu District,Certificate,99
96,Yombi Primary School,Grade 6,1980,,,,,,Evangelist Course,6 weeks,2005,Rev. Gerry Mangiri,Certificate,100
97,Aiyura National High School,Gr 12,1986,Lutheran H\Seminary,Theology ,5 years ,2012,Certificate,,,,,,101
98,Amron,Evangelist,1997,Logweng Seminary,Pastor Training,2008-2012,2012,Certificate,,,,,,102
99,Bayun Luth H\Sch,Gr 10,2002,Snr Friel Seminary ,Theology,5 years,2020,Certificate,,,,,,103
100,,,,,,,,,,,,,,104
101,"BAWI COMM, SCHOOL",Gr 6,1980,AMORON,EVANGELISM,2,1989,CERTIFICATE,Youth Leadership,2 weeks,N/A,ELC National Evangelism Dept.,Certificate,105
102,,,,,,,,,,,,,,106
103,Kerowagi H\Sch,Gr 10,1975,Marthin Luth Sem,Theology,6 years ,1983,Diploma ,,,,,,107
104,Tambul High School,Grade 10,1986,Ogelbeng Seminary,Evangelis short course,6 weeks,1985,Certificate,,,,,,108
105,Usa Bible School,level 6,1974,Lutheran H\Seminary,Theology,5 years,1989,Certificate,,,,,,109
106,Jimi River Comm. School,Gr6,1973,Amoron Evangelist Training Centre,Evangelism,3 years,2000,Certificate in Evangelism,Bible course,1 year,1974,Banz Circuit School,Nil,110
107,Ricost H\Sch,Gr 10,1999,Snr Friel Seminary,Theology,5 years,2008,Certificate,,,,,,111
108,,,,,,,,,Tokples Skul,1 year,1977,Birap Tokples Skul,,112
109,Kerowagi H\Sch,Gr10,1985,Highlands Luth Sem,Theology,5 years,2005,Certificate,,,,,,113
110,KINGARINGA PRIMARY ,GRADE 6,1979,LUTHERAN CHURCH COLLEGE ,ADMINISTRATION,1988-1990,1990,CERTIFICATE,SHORT COURSE,2 WEEKS,,,CERTIFICATE,114
111,Williame Primary School,Grade 6,1986,,,,,,,,,,,115
112,Karkar H\Sch,Gr 10,1982,Snr Friel Seminary,Theology,5 years,1995,Diploma,,,,,,116
113,Markham Road P/S,Gr6,1985,,,,,, Bible School,2 years,1986-1987,Boana bible School,Hap 7/8,117
114,,,,,,,,,,,,,,118
115,Mogol P/S,1976,1976,ogelbang Semnriay,Theology,5 yrs,2014,cert,Kentalg,2 yrs,,Ps Muveso,Cert,119
116,Tripini P/Sch,G6,1974,,,,,,Evengelist Training,4 years,1988-1992,Kentalk Bible Sch,Certificate,120
117,Prenoruka P/Sch,G6,1977,Highlands Luth Sem,Theology ,5 years ,1992,Certificate,Didiman Training,3 years ,1978-1980,Yangpla Didiman Banz,Certificate,121
118,Mangai High School,Grade 10,1992,Logaweng Seminary,Pastoral Training,1999-2003,2003,Certificate,Management Course,2 weeks,2006,Ogelbeng,Certificate,122
119,Koare Com Sch,G6,1987,,,,,,Evengelist Training,2 years,1988-89,Kentalk Bible Sch,Certificate,123
120,Ialibu Sce Sch,Gr12,1993,Martin Luth Sem,Theology,6 years ,2012,Diploma ,,,,,,124
121,Siassi Luth H/Sch,G 10,2013,Snr Friel Sem,Theology,5 years ,2020,Certificate,,,,,,125
122,Kagua High School,Grade 10,1995,Kentagl ETC,Evangelist Training,2001-2003,2003,Certificate ,,,,,,126
123,Tua P/Sch ,Gr 8,1998,,,,,,Evengelist Training,3 years ,2006-2008,Amron ,Certificate ,127
124,Banz Lutheran Primary School,Grade 8,2001-2002,Ogelbeng Seminary,Pastor Training,2008-2012,2013,Certificate,,,,,,128
125,Moglkahkai Com Sch,Gr 6 ,1996,,,,,,Evengelist Training,3 years,2008-2010,Amron,Certificate,129
126,Kerowagi High School,Grade 8,1991,NETC Amron,Evangelist Training,2005-2007,2007,Certificate,Literacy Course,6 weeks,2006,Amron,Certificate,130
127,Kerowagi High School,Grade 10,1997,Ogelbeng Seminary,Pastor Training,2006-2010,2010,Certificate,,,,,,131
128,Pangia H/Sch,Gr 8,1984,,,,,,Evengelist Training,1 month ,4/5/2005-4/6/2005,Pr. Raymond ,Certificate,132
129,Pangia High School,Grade 10,2004,Ogelbeng Seminary,Pastor Training,2010-2014,2014,Certificate,,,,,,133
130,Undia P/Sch,Gr 6 ,1984,,,,,,Evengelist Training,6 weeks ,6/5/2005,Pr. TandeTumo,Certificate,134
131,Asaroka Lutheran Secondary School,Gr 10 ,1994,,,,,,Evengelist Training,,,,,135
132,Age Community School,Grade 6,1991,Ogelbeng Seminary,Pastor Training,2016-2020,2020,,,,,,,136
133,Birop Tokpisin Sch,level 6,1969,,,,,,Evengelist Training,4 years ,1981-1984,Kentagal Dist Sc,Certificate,137
18,,,,,,,,,,,,,,138
134,Ambarina,Grade 8,1995,ETC Amron,Theology,2013-2015 (3 yrs),2015,Certificate,Village Health Volunteer,1 week,10/06/14 - 15/06/14,,certificate,139
135,Mt. Wilhelm High School,Grade 8,1992,Ogelbeng Seminary,Pastor Training,1994-1998,1998,Certificate,,,,,,140
136,Birop Tokpisin Sch,Level 6,1984,,,,,,Evengelist Training,6 months,1985,District training,Certificate,141
137,Ialibu Tokples Sch,level 1 ,1966,,,,,,Evengelist Training,4 months,2014,District training,Certificate,142
138,Kagua High School,Grade 10,1985,Goroka School of Nursing,Nursing,1986-1988,1988,Nursing Certificate,Leadership Course,2 years,2004-2005,Hope World wide,Certificate,143
139,Yobakogl,Grade 8,2008,Logaweng Seminary,Theology,2015-2019,2019,Certificate,,,,,,144
140,kewamogul ,level 4,1975,Snr Friel Sem,Theology,5 years,1980,Certificate,,,,,,145
141,Henegaru Comminity School,Grade 6,1997,Kambaidam Evangelist School,Evangelist,1998-1999,1999,Certificate,Leadership Course,1 week,2021,Tarabo Circuit,,146
142,Wiliame Community School,Grade 6,1993,Ogelbeng Seminary,Pastor Training,2010-2014,2014,Certificate,,,,,,147
143,Tokples skul,level 8,1985,,,,,,Evengelist Training,1 year,1989,LCCB,Certificate,148
144,Rongo Primary School,Grade 8,1974,Ogelbeng Seminary,Theology,1987-1991,1991,Certificate,,,,,,149
145,Nomane Luth P/S,Gr 4,1975,Highlands Luth Sem,Theology,5 years,1986,Certificate,,,,,,150
146,Kentagl Bible School,Evangelist,1977,Ogelbeng Seminary,Pastor Training,1980-1984,1984,Certificate,,,,,,151
147,Yoga Tokples School,1966,,,,,,,Evangelist Short Course,6 weeks,4/5/2005-4/6/2005,Pr. TandeTumo,Certificate,152
148,Yebi Community School,Grade 6,1985,,,,,,Evangelist ,3 months,2002,Kambaidam,Incomplete,153
149,Togoba High School,Grade 10,2000,Ogelbeng Seminary,Pastor Training,2004-2008,2008,Certificate,Admin & Book Keeping ,1 year,2008,Ogelbeng,Certificate,154
150,Kerevat N/ High ,Gr 12,1995,Martin Luth Sem,Theology,6 years ,2021,Bach,,,,,,155
151,Kanabe Primary School,Grade 8,2003,Senior Flierl Seminary,Theology,2013-2017,2017,Certificate,,,,,,156
152,,,,,,,,,Evangelist,3 weeks,2014,Uma Circuit,Certificate,157
153,Kanabea Primary School,Grade 8,2003,Senior Flioerl Seminary,Theology,2013-2017,2017,Certificate,,,,,,158
154,Chuave H/Sch,G 10,1979,Highlands Luth Sem,Theology,5 years,1986,Certificate,,,,,,159
155,Kirane Com Sch,Gr 6,1986,,,,,,Evengelist Training,2 months ,1995,District training,Certificate,160
156,Tambul High School,Gr 10 ,1991,Highlands Luth Sem,Theology,5 years,2010,Diploma,,,,,,161
157,Lufa Sec Sch,G9,1986,Highlands Luth Sem,Theology,5 years,2015,Certificate,,,,,,162
158,Fayantina Community School,Grade 8,1987,Ogelbeng Seminary,Pastor Training,2011-2015,2015,Certificate,,,,,,163
159,Kuma P/Sch ,Gr 6,1998,Kagua Vocational ,Motor Mechanic ,1990-92,1992,Certificate,Evengelist Training,6 weeks,2005,District training,Certificate,164
160,Rugli Primary School,Grade 8,2011,Martin Luther Seminary,Pastor Training ,2019-2023,2023,Diploma,,,,,,165
161,Muina H/Sch ,Gr 9 ,1980,,,,,,Evengelist Training,2 years,1993-4,Amron Ev Training,Certificate,166
162,Ogelbeng Community School,Grade 6,1976,,,,,,Evangelist course,6 months,2010,Ogelbeng Seminary,Certificate,167
163,Nebilyer P/Sch,Gr 8 ,1985,,,,,,Evengelist Training,6 months ,January- June,Ogelbeng Seminary,Certificate,168
164,Kundiawa Lutheran Day High School,Grade 10,1998,Martin Luther Seminary,Pastor Training,2009-2014,2014,,,,,,,169
165,Wala Comm. School,Gr 3,Nil,Ogolbeng Seminary,Certificate,5 years,1989,Certificate in Theology,Law and Order,2 weeks,13/02-26/02/22,SHP Law and Justice Sector,Attainment Certificate,170
166,Wiliame Primary School,Grade 6,1987,Ogelbeng Seminary,Pastor Training,1995-1998,1998,Certificate,,,,,,171
167,Nanduo Comm. School,Gr 6,?,Ogolbang Seminary,Certificate of Theology,5 years,2018,Certificate,,,,,,172
168,Amba Community school,Grade 6 ,1989,Hagen Technically College,Fitter Mechinist ,1994-mid 1995,1995,Incomplete ,,,,,,173
169,Kennong community School,Grade 6,2000,Amron Evangelist School,Theology ,2007-2009,2009,Certificate ,Village life bible school,3years,2004-2006,Village life bible school,Certificate,174
170,NITLON PRIMARY,GRADE 6,1979,NETC AMRON,,2008-2010,2010,CERTIFICATE,,,,,,175
171,,,,NETC AMRON,OT 1,3 YEARS,2012,CERTIFICATE,"HIV, HEALTH",,,,,176
172,NITHON,GRADE 8,2006,NETC AMRON,,2009-2011,CERTIFICATE,,,,,,,177
173,KARKAR SECONDARY,GRADE 10,1980,,,,,,,,,,,178
174,ANUL TOK PLES SKUL,2 YEARS,1973-1974,AMRON DISTRICT BIBLE SCHOOL,,1975-1978,,,FIELD TRAING AT BUMSOL CIRCUIT,,,,,179
175,,,,,,,,,,,,,,180
176,MAKEDUI PRIMARY,GRADE 6,1998,AMRON EVANGELIST TRAINING,,2018-202O,2020,CERTIFICATE,,,,,,181
177,NAMAU PRIMARY,GRADE 6,1969,AMRON BIBLE SCHOOL,,1970-1973,1973,CERTIFICATE,,,,,,182
178,,,,NETC AMRON,THEOLOGY,2020-2022,2022,CERTIFICATE,,,,,,183
179,,,,,,,,,,,,,,184
180,,,,,,,,,TVET,1 YEAR,2014,,CERTIFICATE,185
181,KARKAR SECONDARY,GRADE 10,2011,AMRON ETC,"HOMLISTIC, CHURCH HISTORY, BIBLE STUDY",3 YEAR,2020,CERTIFICATE,,,,,,186
182,Bagabag Central School,GRADE 4,,AMRON ETC,THEOLOGY,3 YEARS,2021,CERTIFICATE,,,,,,187
183,AMBA DEMONSTRATION PRIMARY SCHOOL,PRIMARY EDUCATON,1991,MARTIN LUTHER SERMINARY,THEOLOGY,SIX,2013,DIPLOMA,NATURAL ENERGY,2 WEEKS,31st JULY-10th AUGUST 2006,WISUWA,CERTIFICATE,188
184,Kentagl tokples school,Level 4,1982,Ogolbeng Seminary,,1991-1995,1995,,,,,,,189
185,Kesenaka,Grade 3,,Short Courses-Rintebe,Autlain Lidasip Wokmark,2020,2023,,,,,,,190
186,Kozo Rappe,Grade 10,1982,Lutheran Church College -Banze,Evangelist Teacher,3 years 1998-2000,2000,,HIV Basic Training,1 week,23-27/09/2013,Salvation Army Pastor,Certificate,191
187,DREGAHAFEN SECONDARY,TEN (10),2003-2005,SENIOR FLIERLSERMINARY,,FIVE YEARS,2014,CERTIFICATE,HELSBACH,THREE YEARS,2006-2008,MR EMBI DUARO,CERTIFICATE,192
188,SIKI PRIMARY SCHOOL,GRADE SIX,19/11/2004,,,,,,,,,,,193
189,,,,,,,,,,,,,,194
190,KALASA COMMUNITY SCHOOL,GRADE SIX 6,1982,SENIOR FLIERL SEMINARY,THEOLOGY,FIVE YEARS,1999,CERTIFICATE,,,,,,195
191,Wabi Primary Sch,Standard Base 6,1960,Ogelbeng Seminary,,2008 - 2013,2013,,,,,,,196
192,,,,,,,,,,,,,,197
193,Kainatu Commuity School,Grade 6,1972,,Short Course Training,1995,1996,,,,,,,198
194,Kwaplalim Luth Pri Sch,8,1984,SFS Logaweng,Theology,2005-2010,2010,Certificate,,,,,,199
195,Bromely,Grade 8,2022,Evelgelist,Theology,,,Certificate of theology,Machenic,A year,2009-2010,Vocational,Rabiamul,200
196,Kesewaka Com School,Grade 6,1998,Short Course Evengelist,Aulain Lidaship Wokman,2013-2022,2022,Certificate,,,,,,201
197,Oneruka Bible School,Lainim Tok Pisin,,,,,,,,,,,,202
198,,,,,Deploma in Theology,,,,Administration,2 Weeks,05-19/05/2023,,Certificate,203
199,Gaore primary,GRADE 8,1977,SENIOR FLIERL SRMINARY,THEOLOGY,1988-1992,1992,CERTIFICATE,BRICK MAKING & LAYING,,,,CERTIFICATE,204
200,Finintugu Seket Bible School,Grade 8,1962-1964,Madang Taun Evengelish Trening School,,1969,,Certificate,,,,,,205
201,KUNAZAKENG PRIMARY,GRADE 8,2002,SENIOR FLIERL SERMINARY,THEOLOGY,,2012,CERTIFICATE,,,,,,206
202,KUNIYAKIN COMMUNITY SCHOOL,GRADE 6,,LOGAWENG SERMINARY,THEOLOGY,FIVE YEARS,1988,CERTIFICATE,,,,,,207
203,,,,,,,,,,,,,,208
204,DREGERHAFEN HIGH SCHOOL,GRADE 10,1989,LOGAWENG SERMINARY,THEOLOGY,5 YEARS,2000,DIPLOMA CERTIFICATE,DWU,2 YEARS,2016-2017,,CERTIFICATE,209
205,GOROKA HIGH SCHOOL,GRADE 10,1992,SERNIOR FLIERL SERMINARY,THEOLOGY,5 YEARS,2013,DIPLOMA CERTIFICATE,,,,,,210
206,,Grade 5,,Highlands Lutheran Seminary,Theology,5 years,11.11.1991,Certificate,,,,,,211
207,Aiyura National High School,Grade 12,1999,,,,,,Short Courses Evagelist,Six Months,"16/02-12/08, 2018",Tisa Rabboni Okamaisa,Certificate in Bible Interpretation & Outline,212
208,Ino-Onka Community School,Grade 6,1975,,,,,,Evangelist Training,One year cousrse,01/02/2000-10/12/2000,,Certificate,213
209,Raipinka Primary,Grade 6,1975,Onerika Bible School,Tok Pisin,1977 (1 year),1977,Certificate,,,,,,214
210,PRIMARY SCHOOL,GRADE 6,1974,LOGAWENG SERMINARY,THEOLOGY,FIVE YEARS,1990,CERTIFICATE,,,,,,215
211,,Ino'onka Community School,Grade 6,1984,,,,,Sot Kos Evangelist Training,"3 weeks, Autlain kos",,,,216
212,DREGERHAFEN HIGH SCHOOL,GRADE 10,1983,MARTIN LUTHER SERMINARY,THEOLOGY,1984-1989,1989,BACHELOR OF THOLOGY,,,,,,217
213,SAMANTIKI PRIMARY,GRADE 6,,LOGAWENG SERMINARY,THEOLOGY,2013,2017,CERTIFICATE,,,,,,218
214,Komper,Grade 4,2000,,ETC Kambaidam,Evagelism,2004-2005,2005,Certificate,,,,,219
215,DREGAHHAFEN HIGH SCHOOL,GRADE 10,1985,LOGAWENG SERMINARY,,,,,,,,,,220
216,St.Joseph Tari Secondary School,Gr.12,2003,Martin Luther Seminary,Theology,6,2014,Certificate/Deploma,,,,,,221
217,HELDSBAC TOKPLES SCHOOL,HAP 10,,SENIOR FLIERL SERMINARY,THEOLOGY,FIVE,1980,CERTIFICATE,NEUENDELTSAU,1984-1988,,Aaugustana,CERTIFICATE,222
218,Asaroka Lutheran Secondary School,High School,1991,,,,,,Short Cousrses,Two weeks,,District Gut Nius  Opis,Certificate,223
219,Nina High school,Gr.10,1990,Martin Luther Seminary,Theology,6,2017,Deploma,,,,,,224
220,FODE,GRADE 10-12,2000,SNIOR FLIERL SERMINARY,THEOLOGY,2005-2009,2009,DIPLOMA CERTIFICATE,LEADERSHIP COMMUNITY DEVELOPE,23 APRIL-10 MAY,,WORLD VISION,CERTIFICATE,225
221,Henganofi Primary,Grade 8,1989,,,,,,Evengelist,,,,,226
222,Bumayong High,Grade 10,1998,Logaweng (SFS),Theology,2006,1010,Diploma,Timber Management,Four Weeks,2001,Timber College,Certificate,227
223,Kainantu,4 prep,1970,,,,,,Leader Course,One Month,,Baitabag,,228
224,Mubo Primary,6 Year,1990,Amron,Evangelism,2006-2008,2004,Certificate,,,,,,229
225,Onenofi Primary School,,,,,,,,,,,,,230
226,Raipinka,Elementary 1,,,,,,,Short Course,2 months,August to September,,,231
227,Uki Qiling,tokples,,Serminary,theology,five,1979-1984,certificate,,,,,,232
228,,,,senior flierl serminary,theology,five 5,1998,certificate,,,,,,233
229,Anthon Safa,Ten,1987,Onaruka Tisa Training,"Theology, Maths, Science, Social Science",Six,1990,Teaching,Sil Leadership Course,Two weeks,24/06/2020-08/07/2020,Lena,Leadership,234
230,,,,,,,,,,,,,,235
231,Mogol,Gr.5,,Ogolbeg Seminary,Theology,6,1989,Certificate/Deploma,Peace and Justice,6 Months,19.04.1994,,Certificate,236
232,Onenofi Community School,Grade 1-6 (1994-1999),1999,,,,,,Short Cousrses,Two months,2022,,Certificate,237
233,Onenofi Primary School,Grade 1-7 (1995-2001),2001,,,,,,Short Courses Outline,Six weeks,2022,,Certificate,238
234,Raipinka Community School,Grade 8,2006,ANHS,,2,2009-2010,Certificate,ITI,2 years,2013-2014,International Training Institute,Advance Diplo,239
235,Village Bible School,,1982,Evangelist Traning Kentagl,,,,,In-service,1 Week,,Pr. Wesley Kerenga,Certificate,240
236,Onenofi Community,Grade 10,2000,Carrier Development School,Computing,2001-2002,2002,Certificate in Computing,Sot Kos Evangelist Training,Six weeks,04/11/2022-15/12/2023,Mr Tisa Raboni Okaimaisa,Certficate in Homiletics,241
237,DREGERAHFEN HIGH SCHOOL,GRADE 10,1995,LOGAWENG SERMINARY,THEOLOGY,,2002,,,,,,,242
238,Onerungka,Grade 10,2002,Multi Skills Training Centre,Mining Engeering,2010-2012,Not Graduated,No Attainment Certyificate,Short Course Evangelist,Six Weeks,04/11-15/12/2022,Mr. Tisa Rabboni Okamaisa,Certificate in Homiletics,243
239,Kafetina Primary School,Grade 6,1996,,,,,,Short Course,3 weeks,Jan-22,TIA Raboni,Certificate,244
240,MINDIK,GRADE 8,1996,LOGAWENG SERMINARY,THEOLOGY,5 YEARS,2006,CERTIFICATE,,,,,,245
241,Onenofi Primary School,Grade 6,1992,,,,,,,,,,,246
242,Onenofi Primary School,Grade 6,Not Completed,Short Courses,Outline & Homeletics Courses,6 weeks,2022,Certificate,Laedership/ Peace Communicator,,,,,247
243,,,,senior flierl serminary,theology,five,2009,certificate,,,,,,248
244,Kianantu Technical Secondary School,Grade 8,1972,,,,,,Skills Trainings,Short Courses,,Church,,249
245,Arau Pre School,Grade 6,1977,Evangelist Course,,2014 to 2015,2015,,OTI Initial Skills,10/2/2016,15/05/2016,SIL-BTA,,250
246,Kesewa Primary School,Grade 6,1972-1978,,,,,,Short Courses Parish Level,6 months,1982,,,251
247,dregerhafen high school,grade 10,1992,MARTIN LUTHER SERMINARY,THEOLOGY,SIX YEARS,2015,BTH CERTIFICATE,NATIONAL TRANSLATER,6 WEEKS,APRIL-MAY,SIL,NTC CERTIFICATE,252
248,Kavieng Community School,Grade,1982,Nil,I month Evangelist Course,Nil,Nil,Short Course Evangelist,Good Governance Youth Course,1week,24-28/07/2023,Rev. Wesley Kerenga,Not yet,253
249,SIAL COMMUNITY SCHOOL,GRADE 6,,SENIOR FLIERL SERMINARY,THEOLOGY,2001-2006,2006,CERTIFICATE,COMPUTING TRAINING,6 MONTHS,JAN-JUNE,NGO,CERTIFICATE,254
19,,,,,,,,,,,,,,255
20,,,,,,,,,,,,,,256
250,Henganofi High School,Grade 8,29/11/2000,,,,,,Kambaidam Evangelist,2010-2011,,,Certificate,257
251,Bumayong Lutheran Secondary School,GRADE 10,2014,POLYTECH,MEAT SICIENCE,2015,2016,CERTIFICATE,FOOD SAFETY COURSE,1 WEEK,,NGO,CERTIFICATE OF LEVEL 1 2 3,258
252,Wagawe Primary SCchool,Grade 7,"2016, Did not complete School",Short Courses,"Autlain, Lidasip, Wokmak",2013,2022,,,,,,,259
253,NANDUO PRIMARY SCHOOL,GRADE 6,1993,SENIOR FLIERL SERMINARY,THEOLOGY,2003-2007,2007,CERTIFICATE,MARTIN LUTHER SERMINARY,2016-2018,,,BACHELOR IN THEOLOGY,260
254,Goroka Technical College,Grade 10,1977,Martin Luther Seminary,Theology,1985-1990,1990,Diploma,,,,,,261
255,KULUNGTUFU PINDIU,GRADE 6,1976,,,,,,HIGHLANDS AGRICULTURE TRAINING,2 YEARS,1981-1982,,CERTIFICATE,262
256,Kotna Lutheran Primary School,Grade Six,1996,Lutheran Highlands Seminary,Theology,Five years,2019,Certificate,Good Governance and Leadership,One Week,22-26 January 2021,Rev. Roiwec Roinuc and Mr. John Pat,Certificate,263
257,Mongol Secondary School,Grade Twelve,2003,,,,,,,,,,,264
258,Kitip Lutheran Secondary School,Grade Twelve,2010,Martin Luther Seminary,Theology,Six Years,2017,Diploma,,,,,,265
259,,,,,,,,,,,,,,266
260,Tambul High Schol,Grade Ten,1993,Lutheran Highlands Seminary,Theology,Five Years,2008,Diploma,,,,,,267
261,Taemigidu Community School,Standard 1-6,1981,Logaweng (SFS),Theology,1987-1981,1991,Certificate,Rainbow Program,,2005,,,268
262,Senior Flierl Seminary,5 years,2001,,,,,,,,,,,269
263,,,,,,,,,,,,,,270
264,Tunda Primary School,Grade 6,1974,Lutheran Highlands Seminary,Theology,Five Years,1990,Certificate,,,,,,271
265,Matriculation Open Campus Mt. Hagen,Grade Twelve,2021,Lutheran Highlands Seminary,Theology,Five Years,2000,Diploma,Primary Education,Two Years,2011-2012,Balob Teachers College,Diploma,272
266,Alkena Primary School,Grade Six,1969,Lutheran Highlands Seminary,Theology,Five Years,2013,Certificate,,,,,,273
267,Kident Primary School,Grade Eight,2002,,,,,,Motor Mechanic,Two Years,2002,Ogelbeng TVET,,274
268,,,,,,,,,,,,,,275
269,Kiripia Primary School,Grade Six,1988,Lutheran Highlands Seminary,Theology,Five Years,2009,,,,,,,276
270,,,,,,,,,,,,,,277
271,Ino-owixa,Grade 6,1984,Kambaidam Evangelist Training,Evangelist,1999-2000,2000,,,,,,,278
272,Ogelben Community School,Grade Six,1994,Lutheran Highlands Seminary,Theology,Five Years,2009,Certificate,Vocational Training,Two Years,2005,Ogelbeng Vocational Centre,Certificate,279
273,Markham  Valley High School,Grade 9,,,,,,,Kambaidam Evagelist Training School,Incomplete,,,,280
274,,,,,,,,,,,,,,281
275,Bible school,Year 4,1973,Highlands Seminary,Theology,3,1977,Certificate,,,,,,282
276,Akuna Primary School,Grade 6,1984,Kambaidam ETC,Bible (Autim Tok),1990,1992,Certificate,,,,,,283
277,Kitip Lutheran High School,Grade Ten,1990,Lutheran Highlands Seminary,Theology,Five Years,2020,Certificate,,,,,,284
278,Arau Primary School,Grade 6,1973,,,,,,Evangelist,6 Six Weeks,2004,Raipinka,,285
279,Tiripini Primary School,Grade 6,1984,Lutheran Highlands Seminary,Theology,Five Years,2000,Certificate,Pastoral Counseling,One Month,Mar-22,Fiji Counselling Team,Certificate,286
280,Arau Kainantu High School,Grade 8,1984,,,,,,ETC,2 Years,5/3/1993,Kambaidam,Certificate,287
281,SUQANG SCHOOL,GRADE 6,1986,LOGAWENG SERMINARY,THEOLOGY,4 YEARS,1990,CERTIFICATE,SUNDAY SCHOOL TOT,2 MONTHS,,SAKI ROCNUC,CERTIFICATE,288
282,dregerhafen highschool,GRADE 10,2015,MARTIN LUTHER SERMINARY,THEOLOGY,2018-2022,2022,BACHELOR OF THEOLOGY,,,,,,289
283,Tambul High School,Grade Ten,2001,Lutheran Highlands Seminary,Theology,Five Years,2013,Certificate,,,,,,290
284,Arau Community School,Grade 6,1991,,,,,,Evangelist Training Centre,Two years,4/4/2007,Kambaidan,Certificate,291
285,Tambul High School,Grade Eight,1992,Lutheran Highlands Seminary,Theology,Five Years,2012,,,,,,,292
286,KIMBE HIGH SCHOOL,GRADE 10,,LOGAWENG SERMINARY,THEOLOGY,,,,,,,,,293
287,Arau,Grade 6,1966,,,,,,ETC,Two years,03/09/08-12/05/09,Kambaidam Evangelist Training,Certificate,294
288,Kuma Primary School,Grade 6,1989,Amron NETC,Theology,Three Years,2002,,,,,,,295
289,Kitip High School,Grade Ten,2002,Lutheran Highlands Seminary,Theology,Five Years,2018,,,,,,,296
290,ADOLF MEMORIAL SCHOOL,GRADE SIX,1981-1986,SENIOR FLIER SERMINARY,THEOLOGY,1998-2002,,,AMRON EVANGELIST,1994-1995,1994-1995,,,297
291,,,,,,,,,,,,,,298
292,Koaima,,2005,,,,,,,,,,,299
293,Marapul Community School,Grade Six,1996,Lutheran Highlands Seminary,Theology,Five Years,2008,Certificate,,,,,,300
294,Anita,,Grade 5,,,,,,Amron ETC,1982-1984,2 years,Amoron ETC,,301
295,,,,,,,,,,,,,,302
296,,,,Lutheran Highlands Seminary,Theology,Five Years,2020,,,,,,,303
297,,,,,,,,,Bible school training,3 years,1973-1975,Ps Huyam,,304
298,,,,LOGAWENG SERMINARY,THEOLOGY,FIVE YEARS,1999,,,,,,,305
299,Dregerhafen High School,Grade Ten,1998,Senior Flierl Seminary,Theology,Five Years,2008,Certificate,,,,,,306
300,Arau,Grade 4,1960,,,,,,ETC,6 Months,21/11/1986,Kambaidam,Certificate,307
301,Kitip Lutheran Secondary School,Grade Nine,1999,Lutheran Highlands Seminary,Theology,Five Years,2006,,,,,,,308
302,Pundit Primary,Gr.6,1989,,,,,,Ialibu Evangelist Training,6 Weeks,1995,Garry Mangare,,309
303,Togoba High School,Grade 9,Left School,Lutheran Highlands Seminary,Theology,Five Years,2012,Diploma,,,,,,310
304,Engkal Primary School,Grade Six,1992,Lutheran Highlands Seminary,Theology,Five Years,2020,,,,,,,311
305,,,,,,,,,,,,,,312
306,,,,,,,,,,,,,,313
307,,,,Lutheran Highlands Seminary,Theology,Five Years,2010,Cerfificate,Guidance & Counseling,Two Years,2020-2022,University of Goroka (UOG),Diploma,314
308,Concordia COmmunity School,Grade 6,1981,Menyamya Evangelist Training School,Theology,,1989,Certificate,,,,,,315
309,Sikong Primary School,Grade 8,1996,Ogelbeng,Theology,5 years,2018,,,,,,,316
310,Bumayong High School,Gr. 10,1996,,,,,,,,,,,317
311,,,,,,,,,Youth With A Mission,2 years,2009-2010,YWAM,Certificate (Burned),318
312,SATTELBER PRIMARY SCHOOL,GRADE 6,1985,SENIOR FLIERL SERMINARY,THEOLOGY,5 YEARS,2009,CERTIFICATE,,,,,,319
313,,,,,,,,,Trained by Missionary,,,,Learn Reading,320
314,Primary School,Gr.6,1969,,,,,,Pegin School of Goroka,,1972-1974,,,321
315,Nunga Primary School,Grade Eight,1993,Lutheran Highlands Seminary,Theology,Five Years,2020,Certificate,,,,,,322
316,Vocational,,,,,,,,Short Course,6 months,,,,323
317,Kitip Secondary School,Grade Ten,,,,,,,,,,,,324
318,SIKI COMMUNITY SCHOOL,GRADE 6,1988,OGELBENG SERMINARY,THEOLOGY,FIVE YEARS,2019,CERTIFICATE,,,,,,325
319,,,,Senior Flierl Seminary,Theology,Five Years,,,,,,,,326
320,Tambul Secondary,Grade Ten,2012,Lutheran Highlands Seminary,Theology,Five Years,2023,Certificate,,,,,,327
321,Meron Taeko,Grade 6,,,,,,,ETC,2 Years,2004-2005,2005,,328
322,,,,,,,,,,,,,,329
323,Wamps Wettii,Grade 10,2001,,,,,,Evagenlist,1 year,2015,Short Course Ponampa Circuit,Certificate,330
324,GAGIDU PRIMARY SCHOOL,GRADE 6,1984,LOGAWENG SERMINARY,THEOLOGY,5 YEARS,1991,,,,,,,331
325,Salamaua High School,Grade 10,1998,Senior Flierl Seminary,Theology,Five years,2016,Diploma,,,,,,332
326,Onarunka Bible School,Grade 8,,,,,,,ETC-Kabaidam,2 years,1990-1991,ETC-Kambaudam,Certificate,333
327,Lowaweng,5 Yia,27-11-1983,,,,,,,,,,,334
328,Henganofi Highshool,Grade 8,1988,,,,,,,Kambaidam Evangelist School,1994-1996,,,335
329,BUMAYONG HIGH SCHOOL,GRADE 10,2001,OGELBENG SEMINARY,DIPLOMA IN THEOLOGY,5 YEARS,2018,DIPLOMA,MLS BACHELOR DEGREE,2023-2025 3 YRS,2023-2025,LUPNG,,336
330,Philip,Grade 9,2004,"NETC, Anron Madang",Theology,3,2018,Certificate,,,,,,337
331,MARKHAM VALLEY HIGH,GRADE 10,2000,SENOIR FLIERL SEMINARY,THEOLOGY,5 YEARS,2008,PASTOR CERTIFICATE,ROT I GAT LAIP,,,,CERTIFICATE,338
332,Bumayong Lutheran Secondary School,GRADE 10,2002,SENOIR FLIERL SEMINARY,THEOLOGY,2009-2023,2013,DIPLOMA,POST-GRADUATE-MLS,3 YEARS,2021-2023,,DEGREE OF THEOLOGY,339
333,DREGARHAFEN HIGH SCHOOL,GRADE 10,1980,SFS LOGAWENG,THEOLOGY,5 YEARS,,,,,,,,340
334,Ialibu High School,Grade Ten,1979,Martin Luther Seminary,Theology,Six Years,1989,Bachelor,,,,,,341
335,,,,,,,,,,,,,,342
336,Kainantu,Grade 10,1987,,,,,Evangelist short cours,,July to August,,,Certificate,343
337,Gagidu primary,grade 6,1986,SENIOR FLIERL SERMINARY,THEOLOGY,2003-2007,2007,DIPLOMA,,,,,,344
338,Kagua Secondary School,Gr.10,2001,,,,,,,,,,,345
339,Keripia Primary School,Grade Eight,1993,Lutheran Highlands Seminary,Theology,2017-2021,2021,,,,,,,346
340,,,,Logaweng serminary,Theology,1990-1994,,,,,,,,347
341,St Fidelis,12,1992,Martin Luther Serminary,theology,2014,2019,bachelor of theology,,,,,,348
342,,grade 12,2006,,SENIOR FLIERL SERMINARY,2007-2011,2011,DIPLOMA IN THEOLOGY,,,,,,349
343,Hagen Park Secondary School,,,,,,,,,,,,,350
344,SUQANG PRIMARY,GRADE 6,1982,SENIOR FLIERL SERMINARY,THEOLOGY,1998,,,,,,,,351
345,KENONG COMMUNITY SCHOOL,GRADE 6,1987,LOGAWENG SERMINARY,THEOLOGY,1996-2001,2001,CERTIFICATE,,,,,,352
346,DREGERHAFEN,GRADE 10,1977,MARTIN LUTHER SERMINARY,THEOLOGY,6 YEARS,1985,,,,,,,353
347,Dregerahfen,grade 10,1993,logaweng serminary,theology,2005-2010,,diploma,,,,,,354
348,DREGERAHFEN,GRADE 10,2004,LOGAWENG SERMINARY,THEOLOGY,5 YEARS,2012,CERTIFICATE,,,,,,355
349,DREGERAHFEN HIGHSCHOOL,GRADE 10,1994,SENIOR FLIERL SERMINARY LOGAWENG,THEOLOGY,5 YEARS,2011,DIPLOMA,,,,,,356
350,Koyambu Primary,Gr.6,,Seminary,Theology,4,2009,Diploma,,,,,,357
351,,,,,,,,,,,,,,358
352,Hagen Park Secondary School,Grade Ten,2000,Lutheran Highlands Seminary,Theology,Five Years,2012,Certificate,,,,,,359
353,,,,,,,,,,,,,,360
354,,,,LOGAENG SERMINARY,THEOLOGY,,,,,,,,,361
355,DREGERHAFEN,GRADE 10,1994,SENIOR FLIERL SERMINARY,THEOLOGY,2014-2018,2018,CERTIFICATE,,,,,,362
356,,Gr.6,1972,,Theology,5,2009,,,,,,,363
357,Pangia High School,Gr.10,2002,Ogelbeng Seminary,Theology,5,2016,Deploma,,,,,,364
358,Kero Primary,Gr.6,1972,Highlands Seminary,,5,1989,Certificate,,,,,,365
359,KOR COMMUNITY SCHOOL,GRADE 6,1994,NETC AMRON,,3 YEARS,,CERTIFICATE,,,,,,366
360,NANDUO PRIMARY,GRADE 8,2003,LOGAWENG SERMINARY,THEOLOGY,5,2022,,AMRON EVANGELIST,2007-2009,,,,367
361,SATTELBERG PRIMARY,GRADE 6,1979,AMRON EVANGELIST TRAINING SCHOOL,,1990-1991,1991,,CHRISTIAN LIFE STUDY,,,,,368
362,Wabi Community School,Gr.6,1980,Ogelbeng Seminary,Theology,5,2009,certificate,,,,,,369
363,HELDSBACH COMMUNITY SCHOOL,GRADE 6,1965-1969,,,,,,,,,,,370
364,Lumbu Primary School,Gr.3,,,,,,,Short course,6 weeks,01-24/05/2005,Garry Mage in Immanuel re,,371
365,heldsbach community school,grade 6,1965-1969,,,,,,,,,,,372
366,NANDUO PRIMARY SCHOOL,GRADE 6,1982,AMRON EVANGELIST TRAINING SCHOOL,,1989-1990,1990,CERTIFICATE,,,,,,373
367,ASEKI PRIMARY SCHOOL,GRADE 6,1976,KAMBAIDAM ETC,,2 YEARS,1991,CERTIFICATE,,,,,,374
368,KEREGIA,GRADE 8,2008,AMRON EVANGELIST TRAINING SCHOOL,,3 YEARS,2020,CERTIFICATE,,,,,,375
369,,,,,,,,,,,,,,376
370,,,,NETC AMRON,,3 YEARS,,,,,,,,377
371,Yonki Primary School,Grade 6,1981,Kambaidam Evangelist Training School,Evangelist Training,1999-2000,2000,Certificate,,,,,,378
372,KELANA PRIMARY,GRADE 8,1998,NETC AMRON,,,2022,,,,,,,379
373,KALASA PRIMARY SCHOOL,GRADE 6,1984,NETC AMRON,,3 YEARS,,CERTIFICATE,,,,,,380
374,,grade 8,1984,LOGAWENG SERMINARY,THEOLOGY,2002-2005,2005,,,,,,,381
375,GAGIDU PRIMARY,GRADE 6,1970,LOGAWENG SERMINARY,THEOLOGY,1986-1990,1990,CERTIFICATE,,,,,,382
376,DREGERAHFEN HIGH SCHOOL,GRADE 10,1982,MARTIN LUTHER SERMINARY,THEOLOGY,1985-1990,,,,,,,,383
377,,,,LOGAWENG SERMINARY,THEOLOGY,5 YEARS,1994,,,,,,,384
378,GALAI,GRADE 12,1984,SERMINARY,,1990,1995,,,,,,,385
379,DREGERAHFEN HIGH SCHOOL,GRADE 10,1992,MARTIN LUTHER SERMINARY,THEOLOGY,1995-2000,,,,,,,,386
380,Yebi Primary school,Gr.8,,,,,,,Thought by Congregation Pastor of Mumi,,,,,387
381,Usa Primary School,Gr.6,1994,,,,,,Self taught / studying with Parsih Pastor Martin Mamu,,,,,388
382,Lae Technical College,Gr.10,1974,Lae Technical College,Catering and Hotel Management,1974-1975,1975,,Short Course Evangelist Study,4 weeks,1990,Ministerial Dpt ELCPNG,,389
21,,,,,,,,,,,,,,390
22,,,,,,,,,,,,,,391
23,,,,,,,,,,,,,,392
383,Kendagl Primary School,Gr.6,1983,LHSO,Theology,5,1998,Diploma,Introduction to Spirituality,3 months,2003 Feb - May,ALc Dr. Vic Pfitner,Certificate,393
384,,,,,,,,,Evangelist Course,3 months,June - December 2005,Ogelbeng Teacher Francis Ambuk,,394
385,Koyabl,Gr.6,,,,,,,Good Governance Short Coure,1 Week,,,,395
386,Undiapu Primary School,Gr.6,1984,,,,,,Theology short Course,,6 months 2005,,,396
387,,Gr.4,1975,,,,,,Evangelist Short course,3 months,March - May 2005,Immanuel District Center,Certificate,397
388,Pangia Admin Primary,Gr.6,1976,,,,,,Short Course,8 Months,10 February - 6th September,Re.Tanse Tumbo,,398
389,Molu,Gr.6,1979,,,,,,short Course,1 year,,Rev. Tense Timbo,Certificate,399
390,Koyabu Lutheran Primary School,Gr.8,1995,,,,,,,,,,,400
391,Koyabu,Gr.4,,,,,,,Short Course,one Year,Feb 10 ~ December 6,Tense Tumbo,Certificate,401
392,Mapuanda Primary School,Gr.8,2012,,,,,,Trainee Evangelist,,2022~Presnt,Pastor Raymond Kurumu,,402
393,Salvation Amry Primary School (Port Moresby ),Grade 1 to 6,1966,Agarabi Vocational chool,Plumbing,1971-1972,1972,Certificate,Rintebe Evangelist Training Centre,A year-Due to Tribal fighting,1993 March,Rev. Kambian Tesasi,Ordained,403
394,,,,,,,,,,,,,,404
395,Ongrunka Primary School,Grade 6,1991,Kambaidam Evegelical School,6 moths of Study- Left due to tribal fight,1990,,,,,,,,405
396,Grade 6 Drop out,,,,,,,,,,,,,406
397,Ritebe Lutheran High School,Grade 10,1992,Mont Hagen Technical College,Heavy Equipment Fitting,One Year,1995,Certificate,,,,,,407
398,Suwaira Community School,Grade 4,1977,,,,,,Evangelist Training Colledge,Two Years,1991-1992,Wokman Training Department,Good news Bible Study Counselling,408
399,Lutheran Day Madang,Grade 1 to 6,2004,Kambaidam,Theology,2008-2010,,,,,,,,409
400,Kerevavi Primary School,Grade 2,2002- Full year,Raipinka Evangelist Training Centre,Evangelsm Training,2002-Full Year,2003,Certificate,,,,,,410
401,,GRADE 10,1992,OGELBEN SERMINARY,THEOLOGY,2016-2020,2020,DIPLOMA,,,,,,411
402,Asaroka Primary School,Grade 7,1969,,,,,,,,,,,412
403,MILEP PRIMARY,GRADE 9,,OGELBENG SERMINARY,THEOLOGY,1993,1998,CERTIFICATE,,,,,,413
404,Onire Tok Pisin Skul,,1979,Amron Evangelist School,Theology,1981-1982,1982,,,,,,,414
405,Aiyura National High School,Grade 12,1992,Kambaidam Evangelist Training,2 years,1992-1993,,Enagelist Certificate,,,,,,415
406,Manianda Bible School,level 7-10,1973,,,,,,Kitip Tok Ples Training,2 years,1974-1975,Lutheran Church,Nil,416
407,Onamuga Primary School,Grade 6,,Kambaidam Evangelist Training Centre,Evangelist,1991-1992,1992,Certificate,,,,,,417
408,Delaselle High School,Grade 10,1976,"Lutheran Bible Institute, California USA",Christian Education,1981-1983,1983,Diploma,,,,,,418
409,Ino-Onka Pimary School,Grade 6,1976,Banz Church Colledge,Church Administration,1 year,1990,Short Course Training,,,,,,419
410,Kaiantu Community Colledge,Grade 8,1978,,,,,,Short Cousrses,,,,,420
411,NOREPA COMMUNITY SCHOOL,GRADE 6,1985-1992,AMRON EVANGELIST TRAINING SCHOOL,THEOLOGY,1999-2004,2004,CERTIFICATE,,,,,,421
412,Andrew Ramson,Incomplete Garde 11-12,Grade 10,Yasi Evengalist School,Homoletics,2012-2015,2015,Certificate,,,,,,422
413,,,,,,,,,,,,,,423
414,Jeol Waure,Grade 10,1991,Asaroka High School,,4 Years,1991,Certificate,Hetman Kos,2002,,Tisa Boniepe,Certificate,424
415,Henganofi Primary School,G.H.S-Form 3,,Was Mandated by the district to work as the Evangelist. Did not formally attend an Institution,,,,,,,,,,425
416,Henganofi Primary School,G-H-S Form 3,,Note that he was mandated by thr District to work as the Evangelist. He did not formally attended a formal Institution,,,,,,,,,,426
417,Hence Mala,Grade 10,2001,IT & Church Administration,2016-2017,2017,,Salt Method Counselling Course,,,2015,,,427
418,Inonka Primary School,Grade 6,1978,Layman-Note that he got blessing from Circuit and work as an Evangelism,,,,,,,,,,428
419,KUNDIAWA LUTHERAN DAY SCHOOL,GRADE 10,2004,LUTHERAN HIGHLANDS SERMINARY,THEOLOGY,2014,2018,CERTIFICATE,,,,,,429
420,TAMBU HIGH SCHOOL,GRADE 10,1993,MARTIN LUTHER SERMINARY,THEOLOGY,2010-2016,2016,,,,,,,430
421,Obura Community School,Grade 8,1978,Raipinka Circuit,Short courses Evangelist,1996,1997,Evangelist,Short Courses Evangelist,1996,1997,Raipinka,Evangelist Certificate,431
422,Salvation Army-Kainantu,Grade 3,,Kambaidam Evangelism Training Centre,Evangelism,2000 -1 year,2000,Ceretificate,,,,,,432
423,Raipinka Primary School,Grade 3,,Kambaidam Evangelist Training Centre,2000-1 Year,2000,Certificate,,,,,,,433
424,Tevka,Grade 4,1975,Bible Training Course-Henganofi Station,1998,3 months,2000,,Autlain Kos,,2000 3 Months,Ps Sima Bopinu,,434
425,Ogelben Hailans Seminari,2 years,1984,,,,,,,Rintebe Tisa Trenning,1973-1974,,,435
426,KEROWAGI PRIMARY SCHOOL,GRADE 6,1996,OGELBENG SERMINARY,THEOLOGY,5 YEARS,2014,CERTIFICATE,,,,,,436
427,Goroka High School,Grade 10,1988,Seminary-Gogelbeng,Theology,1997-2022,2002,Certificate,Short Courses,1 weeek,,Angau-Care PNG,Certificate,437
428,Wagave Lutheran Primary School,Grade 1 to 6,1976,District Bible School Kentangl,,Four Years,1980,Certificate,Seminary,5 years,1985-1990,Ogelbeng,Theology Certificate,438
429,,,,Ogelbeng Seminary,"History, Homiletic, Ethics, Counselling and Education",1995,1999,Theology Certificate,,,,,,439
430,Henganofi High School,Grade 10,31/12/2004,Lutheran Highlands Seminary Ogelbeng (Mt Hagen WHP),"Bible Study, Counselling, Church History",2005-2009,2009/12/2006,Ps Certitificate/Diploma,,,,,,440
431,Henganofi High School,Grade 10,31/12/2004,Lutheran Highlands Seminary Ogelbeng (Mt Hagen WHP),"Bible Study, Counselling, Church History",2005-2009,2009/12/2006,Ps Certitificate/Diploma,,,,,,441
432,"Tok Pisin Bible School Kebamul, Chimbu",Garde 1 to 10,1976,Lutheran High Seminary Ogelben Mt Hagen,"NT, OT, Church History, Counselling and Bible study",5 years,3/20/1983,Certificate,,,,,,442
433,KITIP HIGH SCHOOL,GRADE 10,1989,OGELBENG SERMINARY,THEOLOGY,2000-2004,2004,CERTIFICATE,,,,,,443
434,Muru Primary,Gr.6,87,,,,,,Evangelist Training,4 weeks,,Wesley Kerenga,,444
435,Kugmar,Gr.6,1974,,,,,,Evangilist Short Course,1 Week,2020,Wesley Kerenga,Certificate,445
436,Aiyura National High School,Grade 12,1980,,,,,,Lutheran Highlands Seninary,5 years,2005-2009,UGLPENG Lutheran Semiary,Diploma,446
24,gr.10,,,,,,,,,,,,,447
25,,,,,,,,,,,,,,448
26,,,,,,,,,,,,,,449
27,,,,,,,,,,,,,,450
437,Ritrit Graduate,,,Short Course,"Out Line, Wokmark, Lidaship, Stuasip",2013-2022,2022 and certificate by skulim save opis,District Kainantu & Circuit,Short Course to become short course/helpim pastor,,,,,451
438,Kainantu High,Grade 7,Not complete,LHS ULGPENG,Thoelogy,1997-2001,2001,Certificate in Theology(Diploma-Incomplete),,,,,,452
439,Finintugu,Grade 6,1987,Highlands Seminary Ogulbeng,Theology,2000-2004,2004,Diploma,Salesman,,,,,453
440,KEROWAGI,GRADE 10,1979,MARTIN LUTHER SERMINARY,THEOLOGY,4 YEARS,1991,,,,,,,454
441,EBC Primary Kompry-Goroka High School,Grade 10,1972,Goroka Technical College,Campentry and Plumping,1971-1972,1972,,,,,,,455
442,Bena High,Grade 10,1996,LHS Ogelbeng,Theology,2016-2020,2020,Certificate in Theology,,,,,,456
443,KEWAMUGL,GRADE 10,2003,,,,,,,,,,,457
444,MINJ HIGH SCHOOL,,2012,,,,,,,,,,,458
445,NONDUGL PRIMARY,GRADE 6,,OGELBENG SERMINARY,THEOLOGY,2008,2012,DIPLOMA,,,,,,459
446,KEWAMUGL PRIMARY,GRADE 6,,MARTIN LUTHER SERMINARY,THEOLOGY,6 YEARS,1989,DIPLOMA IN THEOLOGY,,,,,,460
447,Abonam Community School,Grade 5,1984,,,,,,Kambaidam Evangelist Training Oglebeng Sem,2 years,1980-1990,,Evangelist Certificate & Pastor Certificate,461
448,Keravat National High School,Grade 12,1987,Martin Luther Seminary,Diploma In Theology,2007-2012,2012,Diploma,,,,,,462
449,KEWAMUGL PRIMARY SCHOOL,GRADE 6,1986,OGELBENG SERMINARY,,2010-2014,,,,,,,,463
450,KEROWAGI HIGH SCHOOL,GRADE 10,1995,OGELBENG SERMINARY,THEOLOGY,5 YEARS,2008,DIPLOMA,,,,,,464
451,MINJ,GRADE 10,1998,OGELBENG SERMINARY,THEOLOGY,2018,2022,DIPLOMA,,,,,,465
452,Bioka EBC Primary,Grade 6,1980,,,,,,Ogulbeng Seminary,,2007-2011,Sari Bora,Certificate,466
453,KIMAGL PRIMARY SCHOOL,GRADE 8,,MARTIN LUTHER SERMINARY,THEOLOGY,1987-1992,1992,,,,,,,467
454,Suwara,Grade 6,1978,Lutheran/High/Seminary Ogelbeng,Theology,1994,1998,Certificate in Theology,,,,,,468
455,Ontenu Commuvity School,Grade 10,1980,Oglebeng,Pastor,91997-2000,2001,Certificate,,,,,,469
456,JIMI HIGH SCHOOL,GRADE 8,2002,OGELBENG SERMINARY,THEOLOGY,FIVE YEARS,2008,CERTIFICATE,,,,,,470
457,,,,MARTIN LUTHER SERMINARY,THEOLOGY,,2016,,,,,,,471
458,Henganofi Primary School,Grade 6,1991,NETC-Armron,,2004-2006,2006,Certificate,H.L.S Ogelbeng,Theology,2015-2019,,Certificate,472
459,,GRADE 10,1993,OGELBENG SERMINARY,THEOLOGY,2010,2014,DIPLOMA IN THEOLOGY,,,,,,473
460,KEWAMUGL HIGH SCHOOL,GRADE 10,2001,OGELBENG SERMINARY,THEOLOGY,5 YEARS,2010,DIPLOMA,,,,,,474
461,,,,,,,,,,,,,,475
462,Goroka High School,Form 4,1979,ANHS,,2,1981,Grade 12 certificate,Theology Institution Lutheran Highlands Seminary,5 years,2005-2009,ELCPNG,Theology & Diploma certificate,476
463,Yauna Primary,Grade 10,1987,Martin Luther Seminary,Theology course,2016-2020,2020,Diploma,Mechanical Training,1989-1990,,Yonki Road Contractors,Certificate,477
464,MINZ HIGH SCHOOL,GRADE 10,1988,OGELBENG SERMINARY,THEOLOGY,5 YEARS,2008,DIPLOMA,,,,,,478
465,Kainantu Primary School,Grade 8,2004,Ogulberg Seminary,Theology,Five years,2021,Certificate,,,,,,479
466,,,,,,,,,Pastoral/ Ministerial School,Five years,1976-1980,Senior Flierl Seminary-Logaweng,Certificate in Theology,480
467,MINZ HIGH SCHOOL,GRADE 10,1988,OGELBENG SERMINARY,THEOLOGY,5 YEARS,2008,DIPLOMA,,,,,,481
468,Ino onka Primary School,Grade 6,1985,,,,,,ETC,2 Years,,,Evangelist,482
469,MURU PRIMARY SCHOOL,GRADE 6,1979,OGELBENG SERMINARY,THEOLOGY,1981-1984,,,,,,,,483
470,,GRADE 8,,OGELBENG SERMINARY,THEOLOGY,5 YEARS,2018,,,,,,,484
471,Pundia Primary,Gr8,,,,,,,Evangelist Short Course,6 weeks,,,Certificate,485
472,,,,,,,,,,,,,,486
473,Sumi Community School,Standard 3,1977,,,,,,,,,,,487
474,Sumi Community School,Gr.6,1986,Kentagl Bible School,Theology,3,2003,certificate,,,,,,488
475,Bible school,Standard 6,1968,,,,,,Evangelist Short Course,6 months,May~,,Certificate,489
476,Koiyabu Primary School,Gr.4,1984,,,,,,Evangelist Short Course,1 year,2005,Rev. Gerry Mangiri through LHS Teachers,Certificate,490
477,Tundra Community School,Gr.6,1969,,,,,,Evangelist Shory Course,1 Month,1985,,Certificate,491
478,Asaroka EHP,Gr.10,1989,,,,,,Evangelist Short Course,6 months,2005,Rev. Tanda Tombo,Certificate,492
479,Tiripini,Gr.6,,,,,,,Evangelist Short Course,,,,Certificate,493
480,,,,Evangelist School,Theology,2,2006,Certificate,Tok pigin,2 years,1979,,Certificate,494
481,Pundia Primary,Gr.6,1977,,,,,,Bible Trining,7 Months,2004-2005,"Ialibu Lutheran ( Garry Mangiri, Phillip Lombu, Tande Tumbo)",Certificate,495
482,Kendai,,1977,,,,,,Evangelist,4 years,1974-1977,Kendal,Certificate,496
483,,,,Kentagl (WHP),Evangelist,3,1986,,,,,,,497
484,Agenda Primary School,Gr.6,1986,,,,,,District Evangelist Short Course,1 Month,2005 May,Pastor Tande Tumbo,Certificate,498
485,Pundia Primary,Gr.6,1977,,,,,,Bible training,6 months,2004~2005,"Ialibu Lutheran mission (Tande Tumbo, Garry Mangiri, Phillip Londro)",certificate,499
486,Yarepori Community School,Gr.6,1976,,,,,,Evangelist Short Course,6 weeks,,Tande Tumbo,Certificate,500
487,Sumi primary community school,Gr.6,1986,Ogelbeng Lutheran Seminary,Deploma in Theology,5 Years 2016-2020,2020,Deploma,Kambaidam,2 years,1998-1999,Pastor Bovige Seforigi,Certificate,501
488,Village Bible school,,,Ogelbeng Seminary (LHS),,1989,1993,,Inservice course,1 week,,Pr. Wesley Kerenga,Certificate,502
489,,,,,,,,Bible Tokples Training,6 Months,6 Months,2004-2005,"Lutheran Ialibu Mission (Tunde Tumbo, Phillip Ronbo)",Certificate,503
490,Pangia High school,Gr. 8,1989,District short,Evangelistim,,,Certificate,Sort course,,,,,504
491,Pangia High school,Gr. 8,1989,District short,Evangelistim,,,Certificate,Sort course,,,,,505
492,Kentagl Tok pisin School,Level 4,1979,,,,,,Evangelist Training,6 weeks,2005,Tande Tumbo,Certificate,506
493,Tiripini Bible School,Hap 4,1969,Amron ETC,Theology,1,1975,Certificate,,,,,,507
494,Kentagl,Four years,1976,,Evencilis training,2006,2008,,,,,Immanuel,Cert,508
495,Yebi Primary school,Grade six,1988,,Short course (6 weeks) Iliabu Immanuel District,,,,,,24.04.1995 - 01.06.1995,Tande tumbu,Certificate,509
496,,,,Christian Education,Sotkos,1 month,2005,Certificate,,,,Garry Magere / Tande Tumbo,,510
28,,,,,,,,,,,,,,511
29,,,,,,,,,,,,,,512
497,Tunda Community School,Gr.6,1982,,,,,,Evangelist Short Course,2 months,March - May 2005,Pastor Gerry Mangiri,Certificate,513
498,Mogol Primary,Gr.3,,,,,,,Kendal Evangelist Training,3 year Training,2005-2008,Kentagl Evangelist Training College,Certificate,514
499,Kentagl,3 years,1987,,Gutnius,3 years,1983,Certificate,Tok Ples school,S.I.L.,1954-1959,,,515
500,Koyapou Tokpisin School,Level 5,1977,,,,,,Immanuel District and Kentagl B/Study O/T Tiolo. N/T Tiolo 81. History (Reformation),4 Years,1978-1981,,Certificate,516
501,Alkina Tok Pidgin Scjool,Level 4,1971,,,,,,Onerung Bible Study,4 years,1972-1975,,Certificate,517
502,Kentagl,2,1992,,,,,,Evangelist Training,2 years,1990-1992,Kentagl School,Certificate,518
503,MINJ SECONDARY,GRADE 10,2001,OGELBENG SERMINARY,THEOLOGY,2010-2014,,,,,,,,519
504,Onerunka,Grade 3,1975,,,,,,Pastoral,5,1983-1986,Logaweng/Ogelbeng,Theology,520
505,Bugan Secondary School,Grade 8,1981,Christian L/Ship Technical College,Bachelor of Theology,1997-2001,2001,Bachelor Certificate,Post Graduate Dipartpent of Education,one year,2004,University of Goroka,Certficate,521
506,Bugan Secondary School,Grade 8,1981,Christian L/Ship Technical College,Bachelor of Theology,1997-2001,2001,Bachelor Certificate,Post Graduate Dipartpent of Education,one year,2004,University of Goroka,Certficate,522
507,KEROWAGI SECONDARY,GRADE 10,1991,MARTIN LUTHER SERMINARY,THEOLOGY,SIX YEARS,2010,,,,,,,523
508,NONDUGL ST MARYS,FORM 1-FORM 6,1980,TIMOTHY LUTHERAN SERMINARY,THEOLOGY,1994-1999,1999,CERTIFICATE,,,,,,524
509,KEROWAGI HIGH SCHOOL,GRADE 10,1985,TIMOTHY LUTHERAN SERMINARY,PASTORAL MINISTRY,4 YEARS,1991,,,,,,,525
510,,,,OGELBENG SERMINARY,,1982-1986,1986,,,,,,,526
511,MINJ HIGH SCHOOL,GRADE 10,1990,LUTHERAN CHURCH COLLEGE BANZ,1991-1994,1994,,,,,,,,527
512,Tiripini Primary School,Gr.6,,Kentagl Bible School,,1996-1997,1997,Certificate,,,,,,528
513,,,,AMRON EVANGELIST TRAINING SCHOOL,,2003-2006,,,,,,,,529
514,Henganofi Highschool,Grade 10,1997,Lutheran Seminary Ogelbeng,Theology in certificate,2012-2017,2017,Certificate,Evangelist Training Kambaidam,Evangelist,1994,1995,Certificate,530
515,,GRADE 8,1978,,,,,,,,,,,531
516,Onerunka Tokples Skul,Grade 4,1974,Lutheran Highlands Seminary,"Old and New Testament Theology, Church History",1984-1988,1988,Theology,,,,,,532
517,Tiripini Community School,Gr.6,1983,,,,,,"Evangelist Training, Raipingka Kainantu",2 Years,2000-2001,Venny Puap,Certificate,533
518,Mendi High school,Grade ten,03.12.2006,,Short course (6 weeks) Iliabu Immanuel District,,,,,,24.04.1995 - 01.06.1995,Garry Magere,,534
519,,,,,,,,,Kentagl Bible Training,2 years,1988-1990,,,535
520,Kintinu Praimary School,Henganofi,1994-,Martin Luther Seminary,Theology,2002-2008,2008,,IT,Two years,2020-2021,Kiunga WIP,,536
521,MINJ,GRADE 6,1982,,,,,,,,,,,537
522,,GRADE 7,1970,,,,,,,,,,,538
523,Tiripini Community School,Gr.6,1989,,,,,,Evangelist Short Course,4 Months,2015,Pastor Philip,Certificate,539
524,MINJ COMMUNITY SCHOOL,GRADE 6,,HOMELITIES SHORT COURSE,THEOLOGY,,,,,,,,,540
525,,,,,,,,,Evangelist Short Course,1 Month,,Gerry Mangiri,Certificate (Homilitics),541
526,,,,LUTHERAN CHURCH COLLEGE BANZ,MINISTRY,2015-2017,2017,,,,,,,542
527,,,,Kentagl Evangelist Training,,2,1998,Certificate,,,,,,543
528,MOGOL,GRADE 8,1978,ONERUNGKA,,1981-1982,,,,,,,,544
529,KEROWAGI SECONDARY,GRADE 10,1994,CTC,,,,,,,,,,545
530,Williame C school,Grade b,1985,Hetman / Evangelist,,,,,,,,,,546
1,,,,,,,,,,,,,,547
2,,,,,,,,,,,,,,548
3,,,,,,,,,,,,,,549
4,,,,,,,,,,,,,,550
5,,,,,,,,,,,,,,551
6,,,,,,,,,,,,,,552
7,,,,,,,,,,,,,,553
8,,,,,,,,,,,,,,554
9,,,,,,,,,,,,,,555
10,,Bawl Primary ,,,,,,,,,,,,556
11,,,24-Nov,,,,,,,,,,,557
12,,,24-Nov,,,,,,,,,,,558
13,,,,,,,,,,,,,,559
14,,,,,,,,,,,,,,560
15,,,,,,,,,,,,,,561
16,,,,,,,,,,,,,,562
17,,,,,,,,,,,,,,563
18,,,,,,,,,,,,,,564
19,,,,,,,,,,,,,,565
20,,,,,,,,,,,,,,566
21,,,,,,,,,,,,,,567
22,,,,,,,,,,,,,,568
23,,,,,,,,,,,,,,569
24,Karkar high sch,gr.10,1997,,,,,,,,,,,570
25,,,,,,,,,,,,,,571
26,,,,,,,,,,,,,,572
27,,,,,,,,,,,,,,573
28,,,,,,,,,,,,,,574
29,,,,,,,,,,,,,,575
30,,,,,,,,,,,,,,576
31,,,,,,,,,,,,,,577
32,,,,,,,,,,,,,,578
33,,,,,,,,,,,,,,579
34,,,,,,,,,,,,,,580
35,,,,,,,,,,,,,,581
36,,,,,,,,,,,,,,582
37,,,,,,,,,,,,,,583
38,,,,,,,,,,,,,,584
39,,,,,,,,,,,,,,585
40,,,,,,,,,,,,,,586
41,,,,,,,,,,,,,,587
42,Boisen High,Gr.7-8,1979-1980,,,,,,,,,,,588
43,,,,,,,,,,,,,,589
44,,,,,,,,,,,,,,590
45,,,,,,,,,,,,,,591
46,,,,,,,,,,,,,,592
47,,,,,,,,,,,,,,593
48,,,,,,,,,,,,,,594
49,,,,,,,,,,,,,,595
50,,,,,,,,,,,,,,596
51,,,,Olgebeng Semi,Theology ,5 Years ,2006,Diploma of Theology ,,,,,,597
52,ITC,Business,2011,,,,,,,,,,,598
53,,,,,,,,,,,,,,599
54,,,,,,,,,,,,,,600
55,,,,,,,,,,,,,,601
56,,,,,,,,,,,,,,602
57,,,,,,,,,,,,,,603
58,,,,,,,,,,,,,,604
59,,,,,,,,,,,,,,605
60,,,,,,,,,,,,,,606
61,,,,,,,,,,,,,,607
62,,,,,,,,,,,,,,608
63,,,,,,,,,,,,,,609
64,,,,,,,,,,,,,,610
65,,,,,,,,,,,,,,611
66,,,,,,,,,,,,,,612
67,,,,,,,,,,,,,,613
68,,,,,,,,,,,,,,614
69,,,,,,,,,,,,,,615
70,,,,,,,,,,,,,,616
71,,,,,,,,,,,,,,617
72,,,,,,,,,,,,,,618
73,,,,,,,,,,,,,,619
74,,,,,,,,,,,,,,620
75,,,,,,,,,,,,,,621
76,,,,,,,,,,,,,,622
77,,,,,,,,,,,,,,623
78,,,,,,,,,,,,,,624
79,,,,,,,,,,,,,,625
80,,,,,,,,,,,,,,626
81,,,,,,,,,,,,,,627
82,,,,,,,,,,,,,,628
83,,,,,,,,,,,,Asaroka Circuit,,629
84,,,,,,,,,,,,,,630
85,,,,,,,,,,,,,,631
86,,,,,,,,,Seket Baibel Skul,4 years,1969-1972,Wala Seket Baibel Skul,,632
87,,,,,,,,,Seket Baibel Skul,1 year,1973,Banz Bible School,,633
88,,,,,,,,,,,,,,634
89,,,,,,,,,,,,,,635
90,,,,,,,,,Administration,2 weels,1996,St. Paul Congregation,,636
91,,,,,,,,,,,,,,637
92,,,,,,,,,Leadership Course,2 weeks,1991,Fiteve Congregation,,638
93,,,,,,,,,,,,,,639
94,,,,,,,,,,,,,,640
95,,,,,,,,,Literacy Course,1 week,2010,Tiripini Circuit,Certificate,641
96,,,,,,,,,Healing the Land Course,3 weeks,2012,Pr. Walo Hani,Certificate,642
97,,,,,,,,,,,,,,643
98,,,,,,,,,,,,,,644
99,,,,,,,,,,,,,,645
100,,,,,,,,,,,,,,646
101,,,,,,,,,,,,,,647
102,,,,,,,,,,,,,,648
103,,,,UOG,Dip Teaching ,1 year,2005,Diploma ,,,,,,649
104,,,,Pakapena Bible School,Evangelist course,"1986-1987 (1 yr, 6 mnths)",1987,Certificate,,,,,,650
105,,,,,,,,,,,,,,651
106,,,,,,,,,,,,,,652
107,,,,,,,,,,,,,,653
108,,,,,,,,,Evangelist Short Course,6 weeks,2013,Ogelbeng Seminary,Certificate,654
109,,,,,,,,,,,,,,655
110,KITIP LUTHERAN HIGH,GRADE 8,1981,,,,,,,,,,,656
111,Pangia High School,Grade 7,1987,,,,,,,,,,,657
112,,,,,,,,,,,,,,658
113,,,,,,,,,Bible School,2 years,1988-1989,Heldsberg,Hap 9/10 Certificate,659
114,,,,,,,,,,,,,,660
115,,,,,,,,,,,,,,661
116,,,,,,,,,,,,,,662
117,,,,,,,,,,,,,,663
118,"Uni Center, Lae",Grade 12,2005,,,,,,,,,,,664
119,,,,,,,,,,,,,,665
120,,,,,,,,,,,,,,666
121,,,,,,,,,,,,,,667
122,,,,Ogelbeng Seminary,Pastor Training,2004-2008,2008,Certificate,,,,,,668
123,,,,,,,,,,,,,,669
124,,,,,,,,,,,,,,670
125,,,,,,,,,,,,,,671
126,,,,Ogelbeng Seminary,Pastor Training,2017-2021,2021,Certificate,Village Health Volunteer,6 weeks,2006,Amron,Certificate,672
127,Goroka Rational Business School,Sales/Marketing ,2000,,,,,,,,,,,673
128,,,,,,,,,,,,,,674
129,,,,,,,,,,,,,,675
130,,,,,,,,,,,,,,676
131,,,,,,,,,,,,,,677
132,,,,,,,,,,,,,,678
133,,,,,,,,,,,,,,679
134,Good Shepard,10-Sep,1999,,,,,,Adult Literacy,1 week,,Mrs. Ruth Yapi,Certificate,680
135,,,,,,,,,,,,,,681
136,,,,,,,,,,,,,,682
137,,,,,,,,,,,,,,683
138,,,,Ogelbeng Seminary,Pastor Training,1998-2002,2002,Pastor Certificate,,,,,,684
139,,,,,,,,,,,,,,685
140,,,,,,,,,,,,,,686
141,,,,,,,,,,,,,,687
142,,,,,,,,,,,,,,688
143,,,,,,,,,,,,,,689
144,,,,,,,,,,,,,,690
145,,,,,,,,,,,,,,691
146,,,,,,,,,,,,,,692
147,,,,,,,,,,,,,,693
148,,,,,,,,,Evangelist,6 weeks,2005,Ialibu Station,Certificate,694
149,,,,,,,,,,,,,,695
150,,,,,,,,,,,,,,696
151,Bema High School,Grade 10,2005,,,,,,,,,,,697
152,,,,,,,,,Evangelist,1 week,2011,"Kewamugl, Trinity Circuit",Certificate,698
153,Bema High School,Grade 10,2005,,,,,,,,,,,699
154,,,,,,,,,,,,,,700
155,,,,,,,,,,,,,,701
156,,,,Martin Luth Sem,Theology,3 Years ,2019,Bach ,,,,,,702
157,,,,,,,,,,,,,,703
158,Asaroka Circuit,Evangelist Course,1999,,,,,,,,,,,704
159,,,,,,,,,,,,,,705
160,Kitip Secondary School,Grade 12,2015,,,,,,,,,,,706
161,,,,,,,,,,,,,,707
162,Special Training Center,Agriculture Training,3 years,,,,,,Homiletics Course,2 weeks ,1990,Bundun,Certificate,708
163,,,,,,,,,,,,,,709
164,Kundiawa Uni Center,Grade 12,2004,,,,,,,,,,,710
165,,,,,,,,,,,,,,711
166,Wiliame Vocational School,Carpentry,1989,,,,,,,,,,,712
167,,,,,,,,,,,,,,713
168,Busu Highschool,Grade 7-10,1990-1993,SFS seminary ,Theology ,2006-2010,2010,Certificate ,,,,,,714
169,Dregahaffen ,Grade 9,2003,Olgebang Seminary ,Theology,2010-2014,2014,Certificate ,,,,,,715
170,,,,,,,,,,,,,,716
171,,,,,,,,,,,,,,717
172,,,,,,,,,,,,,,718
173,,,,,,,,,,,,,,719
174,,,,,,,,,,,,,,720
175,,,,,,,,,,,,,,721
176,,,,,,,,,,,,,,722
177,,,,,,,,,,,,,,723
178,,,,,,,,,,,,,,724
179,,,,,,,,,,,,,,725
180,,,,,,,,,,,,,,726
181,,,,,,,,,,,,,,727
182,,,,,,,,,,,,,,728
183,BUSU HIGH SCHOOL,LOWER SECONDARY,1995,MARTIN LUTHER SERMINARY,CHRISTIAN LIFE STUDIES,ONE,2008,CERTIFICATE,HIV/AIDS,1 WEEK,14th-18th JUNE 2010,LUTHERAN LIFE CARE,CERTIFICATE,729
184,,,,,,,,,,,,,,730
185,,,,,,,,,,,,,,731
186,,,,,,,,,,,,,,732
187,,,,,,,,,,,,,,733
188,,,,,,,,,,,,,,734
189,,,,,,,,,,,,,,735
190,,,,,,,,,,,,,,736
191,,,,,,,,,,,,,,737
192,,,,,,,,,,,,,,738
193,,,,,,,,,,,,,,739
194,,,,,,,,,,,,,,740
195,,,,,,,,,,,,,,741
196,,,,,,,,,,,,,,742
197,,,,,,,,,,,,,,743
198,,,,,,,,,,,,,,744
199,,,,,,,,,,,,,,745
200,,,,,,,,,,,,,,746
201,,,,,,,,,,,,,,747
202,,,,,,,,,,,,,,748
203,,,,,,,,,,,,,,749
204,,,,,,,,,,,,,,750
205,,,,,,,,,,,,,,751
206,,,,,,,,,,,,,,752
207,,,,,,,,,,,,,,753
208,,,,,,,,,,,,,,754
209,,,,,,,,,,,,,,755
210,,,,,,,,,,,,,,756
211,,,,,,,,,,,,,,757
212,,,,UPNG,PHILOSPHY,1997-2001,2002,BACHELOR OF ARTS,,,,,,758
213,DREGERHAFFEN HIGHSCHOOL,GRADE 8,,,,,,,,,,,,759
214,,,,,,,,,,,,,,760
215,,,,,,,,,,,,,,761
216,,,,,,,,,,,,,,762
217,,,,,,,,,,,,,,763
218,,,,,,,,,,,,,,764
219,,,,UOG,Guidance Councillor/ Applied Phycology,2,2020,Deploma,,,,,,765
220,,,,,,,,,,,,,,766
221,,,,,,,,,,,,,,767
222,HIV Aids,Two Weeks,2010,Logaweng,Certificate,,,,,,,,,768
223,Ponampa,Grade 6,1971-1976,,,,,,,,,,,769
224,,,,,,,,,,,,,,770
225,,,,,,,,,,,,,,771
226,,,,,,,,,,,,,,772
227,,,,,,,,,,,,,,773
228,,,,,,,,,,,,,,774
229,,,,,,,,,,,,,,775
230,,,,,,,,,,,,,,776
231,,,,,,,,,,,,,,777
232,,,,,,,,,,,,,,778
233,,,,,,,,,,,,,,779
234,,,,,,,,,,,,,,780
235,,,,Ogelbeng Seminary,Theology,5,1993,,,,,,,781
236,,,,,,,,,,,,,,782
237,,,,,,,,,,,,,,783
238,,,,,,,,,,,,,,784
239,,,,,,,,,,,,,,785
240,,,,,,,,,,,,,,786
241,,,,,,,,,,,,,,787
242,,,,,,,,,,,,,,788
243,,,,,,,,,,,,,,789
244,,,,,,,,,,,,,,790
245,,,,,,,,,,,,,,791
246,,,,,,,,,,,,,,792
247,,,,,,,,,,,,,,793
248,,,,,,,,,,,,,,794
249,,,,,,,,,,,,,,795
250,,,,,,,,,,,,,,796
251,,,,,,,,,,,,,,797
252,,,,,,,,,,,,,,798
253,SIASSI LUTHERAN HIGH SCHOOL,GRADE 10,1997,,,,,,,,,,,799
254,,,,,,,,,,,,,,800
255,DREGERAHFEN HIGH SCHOOL,GRADE 10,1977-1980,,,,,,,,,,,801
256,Kitip Lutheran Secondary School,Grade Ten,2000,,,,,,,,,,,802
257,,,,,,,,,,,,,,803
258,,,,,,,,,,,,,,804
259,,,,,,,,,,,,,,805
260,,,,,,,,,,,,,,806
261,,,,,,,,,,Rot igat laip,1994,Trainer,Certificate,807
262,,,,,,,,,,,,,,808
263,,,,,,,,,,,,,,809
264,,,,,,,,,,,,,,810
265,,,,,,,,,,,,,,811
266,,,,,,,,,,,,,,812
267,,,,,,,,,,,,,,813
268,,,,,,,,,,,,,,814
269,,,,,,,,,,,,,,815
270,,,,,,,,,,,,,,816
271,,,,,,,,,,,,,,817
272,Hagen Park High School,Grade 10,1998,,,,,,NARI Piggery Course,One Week,,Stanely Amben,Certificate,818
273,,,,,,,,,,,,,,819
274,,,,,,,,,,,,,,820
275,,,,,,,,,,,,,,821
276,,,,,,,,,,,,,,822
277,,,,,,,,,,,,,,823
278,,,,,,,,,,,,,,824
279,Tiripini Code Centre,Grade Ten,1988,,,,,,,,,,,825
280,,,,,,,,,,,,,,826
281,,,,,,,,,,,,,,827
282,,,,,,,,,,,,,,828
283,,,,,,,,,,,,,,829
284,,,,,,,,,,,,,,830
285,,,,,,,,,,,,,,831
286,,,,,,,,,,,,,,832
287,,,,,,,,,,,,,,833
288,,,,Lutheran Highlands Seminary,Theology,Five Years,2009,,,,,,,834
289,,,,,,,,,,,,,,835
290,CODE,GRADE 10,1992-1993,,,,,,VILLAGE LIFE SCHOOL,,,,,836
291,,,,,,,,,,,,,,837
292,,,,,,,,,,,,,,838
293,,,,,,,,,,,,,,839
294,,,,,,,,,,,,,,840
295,,,,,,,,,,,,,,841
296,,,,,,,,,,,,,,842
297,,,,,,,,,Theology in old/new history statement/testement,,,,,843
298,,,,,,,,,,,,,,844
299,,,,,,,,,,,,,,845
300,,,,,,,,,,,,,,846
301,,,,,,,,,,,,,,847
302,,,,,,,,,,,,,,848
303,,,,,,,,,,,,,,849
304,,,,,,,,,,,,,,850
305,,,,,,,,,,,,,,851
306,,,,,,,,,,,,,,852
307,,,,,,,,,Advance Dipolma in Theology,Two Years,2015-2016,MLS,Diploma,853
308,1976-1981,,,,,,,,,,,,,854
309,,,,,,,,,,,,,,855
310,,,,,,,,,,,,,,856
311,,,,,,,,,,,,,,857
312,DREGERAHFEN SECONDARY,GRADE 10,1989,,,,,,,,,,,858
313,,,,,,,,,,,,,,859
314,,,,,,,,,,,,,,860
315,Kitip High School,Grade 10,1995,,,,,,,,,,,861
316,,,,,,,,,,,,,,862
317,,,,,,,,,,,,,,863
318,,,,,,,,,,,,,,864
319,,,,,,,,,,,,,,865
320,,,,,,,,,,,,,,866
321,,,,,,,,,,,,,,867
322,,,,,,,,,,,,,,868
323,,,,,,,,,,,,,,869
324,,,,,,,,,,,,,,870
325,,,,,,,,,,,,,,871
326,,,,,,,,,,,,,,872
327,,,,,,,,,,,,,,873
328,,,,,,,,,,,,,,874
329,,,,,,,,,,,,,,875
330,,,,,,,,,,,,,,876
331,,,,,,,,,HIV AIDS,,,,,877
332,,,,,,,,,,,,,,878
333,,,,,,,,,,,,,,879
334,,,,,,,,,,,,,,880
335,,,,,,,,,,,,,,881
336,High school,,,,,,,,,,,,,882
337,Dregehafen high school,grade 10,1990,,,,,,,,,,,883
338,,,,,,,,,,,,,,884
339,,,,,,,,,,,,,,885
340,,,,,,,,,,,,,,886
341,,,,,,,,,,,,,,887
342,,,,,,,,,,,,,,888
343,,,,,,,,,,,,,,889
344,DREGERAHFEN HIGH SCHOOL,GRADE 10,,,,,,,,,,,,890
345,,,,,,,,,,,,,,891
346,,,,,,,,,,,,,,892
347,,,,,,,,,,,,,,893
348,,,,,,,,,,,,,,894
349,,,,,,,,,,,,,,895
350,Pangia High,Gr.10,,,,,,,,,,,,896
351,,,,,,,,,,,,,,897
352,,,,,,,,,,,,,,898
353,,,,,,,,,,,,,,899
354,,,,,,,,,,,,,,900
355,,,,,,,,,,,,,,901
356,,,,,,,,,,,,,,902
357,,,,,,,,,,,,,,903
358,,,,,,,,,,,,,,904
359,,,,,,,,,,,,,,905
360,,,,,,,,,,,,,,906
361,,,,,,,,,,,,,,907
362,,,,,,,,,,,,,,908
363,,,,,,,,,,,,,,909
364,,,,,,,,,,,,,,910
365,,,,,,,,,,,,,,911
366,,,,,,,,,,,,,,912
367,,,,,,,,,,,,,,913
368,,,,,,,,,,,,,,914
369,,,,,,,,,,,,,,915
370,,,,,,,,,,,,,,916
371,,,,,,,,,,,,,,917
372,,,,,,,,,,,,,,918
373,,,,,,,,,,,,,,919
374,,,,,,,,,,,,,,920
375,,,,,,,,,,,,,,921
376,,,,,,,,,,,,,,922
377,,,,,,,,,,,,,,923
378,,,,,,,,,,,,,,924
379,,,,,,,,,,,,,,925
380,,,,,,,,,,,,,,926
381,,,,,,,,,,,,,,927
382,,,,,,,,,,,,,,928
383,Ialibu Secondary School,Gr.10,1987,MLS,Theology,,2008,BTH,Teaching and Preaching,2 months,Aug-11,German,,929
384,,,,,,,,,Short Course,12 Months,2005-2006,Dr. Allen Kome and Rev. Gerrymandering Magiri,,930
385,,,,,,,,,5 Start Yuth program,,,,,931
386,,,,,,,,,,,,,,932
387,,,,,,,,,,,,,,933
388,,,,,,,,,,,,,,934
389,,,,,,,,,,,,,,935
390,,,,,,,,,,,,,,936
391,,,,,,,,,,,,,,937
392,Kagua Secondary School,Gr.12,2016,,,,,,,,,,,938
393,,,,,,,,,,,,,,939
394,,,,,,,,,,,,,,940
395,,,,,,,,,,,,,,941
396,,,,,,,,,,,,,,942
397,,,,,,,,,,,,,,943
398,,,,,,,,,,,,,,944
399,,,,,,,,,,,,,,945
400,,,,,,,,,,,,,,946
401,,,,,,,,,,,,,,947
402,,,,,,,,,,,,,,948
403,,,,,,,,,,,,,,949
404,,,,,,,,,,,,,,950
405,,,,,,,,,,,,,,951
406,,,,,,,,,,,,,,952
407,,,,,,,,,,,,,,953
408,,,,,,,,,,,,,,954
409,,,,,,,,,,,,,,955
410,,,,,,,,,,,,,,956
411,,,,,,,,,,,,,,957
412,,,,,,,,,,,,,,958
413,,,,,,,,,,,,,,959
414,,,,,,,,,Maret Kos,2000,,,,960
415,,,,,,,,,,,,,,961
416,,,,,,,,,,,,,,962
417,,,,,,,,,,,,,,963
418,,,,,,,,,,,,,,964
419,,,,,,,,,,,,,,965
420,,,,,,,,,,,,,,966
421,,,,,,,,,Teach Trumpet,1998 Raipinka circuit,1999,Raipinka Circuit,Teacher for Trumpet,967
422,,,,,,,,,,,,,,968
423,,,,,,,,,,,,,,969
424,,,,,,,,,,,,,,970
425,,,,,,,,,,,,,,971
426,,,,,,,,,,,,,,972
427,,,,,,,,,,,,,,973
428,,,,,,,,,,,,,,974
429,,,,,,,,,,,,,,975
430,,,,,,,,,,,,,,976
431,,,,,,,,,,,,,,977
432,,,,,,,,,,,,,,978
433,,,,,,,,,,,,,,979
434,,,,,,,,,Short Course,,,Evelyn Mokono Banz Church College,,980
435,,,,,,,,,,,,,,981
436,,,,,,,,,,,,,,982
437,,,,,,,,,,,,,,983
438,,,,,,,,,,,,,,984
439,Asaroka High,Grade 10,1990,,,,,,Musigan,,,,,985
440,,,,,,,,,,,,,,986
441,,,,,,,,,,,,,,987
442,,,,,,,,,,,,,,988
443,,,,,,,,,,,,,,989
444,,,,,,,,,,,,,,990
445,,,,,,,,,,,,,,991
446,KEROWAGI HIGH SCHOOL,GRADE 10,,,,,,,,,,,,992
447,,,,,,,,,,,,,,993
448,,,,,,,,,,,,,,994
449,,,,,,,,,,,,,,995
450,,,,,,,,,,,,,,996
451,,,,,,,,,,,,,,997
452,,,,,,,,,,,,,,998
453,KEROWAGI HIGH SCHOOL,GRADE 10,,,,,,,,,,,,999
454,,,,,,,,,,,,,,1000
455,,,,,,,,,,,,,,1001
456,,,,,,,,,,,,,,1002
457,,,,,,,,,,,,,,1003
458,,,,,,,,,,,,,,1004
459,,,,,,,,,,,,,,1005
460,,,,,,,,,,,,,,1006
461,,,,,,,,,,,,,,1007
462,,,,,,,,,,,,,,1008
463,,,,,,,,,Secretarial Training,1991-1992,,Salvation Army Office Procedures Training,Certificate,1009
464,,,,,,,,,,,,,,1010
465,,,,,,,,,,,,,,1011
466,,,,,,,,,,,,,,1012
467,,,,,,,,,,,,,,1013
468,,,,,,,,,Seminary-Ogelbeng,5 years,2006-2010,Lutheran Seminary,Theology Certficate,1014
469,,,,,,,,,,,,,,1015
470,,,,,,,,,,,,,,1016
471,Kapena High school,Gr10,,,,,,,In service,1 week,,,,1017
472,,,,,,,,,,,,,,1018
473,,,,,,,,,,,,,,1019
474,,,,,,,,,,,,,,1020
475,,,,,,,,,,,,,,1021
476,,,,,,,,,,,,,,1022
477,,,,,,,,,,,,,,1023
478,,,,,,,,,,,,,,1024
479,,,,,,,,,,,,,,1025
480,,,,,,,,,,,,,,1026
481,,,,,,,,,,,,,,1027
482,,,,,,,,,,,,,,1028
483,,,,,,,,,,,,,,1029
484,,,,,,,,,,,,,,1030
485,,,,,,,,,,,,,,1031
486,,,,,,,,,,,,,,1032
487,,,,,,,,,,,,,,1033
488,Evengelis training,,,,,,,,,,,,,1034
489,,,,,,,,,,,,,,1035
490,,,,,,,,,,,,,,1036
491,,,,,,,,,,,,,,1037
492,,,,,,,,,,,,,,1038
493,Kentagl District Tokples school,Hap 5,1974,,,,,,,,,,,1039
494,,,,,,,,,,,,,,1040
495,,,,,,,,,,,,,,1041
496,,,,,,,,,,,,,,1042
497,,,,,,,,,,,,,,1043
498,,,,,,,,,,,,,,1044
499,,,,,,,,,,,,,,1045
500,,,,,,,,,Evangelist,6 weeks,,Tande Tumbo,Certificate,1046
501,,,,,,,,,Rintembe Bible school  Teacher training,,1973-1978,,Certificate,1047
502,,,,,,,,,,,,,,1048
503,,,,,,,,,,,,,,1049
504,,,,,,,,,,,,,,1050
505,,,,,,,,,,,,,,1051
506,,,,,,,,,,,,,,1052
507,,,,,,,,,,,,,,1053
508,,,,,,,,,,,,,,1054
509,,,,,,,,,,,,,,1055
510,,,,,,,,,,,,,,1056
511,,,,,,,,,,,,,,1057
512,,,,,,,,,,,,,,1058
513,,,,,,,,,,,,,,1059
514,,,,,,,,,,,,,,1060
515,,,,,,,,,,,,,,1061
516,,,,,,,,,,,,,,1062
517,,,,,,,,,,,,,,1063
518,,,,,,,,,,,,,,1064
519,,,,,,,,,,,,,,1065
520,,,,,,,,,,,,,,1066
521,,,,,,,,,,,,,,1067
522,,,,,,,,,,,,,,1068
523,,,,,,,,,,,,,,1069
524,,,,,,,,,,,,,,1070
525,,,,,,,,,,,,,,1071
526,,,,,,,,,,,,,,1072
527,,,,,,,,,,,,,,1073
528,,,,,,,,,,,,,,1074
529,,,,,,,,,,,,,,1075
530,,,,,,,,,,,,,,1076
1,,,,,,,,,,,,,,1077
2,,,,,,,,,,,,,,1078
3,,,,,,,,,,,,,,1079
4,,,,,,,,,,,,,,1080
5,,,,,,,,,,,,,,1081
6,,,,,,,,,,,,,,1082
7,,,,,,,,,,,,,,1083
8,,,,,,,,,,,,,,1084
9,,,,,,,,,,,,,,1085
10,Bawl Primary ,,,,,,,,,,,,,1086
11,,,,,,,,,,,,,,1087
12,,,,,,,,,,,,,,1088
13,,,,,,,,,,,,,,1089
14,,,,,,,,,,,,,,1090
30,,,,,,,,,,,,,,1091
31,,,,,,,,,,,,,,1092
32,,,,,,,,,,,,,,1093
33,,,,,,,,,,,,,,1094
34,,,,,,,,,,,,,,1095
35,,,,,,,,,,,,,,1096
36,,,,,,,,,,,,,,1097
37,,,,,,,,,,,,,,1098
38,,,,,,,,,,,,,,1099
39,,,,,,,,,,,,,,1100
40,,,,,,,,,,,,,,1101
41,,,,,,,,,,,,,,1102
42,Gr.7-8,,,,,,,,,,,,,1103
43,,,,,,,,,,,,,,1104
44,,,,,,,,,,,,,,1105
45,,,,,,,,,,,,,,1106
46,,,,,,,,,,,,,,1107
47,,,,,,,,,,,,,,1108
48,,,,,,,,,,,,,,1109
49,,,,,,,,,,,,,,1110
50,,,,,,,,,,,,,,1111
51,,,,,,,,,,,,,,1112
52,Business,,,,,,,,,,,,,1113
53,,,,,,,,,,,,,,1114
54,,,,,,,,,,,,,,1115
55,,,,,,,,,,,,,,1116
56,,,,,,,,,,,,,,1117
57,,,,,,,,,,,,,,1118
58,,,,,,,,,,,,,,1119
59,,,,,,,,,,,,,,1120
60,,,,,,,,,,,,,,1121
61,,,,,,,,,,,,,,1122
62,,,,,,,,,,,,,,1123
63,,,,,,,,,,,,,,1124
64,,,,,,,,,,,,,,1125
65,,,,,,,,,,,,,,1126
66,,,,,,,,,,,,,,1127
67,,,,,,,,,,,,,,1128
68,,,,,,,,,,,,,,1129
69,,,,,,,,,,,,,,1130
70,,,,,,,,,,,,,,1131
71,,,,,,,,,,,,,,1132
72,,,,,,,,,,,,,,1133
73,,,,,,,,,,,,,,1134
74,,,,,,,,,,,,,,1135
75,,,,,,,,,,,,,,1136
76,,,,,,,,,,,,,,1137
77,,,,,,,,,,,,,,1138
78,,,,,,,,,,,,,,1139
79,,,,,,,,,,,,,,1140
80,,,,,,,,,,,,,,1141
81,,,,,,,,,,,,,,1142
82,,,,,,,,,,,,,,1143
83,,,,,,,,,,,,,,1144
84,,,,,,,,,,,,,,1145
85,,,,,,,,,,,,,,1146
86,,,,,,,,,,,,,,1147
87,,,,,,,,,District Baibel School,4 years,1974-1978,Kenda Bible School,,1148
88,,,,,,,,,,,,,,1149
89,,,,,,,,,,,,,,1150
90,,,,,,,,,Youth Program,3 weeks,1997,Asaroka Circuit,Certificate,1151
91,,,,,,,,,,,,,,1152
92,,,,,,,,,,,,,,1153
93,,,,,,,,,,,,,,1154
94,,,,,,,,,,,,,,1155
95,,,,,,,,,,,,,,1156
96,,,,,,,,,Homiletics,3 weeks,2014,Rev. Paul Apolo,Certificate,1157
97,,,,,,,,,,,,,,1158
98,,,,,,,,,,,,,,1159
99,,,,,,,,,,,,,,1160
100,,,,,,,,,,,,,,1161
101,,,,,,,,,,,,,,1162
102,,,,,,,,,,,,,,1163
103,,,,UOG,Dip-Ed,2 years ,2010,Bach,,,,,,1164
104,,,,Ogelbeng Seminary,Pastor Training,2010-2015,2015,Certificate,,,,,,1165
105,,,,,,,,,,,,,,1166
106,,,,,,,,,,,,,,1167
107,,,,,,,,,,,,,,1168
108,,,,,,,,,,,,,,1169
109,,,,,,,,,,,,,,1170
110,GRADE 8,,,,,,,,,,,,,1171
111,Grade 7,,,,,,,,,,,,,1172
112,,,,,,,,,,,,,,1173
113,,,,,,,,,Evangelist,4 years,1991-1994,Menyamya Evangelist School,Evangelism Certificate,1174
114,,,,,,,,,,,,,,1175
115,,,,,,,,,,,,,,1176
116,,,,,,,,,,,,,,1177
117,,,,,,,,,,,,,,1178
118,Grade 12,,,,,,,,,,,,,1179
119,,,,,,,,,,,,,,1180
120,,,,,,,,,,,,,,1181
121,,,,,,,,,,,,,,1182
122,,,,,,,,,,,,,,1183
123,,,,,,,,,,,,,,1184
124,,,,,,,,,,,,,,1185
125,,,,,,,,,,,,,,1186
126,,,,,,,,,,,,,,1187
127,Sales/Marketing ,,,,,,,,,,,,,1188
128,,,,,,,,,,,,,,1189
129,,,,,,,,,,,,,,1190
130,,,,,,,,,,,,,,1191
131,,,,,,,,,,,,,,1192
132,,,,,,,,,,,,,,1193
133,,,,,,,,,,,,,,1194
134,10-Sep,,,,,,,,,,,,,1195
135,,,,,,,,,,,,,,1196
136,,,,,,,,,,,,,,1197
137,,,,,,,,,,,,,,1198
138,,,,,,,,,,,,,,1199
139,,,,,,,,,,,,,,1200
140,,,,,,,,,,,,,,1201
141,,,,,,,,,,,,,,1202
142,,,,,,,,,,,,,,1203
143,,,,,,,,,,,,,,1204
144,,,,,,,,,,,,,,1205
145,,,,,,,,,,,,,,1206
146,,,,,,,,,,,,,,1207
147,,,,,,,,,,,,,,1208
148,,,,,,,,,,,,,,1209
149,,,,,,,,,,,,,,1210
150,,,,,,,,,,,,,,1211
151,Grade 10,,,,,,,,,,,,,1212
152,,,,,,,,,Evangelist,1 week,2021,Dawo Circuit,Certificate,1213
153,Grade 10,,,,,,,,,,,,,1214
154,,,,,,,,,,,,,,1215
155,,,,,,,,,,,,,,1216
156,,,,,,,,,,,,,,1217
157,,,,,,,,,,,,,,1218
158,Evangelist Course,,,,,,,,,,,,,1219
159,,,,,,,,,,,,,,1220
160,Grade 12,,,,,,,,,,,,,1221
161,,,,,,,,,,,,,,1222
162,Agriculture Training,Agriculture Training,1 year,,,,,,Counseling Course,3 weeks,2009,Ogelbeng Seminary,Certificate,1223
163,,,,,,,,,,,,,,1224
164,Grade 12,Business Studies,2005,,,,,,,,,,,1225
165,,,,,,,,,,,,,,1226
166,Carpentry,,,,,,,,,,,,,1227
167,,,,,,,,,,,,,,1228
168,Grade 7-10,,,,,,,,,,,,,1229
169,Grade 9,,,Olgebang Seminary ,Theology,2015,2015,Diploma ,,,,,,1230
170,,,,,,,,,,,,,,1231
171,,,,,,,,,,,,,,1232
172,,,,,,,,,,,,,,1233
173,,,,,,,,,,,,,,1234
174,,,,,,,,,,,,,,1235
175,,,,,,,,,,,,,,1236
176,,,,,,,,,,,,,,1237
177,,,,,,,,,,,,,,1238
178,,,,,,,,,,,,,,1239
179,,,,,,,,,,,,,,1240
180,,,,,,,,,,,,,,1241
181,,,,,,,,,,,,,,1242
182,,,,,,,,,,,,,,1243
183,LOWER SECONDARY,UPPER SECONDARY,1997,,,,,,PASTORAL LEADERSHIP,1 WEEK,,PLI,CERTIFICATE,1244
184,,,,,,,,,,,,,,1245
185,,,,,,,,,,,,,,1246
186,,,,,,,,,,,,,,1247
187,,,,,,,,,,,,,,1248
188,,,,,,,,,,,,,,1249
189,,,,,,,,,,,,,,1250
190,,,,,,,,,,,,,,1251
191,,,,,,,,,,,,,,1252
192,,,,,,,,,,,,,,1253
193,,,,,,,,,,,,,,1254
194,,,,,,,,,,,,,,1255
195,,,,,,,,,,,,,,1256
196,,,,,,,,,,,,,,1257
197,,,,,,,,,,,,,,1258
198,,12,2002,,,,,,,,,,,1259
199,,,,,,,,,,,,,,1260
200,,,,,,,,,,,,,,1261
201,,,,,,,,,,,,,,1262
202,,,,,,,,,,,,,,1263
203,,,,,,,,,,,,,,1264
204,,,,,,,,,,,,,,1265
205,,,,,,,,,,,,,,1266
206,,,,,,,,,,,,,,1267
207,,,,,,,,,,,,,,1268
208,,,,,,,,,,,,,,1269
209,,,,,,,,,,,,,,1270
210,,,,,,,,,,,,,,1271
211,,,,,,,,,,,,,,1272
212,,,,UNITECH,COMMUNICATION,2009-2011,2012,MASTER DEGREE,,,,,,1273
213,GRADE 8,GRADE 10,,,,,,,,,,,,1274
214,,,,,,,,,,,,,,1275
215,,,,,,,,,,,,,,1276
216,,,,,,,,,,,,,,1277
217,,,,,,,,,,,,,,1278
218,,,,,,,,,,,,,,1279
219,,,,,,,,,,,,,,1280
220,,,,,,,,,,,,,,1281
221,,,,,,,,,,,,,,1282
222,Two Weeks,,,,,,,,,,,,,1283
223,Grade 6,Grade 7 & 8,1977-1978,,,,,,,,,,,1284
224,,,,,,,,,,,,,,1285
225,,,,,,,,,,,,,,1286
226,,,,,,,,,,,,,,1287
227,,,,,,,,,,,,,,1288
228,,,,,,,,,,,,,,1289
229,,,,,,,,,,,,,,1290
230,,,,,,,,,,,,,,1291
231,,,,,,,,,,,,,,1292
232,,,,,,,,,,,,,,1293
233,,,,,,,,,,,,,,1294
234,,,,,,,,,,,,,,1295
235,,,,,,,,,,,,,,1296
236,,,,,,,,,,,,,,1297
237,,,,,,,,,,,,,,1298
238,,,,,,,,,,,,,,1299
239,,,,,,,,,,,,,,1300
240,,,,,,,,,,,,,,1301
241,,,,,,,,,,,,,,1302
242,,,,,,,,,,,,,,1303
243,,,,,,,,,,,,,,1304
244,,,,,,,,,,,,,,1305
245,,,,,,,,,,,,,,1306
246,,,,,,,,,,,,,,1307
247,,,,,,,,,,,,,,1308
248,,,,,,,,,,,,,,1309
249,,,,,,,,,,,,,,1310
250,,,,,,,,,,,,,,1311
251,,,,,,,,,,,,,,1312
252,,,,,,,,,,,,,,1313
253,GRADE 10,,,,,,,,,,,,,1314
254,,,,,,,,,,,,,,1315
255,GRADE 10,,,,,,,,,,,,,1316
256,Grade Ten,,,,,,,,,,,,,1317
257,,,,,,,,,,,,,,1318
258,,,,,,,,,,,,,,1319
259,,,,,,,,,,,,,,1320
260,,,,,,,,,,,,,,1321
261,,,,,,,,,,,,,,1322
262,,,,,,,,,,,,,,1323
263,,,,,,,,,,,,,,1324
264,,,,,,,,,,,,,,1325
265,,,,,,,,,,,,,,1326
266,,,,,,,,,,,,,,1327
267,,,,,,,,,,,,,,1328
268,,,,,,,,,,,,,,1329
269,,,,,,,,,,,,,,1330
270,,,,,,,,,,,,,,1331
271,,,,,,,,,,,,,,1332
272,Grade 10,,,,,,,,Care & Counseling,Two Weeks,,Allan Kuma,Certificate,1333
273,,,,,,,,,,,,,,1334
274,,,,,,,,,,,,,,1335
275,,,,,,,,,,,,,,1336
276,,,,,,,,,,,,,,1337
277,,,,,,,,,,,,,,1338
278,,,,,,,,,,,,,,1339
279,Grade Ten,,,,,,,,,,,,,1340
280,,,,,,,,,,,,,,1341
281,,,,,,,,,,,,,,1342
282,,,,,,,,,,,,,,1343
283,,,,,,,,,,,,,,1344
284,,,,,,,,,,,,,,1345
285,,,,,,,,,,,,,,1346
286,,,,,,,,,,,,,,1347
287,,,,,,,,,,,,,,1348
288,,,,,,,,,,,,,,1349
289,,,,,,,,,,,,,,1350
290,GRADE 10,,,,,,,,,,,,,1351
291,,,,,,,,,,,,,,1352
292,,,,,,,,,,,,,,1353
293,,,,,,,,,,,,,,1354
294,,,,,,,,,,,,,,1355
295,,,,,,,,,,,,,,1356
296,,,,,,,,,,,,,,1357
297,,,,,,,,,,,,,,1358
298,,,,,,,,,,,,,,1359
299,,,,,,,,,,,,,,1360
300,,,,,,,,,,,,,,1361
301,,,,,,,,,,,,,,1362
302,,,,,,,,,,,,,,1363
303,,,,,,,,,,,,,,1364
304,,,,,,,,,,,,,,1365
305,,,,,,,,,,,,,,1366
306,,,,,,,,,,,,,,1367
307,,,,,,,,,,,,,,1368
308,,,,,,,,,,,,,,1369
309,,,,,,,,,,,,,,1370
310,,,,,,,,,,,,,,1371
311,,,,,,,,,,,,,,1372
312,GRADE 10,,,,,,,,,,,,,1373
313,,,,,,,,,,,,,,1374
314,,,,,,,,,,,,,,1375
315,Grade 10,,,,,,,,,,,,,1376
316,,,,,,,,,,,,,,1377
317,,,,,,,,,,,,,,1378
318,,,,,,,,,,,,,,1379
319,,,,,,,,,,,,,,1380
320,,,,,,,,,,,,,,1381
321,,,,,,,,,,,,,,1382
322,,,,,,,,,,,,,,1383
323,,,,,,,,,,,,,,1384
324,,,,,,,,,,,,,,1385
325,,,,,,,,,,,,,,1386
326,,,,,,,,,,,,,,1387
327,,,,,,,,,,,,,,1388
328,,,,,,,,,,,,,,1389
329,,,,,,,,,,,,,,1390
330,,,,,,,,,,,,,,1391
331,,,,,,,,,,,,,,1392
332,,,,,,,,,,,,,,1393
333,,,,,,,,,,,,,,1394
334,,,,,,,,,,,,,,1395
335,,,,,,,,,,,,,,1396
336,,,,,,,,,,,,,,1397
337,grade 10,,,,,,,,,,,,,1398
338,,,,,,,,,,,,,,1399
339,,,,,,,,,,,,,,1400
340,,,,,,,,,,,,,,1401
341,,,,,,,,,,,,,,1402
342,,,,,,,,,,,,,,1403
343,,,,,,,,,,,,,,1404
344,GRADE 10,,,,,,,,,,,,,1405
345,,,,,,,,,,,,,,1406
346,,,,,,,,,,,,,,1407
347,,,,,,,,,,,,,,1408
348,,,,,,,,,,,,,,1409
349,,,,,,,,,,,,,,1410
350,Gr.10,,,,,,,,,,,,,1411
351,,,,,,,,,,,,,,1412
352,,,,,,,,,,,,,,1413
353,,,,,,,,,,,,,,1414
354,,,,,,,,,,,,,,1415
355,,,,,,,,,,,,,,1416
356,,,,,,,,,,,,,,1417
357,,,,,,,,,,,,,,1418
358,,,,,,,,,,,,,,1419
359,,,,,,,,,,,,,,1420
360,,,,,,,,,,,,,,1421
361,,,,,,,,,,,,,,1422
362,,,,,,,,,,,,,,1423
363,,,,,,,,,,,,,,1424
364,,,,,,,,,,,,,,1425
365,,,,,,,,,,,,,,1426
366,,,,,,,,,,,,,,1427
367,,,,,,,,,,,,,,1428
368,,,,,,,,,,,,,,1429
369,,,,,,,,,,,,,,1430
370,,,,,,,,,,,,,,1431
371,,,,,,,,,,,,,,1432
372,,,,,,,,,,,,,,1433
373,,,,,,,,,,,,,,1434
374,,,,,,,,,,,,,,1435
375,,,,,,,,,,,,,,1436
376,,,,,,,,,,,,,,1437
377,,,,,,,,,,,,,,1438
378,,,,,,,,,,,,,,1439
379,,,,,,,,,,,,,,1440
380,,,,,,,,,,,,,,1441
381,,,,,,,,,,,,,,1442
382,,,,,,,,,,,,,,1443
383,Gr.10,,,,DWU,MLD,,Pursuing,Pastoral people,1 Month,Jul-12,ALC,Certificate,1444
384,,,,,,,,,,,,,,1445
385,,,,,,,,,,,,,,1446
386,,,,,,,,,,,,,,1447
387,,,,,,,,,,,,,,1448
388,,,,,,,,,,,,,,1449
389,,,,,,,,,,,,,,1450
390,,,,,,,,,,,,,,1451
391,,,,,,,,,,,,,,1452
392,Gr.12,,,,,,,,,,,,,1453
393,,,,,,,,,,,,,,1454
394,,,,,,,,,,,,,,1455
395,,,,,,,,,,,,,,1456
396,,,,,,,,,,,,,,1457
397,,,,,,,,,,,,,,1458
398,,,,,,,,,,,,,,1459
399,,,,,,,,,,,,,,1460
400,,,,,,,,,,,,,,1461
401,,,,,,,,,,,,,,1462
402,,,,,,,,,,,,,,1463
403,,,,,,,,,,,,,,1464
404,,,,,,,,,,,,,,1465
405,,,,,,,,,,,,,,1466
406,,,,,,,,,,,,,,1467
407,,,,,,,,,,,,,,1468
408,,,,,,,,,,,,,,1469
409,,,,,,,,,,,,,,1470
410,,,,,,,,,,,,,,1471
411,,,,,,,,,,,,,,1472
412,,,,,,,,,,,,,,1473
413,,,,,,,,,,,,,,1474
414,,,,,,,,,Autim Kos,1998,,,,1475
415,,,,,,,,,,,,,,1476
416,,,,,,,,,,,,,,1477
417,,,,,,,,,,,,,,1478
418,,,,,,,,,,,,,,1479
419,,,,,,,,,,,,,,1480
420,,,,,,,,,,,,,,1481
421,,,,,,,,,,,,,,1482
422,,,,,,,,,,,,,,1483
423,,,,,,,,,,,,,,1484
424,,,,,,,,,,,,,,1485
425,,,,,,,,,,,,,,1486
426,,,,,,,,,,,,,,1487
427,,,,,,,,,,,,,,1488
428,,,,,,,,,,,,,,1489
429,,,,,,,,,,,,,,1490
430,,,,,,,,,,,,,,1491
431,,,,,,,,,,,,,,1492
432,,,,,,,,,,,,,,1493
433,,,,,,,,,,,,,,1494
434,,,,,,,,,,,,,,1495
435,,,,,,,,,,,,,,1496
436,,,,,,,,,,,,,,1497
437,,,,,,,,,,,,,,1498
438,,,,,,,,,,,,,,1499
439,Grade 10,Grad 12,1992,,,,,,,,,,,1500
440,,,,,,,,,,,,,,1501
441,,,,,,,,,,,,,,1502
442,,,,,,,,,,,,,,1503
443,,,,,,,,,,,,,,1504
444,,,,,,,,,,,,,,1505
445,,,,,,,,,,,,,,1506
446,GRADE 10,,,,,,,,,,,,,1507
447,,,,,,,,,,,,,,1508
448,,,,,,,,,,,,,,1509
449,,,,,,,,,,,,,,1510
450,,,,,,,,,,,,,,1511
451,,,,,,,,,,,,,,1512
452,,,,,,,,,,,,,,1513
453,GRADE 10,GRADE 12,,,,,,,,,,,,1514
454,,,,,,,,,,,,,,1515
455,,,,,,,,,,,,,,1516
456,,,,,,,,,,,,,,1517
457,,,,,,,,,,,,,,1518
458,,,,,,,,,,,,,,1519
459,,,,,,,,,,,,,,1520
460,,,,,,,,,,,,,,1521
461,,,,,,,,,,,,,,1522
462,,,,,,,,,,,,,,1523
463,,,,,,,,,,,,,,1524
464,,,,,,,,,,,,,,1525
465,,,,,,,,,,,,,,1526
466,,,,,,,,,,,,,,1527
467,,,,,,,,,,,,,,1528
468,,,,,,,,,,,,,,1529
469,,,,,,,,,,,,,,1530
470,,,,,,,,,,,,,,1531
471,Gr10,,,,,,,,,,,,,1532
472,,,,,,,,,,,,,,1533
473,,,,,,,,,,,,,,1534
474,,,,,,,,,,,,,,1535
475,,,,,,,,,,,,,,1536
476,,,,,,,,,,,,,,1537
477,,,,,,,,,,,,,,1538
478,,,,,,,,,,,,,,1539
479,,,,,,,,,,,,,,1540
480,,,,,,,,,,,,,,1541
481,,,,,,,,,,,,,,1542
482,,,,,,,,,,,,,,1543
483,,,,,,,,,,,,,,1544
484,,,,,,,,,,,,,,1545
485,,,,,,,,,,,,,,1546
486,,,,,,,,,,,,,,1547
487,,,,,,,,,,,,,,1548
488,,,,,,,,,,,,,,1549
489,,,,,,,,,,,,,,1550
490,,,,,,,,,,,,,,1551
491,,,,,,,,,,,,,,1552
492,,,,,,,,,,,,,,1553
493,Hap 5,,,,,,,,,,,,,1554
494,,,,,,,,,,,,,,1555
495,,,,,,,,,,,,,,1556
496,,,,,,,,,,,,,,1557
497,,,,,,,,,,,,,,1558
498,,,,,,,,,,,,,,1559
499,,,,,,,,,,,,,,1560
500,,,,,,,,,,,,,,1561
501,,,,,,,,,,,,,,1562
502,,,,,,,,,,,,,,1563
503,,,,,,,,,,,,,,1564
504,,,,,,,,,,,,,,1565
505,,,,,,,,,,,,,,1566
506,,,,,,,,,,,,,,1567
507,,,,,,,,,,,,,,1568
508,,,,,,,,,,,,,,1569
509,,,,,,,,,,,,,,1570
510,,,,,,,,,,,,,,1571
511,,,,,,,,,,,,,,1572
512,,,,,,,,,,,,,,1573
513,,,,,,,,,,,,,,1574
514,,,,,,,,,,,,,,1575
515,,,,,,,,,,,,,,1576
516,,,,,,,,,,,,,,1577
517,,,,,,,,,,,,,,1578
518,,,,,,,,,,,,,,1579
519,,,,,,,,,,,,,,1580
520,,,,,,,,,,,,,,1581
521,,,,,,,,,,,,,,1582
522,,,,,,,,,,,,,,1583
523,,,,,,,,,,,,,,1584
524,,,,,,,,,,,,,,1585
525,,,,,,,,,,,,,,1586
526,,,,,,,,,,,,,,1587
527,,,,,,,,,,,,,,1588
528,,,,,,,,,,,,,,1589
529,,,,,,,,,,,,,,1590
530,,,,,,,,,,,,,,1591
