svc_id,svc_order_id,svc_role,svc_year,svc_district,svc_circuit,svc_par_cong_inst
1,1,,,,,
2,1,,,,,
3,1,,,,,
4,1,,,,,
5,1,,,,,
6,1,,,,,
7,1,,,,,
8,1,,,,,
9,1,,,,,
10,1,,,,,
11,1,,,,,
12,1,Evn,1999-2000,Simbu,Mebitambu,Kimbra
13,1,,,,,
14,1,,,,,
15,1,,,,,
16,1,,,,,
17,1,,,,,
18,1,,,,,
19,1,,,,,
20,1,,,,,
21,1,,,,,
22,1,,,,,
23,1,,,,,
24,1,,,,,
25,1,,,,,
26,1,,,,,
27,1,,,,,
28,1,,,,,
29,1,,,,,
30,1,,,,,
31,1,,,,,
32,1,,,,,
33,1,,,,,
34,1,,,,,
35,1,,,,,
36,1,,,,,
37,1,,,,,
38,1,,,,,
39,1,,,,,
40,1,,,,,
41,1,,,,,
42,1,,,,,
43,1,,,,,
44,1,,,,,
45,1,,,,,
46,1,,,,,
47,1,,,,,
48,1,,,,,
49,1,,,,,
50,1,,,,,
51,1,,,,,
52,1,,,,,
53,1,,,,,
54,1,,,,,
55,1,,,,,
56,1,,,,,
57,1,,,,,
58,1,,,,,
59,1,,,,,
60,1,,,,,
61,1,,,,,
62,1,,,,,
63,1,,,,,
64,1,,,,,
65,1,,,,,
66,1,,,,,
67,1,,,,,
68,1,,,,,
69,1,,,,,
70,1,,,,,
71,1,,,,,
72,1,pastor,2019-2023,,,
73,1,,,,,
74,1,,,,,
75,1,,,,,
76,1,,,,,
77,1,,,,,
78,1,,,,,
79,1,,,,,
80,1,,,,,
81,1,,,,,
82,1,,,,,
83,1,Evangelist,1974-1992,Goroka,Asaroka,Hegu Congregatiom
84,1,Evangelist,1976-2024,Immanuel,Wabi,Lamumi Parish
85,1,,,,,
86,1,Evangelist,1982-1987,Immanuel,Tiripini,Undiapu Congregation
87,1,Evangelist,1980-2011,Immanuel,Tiripini,Kerepali Cong
88,1,Evang,1991-1995,SHP,Imbongu,Nagob Congregation
89,1,,,,,
90,1,Evangelist,1994-1997,Kainantu,Finingtugu,St. Pauls Congregation
91,1,,,,,
92,1,Evangelist,1984-2024,Kainantu,Finingtugu,Kafetina Parish
93,1,,,,,
94,1,,,,,
95,1,Evangelist,1991-2024,Immanuel,Tiripini,Kauwo Parish
96,1,Evangeslit,2005-2015,Immanuel,Imbongu,Ponelama
97,1,,,,,
98,1,Parish Pastor,2013-2019,Goroka,Tarabo,Nazareth Parish/EK Cong
99,1,,,,,
100,1,,,,,
101,1,,,,,
102,1,,,,,
103,1,,,,,
104,1,Parish Pastor,2015-2020,Hagen,Alta,Pisiga Parish
105,1,,,,,
106,1,,,,,
107,1,,,,,
108,1,Layman,2000-2012,Hagen,Alta,Immanuel Congregation
109,1,,,,,
110,1,SEKET SECRETARY,1991-1994,HAGEN,BAIYER,KINGARINGA
111,1,Youth Leader,1988-1992,Immanuel,Tiripini,Marapi Congregation
112,1,,,,,
113,1,,,,,
114,1,,,,,
115,1,,,,,
116,1,,,,,
117,1,,,,,
118,1,Congregation pastor,2004-2010,Hagen,Alkena,Alta Parish
119,1,,,,,
120,1,,,,,
121,1,,,,,
122,1,Parish Pastor,2009-2016,Immanuel,Wabi,Paribe Parish
123,1,,,,,
124,1,Parish Pastor,2013-2015,Jiwaka,Kuma,Pigimape Parish
125,1,,,,,
126,1,Evangelist,2007-2016,Hagen,Engla,Rabi Parish
127,1,Parish Pastor,2011-2016,Simbu,Monono,Mam Parish
128,1,Ev ,1999-24,Immanuel,Wabi ,Kuare 
129,1,Parish Pastor,2020-2024,Immnauel,Ialibu,Yalo Parish
130,1,,,,,
131,1,,,,,
132,1,Parish Pastor,2021-2024,Immanuel,Tiripini,Tiyuka Parish
133,1,,,,,
134,1,Evangelism,2016-2021,Simbu,Nulainil,Goma
135,1,Pastor,1999-2000,Hagen,Asimo/Block,Kindeng Congregation
136,1,,,,,
137,1,,,,,
138,1,Pastor,2003-2005,Simbu,Omkolai,Mul Parish
139,1,Vica Pastor,2020 Jan-October,Esat Simbu,Kate-Jabem Memorial,Yovaikua Cong.
140,1,,,,,
141,1,Evangelist,2003-2017,Goroka,Tarabo,Keagana parish
142,1,Parish Pastor,2015-2024,Immanuel,Tiripini,Kaluwe Parish
143,1,,,,,
144,1,Paris Pastor,1991-2000,Goroka,Rongo,Kunai Paris
145,1,,,,,
146,1,Pastor,1985-1992,Immanuel,Ialibu,Ando Parish
147,1,Evangelist,1966-2024,Immanuel,Tiripini,Wembu
148,1,Evangelist,2005-2007,Immanuel,Mendi,Agamanda Cong..
149,1,Pastor,2009-2019,Hagen,Kotna,Tipoke Parish
150,1,,,,,
151,1,Pastor,2023 - 202,Papua,,Betel Congregation
152,1,Evangelist,1986-2024,Jiwaka,Dawoo,Boda Parsh
153,1,Pastor,2023-2024,Papua,,Betel Congregation - Popondetta
154,1,,,,,
155,1,,,,,
156,1,,,,,
157,1,,,,,
158,1,Pastor,2016-2020,Hagen,Alkena,Paprake  Parish
159,1,,,,,
160,1,,,,,
161,1,,,,,
162,1,Evangelist,1990-2022,Hagen,Ogelbeng ,Ogelbeng
163,1,,,,,
164,1,Under learnChaplain,2015,Simbu,Ega,Kundiawa Lutheran Day High School
165,1,,,,,
166,1,Parish Pastor,2000-2024,Immanuel,Tiripini,Mamuane Parish
167,1,,,,,
168,1,,,,,
169,1,,,,,
170,1,,,,,
171,1,EVANGELIST,2013,KARKAR,BUMSOL,
172,1,EVANGELIST,2012,KARKAR,BAGIAI,GAMOG
173,1,,,,,
174,1,,,,,
175,1,,,,,
176,1,EVANGELIST,2021,KARKAR,TAGUB,MAKEDUI
177,1,,,,,
178,1,,,,,
179,1,,,,,
180,1,,,,,
181,1,,,,,
182,1,,,,,
183,1,,,,,
184,1,,,,,
185,1,,,,,
186,1,,,,,
187,1,,,,,
188,1,,,,,
189,1,,,,,
190,1,,,,,
191,1,,,,,
192,1,,,,,
193,1,Evangelism,1997-2000,Kainantu,Town,Pundaira
194,1,,,,,
195,1,,,,,
196,1,Evegelis,2013-2023,Kainantu,Lihona,Yagafonave
197,1,,,,,
198,1,Pastor,2023,Immanuel,Tiripini,Kalavari
199,1,,,,,
200,1,,,,,
201,1,,,,,
202,1,,,,,
203,1,,,,,
204,1,,,,,
205,1,,,,,
206,1,Pastor,1993-2006,Kainantu,Raipinka,Jomuna
207,1,,,,,
208,1,,,,,
209,1,,,,,
210,1,,,,,
211,1,,,,,
212,1,,,,,
213,1,,,,,
214,1,,,,,
215,1,,,,,
216,1,Vicor,2015-19,Immanuel,Wabi,Paripia - Yame Congregation
217,1,,,,,
218,1,,,,,
219,1,,,,,
220,1,,,,,
221,1,Evengelist,2005,Kainantu,Finintugu,Neira/Senene
222,1,Pastor,2011,Yabem,Deka,Busong Parish
223,1,,,,,
224,1,Evangelist,2009-2010,Chimbu,Town,
225,1,,,,,
226,1,,,,,
227,1,,,,,
228,1,,,,,
229,1,,,,,
230,1,,,,,
231,1,,,,,
232,1,,,,,
233,1,,,,,
234,1,,,,,
235,1,Evangelist,1976-1981,Immanuel,Mendi,Okaya/Kana
236,1,,,,,
237,1,,,,,
238,1,,,,,
239,1,,,,,
240,1,,,,,
241,1,,,,,
242,1,,,,,
243,1,,,,,
244,1,,,,,
245,1,Evangelist,1981,Kianantu,Kambaidam,Ona
246,1,,,,,
247,1,,,,,
248,1,,,,,
249,1,,,,,
250,1,,,,,
251,1,,,,,
252,1,Evangelist,2023,Kainantu,Lihona,St Luzape
253,1,,,,,
254,1,Pastor,1991-1996,Hagen,Ogelbeng,Bomrui Congregation
255,1,,,,,
256,1,Pastor,2020-2022,Siassi,,Yangla Congregation
257,1,,,,,
258,1,Pastor,2019-2022,Siassi,,"Mabey Parish, Kampalap Congregation"
259,1,,,,,
260,1,Pastor,2009-2016,Hagen,Tiria,Nebilyer
261,1,Pastor,1992-1994,Yabem,Wantoat,Gibua Parish
262,1,Pastor,202_2006,Yabem,Menyamya,Corncordia
263,1,,,,,
264,1,,,,,
265,1,,,,,
266,1,,,,,
267,1,,,,,
268,1,,,,,
269,1,,,,,
270,1,,,,,
271,1,,,,,
272,1,,,,,
273,1,,,,,
274,1,,,,,
275,1,,,,,
276,1,Autim Tok,2021,Obura Waninara,Kambaidam,Asarengka
277,1,,,,,
278,1,,,,,
279,1,,,,,
280,1,,,,,
281,1,,,,,
282,1,,,,,
283,1,,,,,
284,1,,,,,
285,1,,,,,
286,1,,,,,
287,1,,,,,
288,1,,,,,
289,1,,,,,
290,1,,,,,
291,1,,,,,
292,1,,,,,
293,1,,,,,
294,1,,,,,
295,1,,,,,
296,1,,,,,
297,1,,,,,
298,1,,,,,
299,1,Pastor,2009,Hagen,Engkal,Keralpong
300,1,,,,,
301,1,,,,,
302,1,Evangelist,1991-2024,Immanuel,Mendi,Okaya
303,1,,,,,
304,1,,,,,
305,1,,,,,
306,1,,,,,
307,1,,,,,
308,1,Home Evangelist,1992-2024,Yabem,Menyamya,Menya Congrigation
309,1,Evangelist,2000-2013,Yabem,Menyamya,Concordia
310,1,Pastor,22o19 - 2015-2019,Yabem,Sangang,Ngawasi Parish
311,1,,,,,
312,1,,,,,
313,1,,,,,
314,1,,,,,
315,1,,,,,
316,1,,,,,
317,1,,,,,
318,1,,,,,
319,1,,,,,
320,1,,,,,
321,1,,,,,
322,1,,,,,
323,1,,,,,
324,1,,,,,
325,1,Parish Pastor,2019-2023,Yabem,Laulu,Situm
326,1,,,,,
327,1,Kaname,1984-1985,Yabem,Kaintiba,Iwambu
328,1,,,,,
329,1,PASTOR,2019,YABEM,BUANG,BIANGKOIM
330,1,,,,,
331,1,PASTOR,2010-2014,YABEM,YABEM,BUMA PARISH
332,1,ASS PARISH PASTOR,2014-2015,YABEM,LAE,ST PETER PARISH
333,1,PASTOR,2006-2010,JABEM,WAMPAR,MALARINA
334,1,,,,,
335,1,,,,,
336,1,,,,,
337,1,,,,,
338,1,,,,,
339,1,Pastor,2022,Hagen,Tiria,Epugla
340,1,,,,,
341,1,,,,,
342,1,,,,,
343,1,,,,,
344,1,,,,,
345,1,,,,,
346,1,,,,,
347,1,,,,,
348,1,,,,,
349,1,,,,,
350,1,,,,,
351,1,,,,,
352,1,Pastor,2019,Hagen,Kalvary,Kelengha
353,1,,,,,
354,1,,,,,
355,1,,,,,
356,1,,,,,
357,1,,,,,
358,1,,,,,
359,1,,,,,
360,1,,,,,
361,1,,,,,
362,1,,,,,
363,1,,,,,
364,1,,,,,
365,1,,,,,
366,1,,,,,
367,1,,,,,
368,1,,,,,
369,1,,,,,
370,1,,,,,
371,1,,,,,
372,1,,,,,
373,1,,,,,
374,1,,,,,
375,1,,,,,
376,1,,,,,
377,1,,,,,
378,1,,,,,
379,1,,,,,
380,1,,,,,
381,1,,,,,
382,1,,,,,
383,1,,,,,
384,1,,,,,
385,1,,,,,
386,1,,,,,
387,1,,,,,
388,1,,1997,,,
389,1,,,,,
390,1,,,,,
391,1,,,,,
392,1,,,,,
393,1,,,,,
394,1,,,,,
395,1,,,,,
396,1,,,,,
397,1,,,,,
398,1,,,,,
399,1,,,,,
400,1,,,,,
401,1,,,,,
402,1,,,,,
403,1,,,,,
404,1,,,,,
405,1,,,,,
406,1,,,,,
407,1,,,,,
408,1,,,,,
409,1,,,,,
410,1,,,,,
411,1,,,,,
412,1,,,,,
413,1,,,,,
414,1,,,,,
415,1,,,,,
416,1,,,,,
417,1,,,,,
418,1,,,,,
419,1,,,,,
420,1,,,,,
421,1,,,,,
422,1,,,,,
423,1,,,,,
424,1,,,,,
425,1,,,,,
426,1,,,,,
427,1,,,,,
428,1,,,,,
429,1,,,,,
430,1,,,,,
431,1,,,,,
432,1,,,,,
433,1,,,,,
434,1,,,,,
435,1,,,,,
436,1,,,,,
437,1,,,,,
438,1,,,,,
439,1,,,,,
440,1,,,,,
441,1,,,,,
442,1,,,,,
443,1,,,,,
444,1,,,,,
445,1,,,,,
446,1,,,,,
447,1,,,,,
448,1,,,,,
449,1,,,,,
450,1,,,,,
451,1,,,,,
452,1,,,,,
453,1,,,,,
454,1,,,,,
455,1,,,,,
456,1,,,,,
457,1,,,,,
458,1,,,,,
459,1,,,,,
460,1,,,,,
461,1,,,,,
462,1,,,,,
463,1,,,,,
464,1,,,,,
465,1,,,,,
466,1,,,,,
467,1,,,,,
468,1,,,,,
469,1,,,,,
470,1,,,,,
471,1,,,,,
472,1,,,,,
473,1,,,,,
474,1,,,,,
475,1,,,,,
476,1,,,,,
477,1,,,,,
478,1,,,,,
479,1,,,,,
480,1,,,,,
481,1,,,,,
482,1,,,,,
483,1,,,,,
484,1,,,,,
485,1,,,,,
486,1,,,,,
487,1,,,,,
488,1,,,,,
489,1,,,,,
490,1,,,,,
491,1,,,,,
492,1,,,,,
493,1,,,,,
494,1,,,,,
495,1,,,,,
496,1,,,,,
497,1,,,,,
498,1,,,,,
499,1,,,,,
500,1,,,,,
501,1,,,,,
502,1,,,,,
503,1,,,,,
504,1,,,,,
505,1,,,,,
506,1,,,,,
507,1,,,,,
508,1,,,,,
509,1,,,,,
510,1,,,,,
511,1,,,,,
512,1,,,,,
513,1,,,,,
514,1,,,,,
515,1,,,,,
516,1,,,,,
517,1,,,,,
518,1,,,,,
519,1,,,,,
520,1,,,,,
521,1,,,,,
522,1,,,,,
523,1,,,,,
524,1,,,,,
525,1,,,,,
526,1,,,,,
527,1,,,,,
528,1,,,,,
529,1,,,,,
530,1,,,,,
1,2,Evangelist,1992-1997,Goroka,Ponampa,Oyana
2,2,Pastor,2000,Kote,Quembung,Hamaka Parish
3,2,,,,,
4,2,,,,,
5,2,,,,,
6,2,,,,,
7,2,,,,,
8,2,Evengelis ,2011-2016,Karkar,Bogiai,Yer
9,2,Evn,2002,Karkar,Begia,Kanab
10,2,Evangelist,2021 - 2023,SIMBU,DUMA GOMIA,GOI
11,2,,,,,
12,2,Evn,2001-2023,Karkar,Tagub,MAKUDUI
13,2,Evangelist ,1997-2023,Simbu ,Duma Goma ,Kasuo
14,2,,,,,
15,2,Evangelist ,2023,Madang ,Begesin ,Kein 
16,2,Pastor,2021,east simbu,mu,yobatole
17,2,Pastor ,2022,Jabim ,Malaloc ,Bunanuwe 
18,2,Pastor,2012,east simbu,mu,suyobo
19,2,Pastor ,2011 -2016,Yabim ,Lae siti ,Kuiso
20,2,,,,,
21,2,Evn,2001-2004,karkar,bagiai,buroi
22,2,Cong President,2000-23,Goroka ,Town (Goroka ),St Mathew 
23,2,,,,,
24,2,,,,,
25,2,Pastor ,2006-12,Siassi ,Kowai ,Padamot 
26,2,Evn,2023,Kainantu,lihona,st. luzape
27,2,,,,,
28,2,Evangelist ,1995-88,Jiwaka,Trinity ,Hi-way 
29,2,skul,1983-1984,hagen,haibans,seminari
30,2,Evangelist ,2000,Kainantu ,Raipinks ,Onemofi 
31,2,,,,,
32,2,Evn,2013-2023,Kainantu,Lihona,Yagafonave
33,2,Pastor ,2016,Yabem ,Lae City ,Buhalu 
34,2,pastor,2014-2018,Jabem,Aseki,Aiya 
35,2,Pastor ,2019,Hagen ,Calvary ,Kelengha 
36,2,Pastor,1989,Kainantu,Lihona,Kuyahapa
37,2,Pastor ,5 years ,Madang ,Amele,Nobonob
38,2,Evn,2012,Kainanta,lihona,Yagafonave
39,2,Pastor ,2000,Siassi ,Paramot,Barim
40,2,,,,,
41,2,Pastor ,2002-23,Hagen ,Kogle ,
42,2,Evn,1999-2008,karkar,Bagiai,Siliai
43,2,Evangelist ,2007-11,Madang ,Amale ,Silopi
44,2,,,,,
45,2,,2001-2003,Madang ,Biram ,Maweroro
46,2,Evn,2010-2015,Karkar,Bagia,Bagiai
47,2,,,,,
48,2,Evangelist ,Siroy ,Madang ,Bongu,Siroy 
49,2,Evangelist ,Bagasin ,Madang ,Amela ,Banup
50,2,Evn,1996-2011,Kainantu,Lihona,Luzape
51,2,pastor ,2009-2015,Jiwaka ,Banz,Mugang/Fatima Sec
52,2,Study Coord,2019-2024,karkar,Tagub,kalul
53,2,Evangelist ,2022-23,Karkar,Buinsol,TiTri
54,2,Seket secretary,2001-2005,Kainantu,Lihona,Yagafonave
55,2,Evangelist ,1982,Kainantu ,Lihona ,Yagafo-Sefere
56,2,Evn,Bogabag,karkar,bogabag,Tibudhun
57,2,Evn,2008-2023,Kainantu,Lihona,Yagafonave
58,2,Pastor ,2023,Karkar ,Tagub ,Kevasob
59,2,evn,2020-2023,Simbu,Kewande Kamane,Yuai
60,2,Evangelist ,2005-7,Simbu ,Kagai ,Guruma 
61,2,,,,,
62,2,Evn,2012-2020,Kainantu,Raipinka,Ijorin-Konaka
63,2,Evn,2 yrs,Kainantu,Raipinka,Imune
64,2,Evangelist ,1975-86,Karkar ,Tasub ,Congregation 
65,2,Evn,2023,Madang,Begesin,Garia Mopo
66,2,Evangelist ,2022-23,Madang ,Kabak ,Maia Paris 
67,2,Pastor,2016-2023,Karkar,Bagbaga,Tubudhun
68,2,Pastor ,1992-94,Madang ,Waniuma ,Amben
69,2,Pastor ,2023,Karkar,Tagub,Kubasop
70,2,Evn,1990,Kainanatu,lihona,Yagafonave
71,2,,3,Madang,Begesin,Usino
72,2,,,,,
73,2,Pastor ,1991-96,Hagen,Ogelbeng,Bomri
74,2,Evn,2009,Goroka,Fayantina,Ismael
75,2,Pastor ,2020,Karkar ,Tagub ,Makudui
76,2,Pastor,2010,karkar,Bumsol,Hebe
77,2,Pastor ,2015-19,Yabim,Sangang ,Gawasi 
78,2,Pastor,2017-2022,Yabim,wampar,Saga
79,2,,,,,
80,2,Evangelist ,2000-13,Yabem ,Menymaya,Concordia
81,2,Evn,2019-2020,Madang,kabak,Mami
82,2,Pastor ,1994-98,yabim,Kayapit,Bethel Paris
83,2,Evangelist,1992-2002,Goroka,Ramu Wokmisin Area,Safi Congregation
84,2,,,,,
85,2,,,,,
86,2,Evangelist,1988-2023,Immanuel,Tiripini,Yoga Congregation
87,2,Evangelist,2012-2023,Immanuel,Tiripini,Kumopini Cong
88,2,Evangelist,1996-2002,SHP,Imbongu,Tona Congregation
89,2,Ev,2004-13,Simbu,Nomani,Mogerema
90,2,Evangelist,1997-2005,Kainantu,Finingtugu,Kupare Congregation
91,2,,,,,
92,2,Parish President,1998-2005,Kainantu,Finingtugu,Kafetina Parish
93,2,Evangelist,2013-2015,Goroka,Asaroka,Jopawotega
94,2,Ps,1991-1999,Goroka ,Faitina,Immanuel 
95,2,,,,,
96,2,Parish President,2016-2024,Immanuel,Imbongu,Giluwe
97,2,Ps ,2013-17,Goroka ,Agotu,Karuka 
98,2,Parish Pastor,2021-2024,Goroka,Tarabo,Kayagana Parish/TMoke Cong
99,2,Ps ,2020-24,Mumeng ,,JCLC 
100,2,,,,,
101,2,Evangelist,2000-2003,east Simbu,Mu,Du Congregation
102,2,,,,,
103,2,Ps ,1984-85,Jabem,Lae City ,Our Savior 
104,2,Parish Pastor,2021-2024,Immanuel,Imbongu,Pombi Parish
105,2,Ps ,1990-24,Immanuel,Wapi,Rami
106,2,Envangelist,2001 - 2005,Jiwaka,Tabibuga,Baura Parish
107,2,Ps,2009-13,Madang ,Biriau,Mebu
108,2,Evangelist,2013-2024,Hagen,Alta,Sanai Congregation
109,2,Ps,2007-12,Simbu,Nulainin,Igidi
110,2,SEKET PRESIDENT,1889-2018,HAGEN,BAIYER,BAIYER
111,2,Evangelist,1993-2024,Immanuel,Tiripini,Marapi Congregation
112,2,Ps,1996-10,Karkar,Bumso,Heba
113,2,Evangelist,1995-1997,Jabim,Kaintiba,Tauri Parish
114,2,,,,,
115,2,Evn,1991-2010,mendi ,Mendi,Pirop
116,2,Ev,1993-24,Immanuel,Tiripini,Leka
117,2,Ps,1993-98,Hagen,Hasimo,Kondapina
118,2,Congregation Pastor,2011-2024,Hagen,Alkena,Papragle
119,2,Ev ,1989-2024,Immanuel,Wabi ,Koare
120,2,Ps ,2013-15,Immanuel,Ialibu ,Siwi 
121,2,Ps ,2023-25,Siassi,,Gune 
122,2,Parish Pastor,2017-2024,Immanuel,Wabi,Sumi Parish
123,2,Ev ,2009-22,Simbu ,Kaepa ,Markclyde 
124,2,Parish Pastor,2016-2018,Jiwaka,Tapi,Jeremiah Parish
125,2,Ev ,2011-16,East Simbu ,kalvari ,Korin 
126,2,Parish Pastor,2023-2024,Jiwaka,Trinity,Awage Parish
127,2,Congregation Pastor,2017-2020,Simbu,Kagai,Bethel Parish
128,2,,,,,
129,2,,,,,
130,2,Ev ,2005-24,Immanuel,Tiripini,Uyaku 
131,2,Ev ,2017-24,Goroka ,Asaroka ,Iufi-Iufa 
132,2,,,,,
133,2,Ev ,1984-24,Immanuel,Mendi ,Komia 
134,2,Evangelism,2022-2024,Simbu,Omkolai,Dr.Marthin Luther Cong.
135,2,Pastor,2001-2006,Simbu,Kianu,Mute Congregation
136,2,Ev,1986-24,Immanuel,Mendi,Birop
137,2,Ev ,1972-24,Immanuel,Imbongu ,Pombi Parish
138,2,Pastor,2006-2015,Simbu,Omkolai,Wikauma Parish
139,2,Pastor,2020 Oct - 2024,East Simbu,Kate Jabem Memorial,
140,2,Ps ,1981-24,Simbu,Nomane ,Maine 
141,2,Parish Chairman,2018-2024,Goroka,Tarabo,Keagana parish
142,2,,,,,
143,2,Ev ,1989-24,Ukata ,Timbe ,Desaem 
144,2,Pastor,2000-2004,Goroka,Aguto - ,Wok-misin eria
145,2,Ps,1987-91,Simbu,Monono,Dumagomia
146,2,Pastor,1993-1997,Immanuel,Ialibu,Imbo/Kewa parish
147,2,,,,,
148,2,Evangelist,2008-2024,Immanuel,Mendi,Aguti
149,2,Pastor,2019-2024,Hagen,Ogelbeng,Kleam Congregation
150,2,Ps ,2010-24,Hagen,City ,English Cong
151,2,,,,,
152,2,Assistant Pastor,2020-2024,Jiwaka,Dawoo,Boda Parish
153,2,,,,,
154,2,Ps ,1987-91,Goroka ,Asaroka,Yaukawe
155,2,Ev ,1995-24,Immanuel,Wabi ,Lama
156,2,Ps ,2011-16,Hagen ,Alkena ,Alta 
157,2,Ps ,2016-20,Hagen,Alkena,Babrage
158,2,Pastor,2021-2024,Goroka,Fayantina ,Rivo Parish
159,2,Ev ,1996-24,Immanuel,Mendi ,Marimari
160,2,,,,,
161,2,Ev ,1995-24,East Simbu,Mu ,Tabare 
162,2,Circuit President,2023-2024,Hagen,Ogelbeng,Ogelbeng
163,2,Ev ,2011-24,Hagen ,Tiria,Nebilyer/Koltom 
164,2,Pastor,2016-2019,Simbu,Tumagomia,Exodus Congregation
165,2,Parish Pastor,1990-Current,Immanuel,Wapi,Rula Parish
166,2,,,,,
167,2,Parish Pastor,2019 - Current,Simbu,Omkolai,Dickbomai Parish
168,2,vicar,2011-2012,Yabim,Lae City,Redimeer 
169,2,Pastor ,2017-2021,Kote,Qembung,Babuso
170,2,EVANGELIST,2011,KARKAR,BAGIAI,BUROI
171,2,,,,,
172,2,,,,,
173,2,EVANGELIST,1992,KARKAR,BUMSOL,EBA
174,2,EVANGELIST,1992,KARKAR,BUMSOL,HEBA
175,2,,,,,
176,2,,,,,
177,2,EVANGLIST,1975,KARKAR,TAGUB,TULGUI
178,2,,,,,
179,2,,,,,
180,2,EVANGELIST,2 YEARS,KAINANTU,RAIPINKA,IMUNE 
181,2,EVANGELIST,2021,KARKAR,BAGABAG,TABUDHUN
182,2,EVANGELIST,2022,KARKAR,BUMSOL,TITRI
183,2,CONGREGATION PASTOR,2014-2019,EAST SIMBU,KINGS,TRINITY CONGREGATION
184,2,Evangalist,1983-1991,Immanuel ,Mendi,Birop
185,2,Enelgelis,2003,Kainantu,Lihona,Ygafonave
186,2, Seket Secretary,2001-2005,Kainantu,Lihona,Yagafenave
187,2,PARISH PASTOR,2016,EAST SIMBU,MU,SUYOBO
188,2,EVANGELIST,2006-2009,FINSCHAFEN,SATTELBERG,ZAMESA
189,2,,,,,
190,2,PASTOR,2000-2004,KOTE,KALASA,MINENEKO
191,2,Parish Pastor,2019,Henganofi,Faiyantina,Riwo Parish
192,2,,6,Yabem,Sangang,Daum
193,2,Evangelism,2000-2003,Kainanatu,Town,Kote
194,2,Pastor,2011-2015,Yabem,Laulu,Wagang
195,2,Evengelist,2012,Kainantu,Lihona,Yagafonave
196,2,,,,,
197,2,Evangelism,1979-1981,Madang,Amele,Belam
198,2,,,,,
199,2,PASTOR,1993-1998,KOTE,KALASA,KANOME
200,2,Evengelist,1970-1980,Henganofi,Finintugu,Kzimare
201,2,PARISH PASTOR,2013-2018,KOTE,SATTELBERG,EFA
202,2,,,,,
203,2,,,,,
204,2,PASTOR,2002,KOTE,QUEMBUNG,HAMAKA
205,2,PARISH PASTOR,2014-2020,KOTE,KALASA,TIGASU
206,2,Chaplin,2007-2012,Kainantu,Raipinka,Jomuna
207,2,Evangelist,2016-2017,Kainantu,Ponampa,Amaira
208,2,Sunday School Teacher,1990-1996,Kainantu,Raipinka,Imung Paris
209,2,Evangelist,1980-84,Kainnatu,Finintu,Viteve
210,2,PARISH PASTOR,1991-1997,KOTE,QUEMBUNG,BABASO
211,2,Evangelist,1997-1998,Kainantu,Imune,Kumanofi
212,2,PASTOR,1990-1994,ELC PAPUA,WESTERN,KIUNGA TABUBIL
213,2,KAUNSELING,2018-2020,KOTE,SATTELBERG,BOMAZA
214,2,Evagelist,2012-2015,Kainantu,Finintugu,Kafetina
215,2,PASTOR CHAPLAIN,1995,UKATA,ULAP,WELUWELU
216,2,Parish Pastor,2019-2024,Immanuel,Wabi,Paripia - Yame Congregation
217,2,PASTOR,1981-1983,JABEM,MENYAMYA,MEQA STATION
218,2,Evagelist,2000,Kainantu,Raipinka,Onenofi
219,2,TPastor,2018-2023,Immanuel,Mendi,
220,2,PASTOR,2010-2013,MENYAMYA,YABIM,KWAPLALIM
221,2,Evegelist,2015-2020,Kainantu,Finintugu,Naira/Kerebavi
222,2,Pastor,2014,Yabem,Lae City,Kalvary Parish
223,2,Yut Lida,,Kainantu,Finintugu,Seket Levol
224,2,,2003-2023,,,
225,2,Evangelist,2012-2021,Kainantu,Raipinka,Onenofi
226,2,Evangelist,1974-1979,Kainantu,Ese,Sosointenu
227,2,ORDAINED,Jan 18 1987,,,
228,2,PASTOR,1999-2005,KOTE,KALASA,TIBAKI
229,2,Practical Teaching,1990,Yabem,Salamoa,Buakap
230,2,,,,,
231,2,Pastor,1991-1992,Kote,Tapen,Munjel Aiyagat
232,2,Evangelist,2022-2023,Kainantu,Raipinka,Mako
233,2,Sunday School Teacher,2010-13,Kianantu,Raipinka,Onenofi KGG
234,2,Evangelist,2021-2023,Kianantu,Raipinka,Henkae Congretion
235,2,Evangelist,1982-1988,Immanuel,Mendi,Anga/Mumi
236,2,Layman,2005-2020,Kainantu,Raipainka,Onenofi
237,2,PASTOR,2003,KOTE,DEDUA,
238,2,Music Master,2013-2015,Kainantu,Raipinka,Onenofi Congretaion
239,2,Evangelist,2023-2018,Kainantu,Raipinka,Mako
240,2,PASTOR,2,KOTE,HUBE,
241,2,Eavangelist,2023-1991,Kianantu,Raipinka,Onenofi
242,2,Henkae Kong,2023-2019,Kainantu,Raipinka,Bus Division
243,2,PASTOR,2010-2013,KOTE,,KUMA
244,2,Evangelist,1980-2007,Kainantu,Raipinka,Tanara Kong
245,2,,,,,
246,2,Evangelist,1982,Kianantu,Lihona,Sagafo-Sefere
247,2,PASTOR,2017-2021,MADANG,BILIAU,SANGPAT
248,2,Evangelist,1990,Kianantu,Lihera,Yagafanake
249,2,PASTOR,2008-2014,KOTE,ZAKA,AGIE
250,2,Evangelist,2012-2020,Kainantu,Raipinka,Iyorin-Konaka
251,2,,1987-1990,KOTE,GARAINA,
252,2,,,,,
253,2,PASTORAL CARE,2018-2019,KOTE,SATTELBERG,SASIBONA
254,2,Pastor,1996-2023,Hagen,City Circuit,Bethel Pidgin Congregation
255,2,CHAPLAIN,2015-2016,YABIM,LAE CITY,UNITECH
256,2,Pastor,2023,Siassi,,Sakar Congregation
257,2,,,,,
258,2,Pastor,2023,Hagen,Kalvari,Rugli
259,2,,,,,
260,2,Pastor,2017,Hagen,Ogelbeng,Tipuka Memorial Church
261,2,Pastor,1995-2000,Simbu,Mu,Muina Parish
262,2,Pastor,2007-2011,Yabem,Yabem,Gingala
263,2,,,,,
264,2,,,,,
265,2,Pastor,2016,Hagen,Alta,Galilee
266,2,Pastor,2014,Hagen,Kogle,Mhak Parish
267,2,Pastor,2019-,Hagen,Kotna,Tepoka Parish
268,2,,,,,
269,2,Pastor,2010,Hagen,Alta,Kakul
270,2,,,,,
271,2,Evangelist,2023-2019,Kainantu,Raipinka,Imung
272,2,Pastor,2010-2019,Hagen,Alkena,Andomanda
273,2,Evangelist,2019,Kainantu,Ona,Akuna
274,2,Pastor,2017,Hagen,OAlta,Kaugul
275,2,Pastor,1978,Hagen,Alkcna,Birop
276,2,Autim Tok,2022,Obura Waninara,Kambaidam,Asarengka
277,2,Pastor,2021-,Hagen,Alkena,Gia
278,2,Evangelist,2004,Obura/Wonenara,Kambaidam,Ambesiara
279,2,Pastor,2003,Hagen,Kotna,Teka-Miti
280,2,Evangelist,19994,Kainantu,Kambaidam,Umisuan
281,2,PASTOR,2017-2024,BOANA,,
282,2,ASSISTANT CIRCUIT PRESIDENT,2023,KOTE,QUEMBUNG,HAMAKA
283,2,Pastor,2014-2021,Hagen,Ogelbeng,Emmanuel
284,2,Evangelist,2010,Kainantu,Ambesiara,Ambesiara
285,2,Pastor,2013,Hagen,Tiria,Hetwara
286,2,PASTOR,2008,BOANA,,
287,2,Preaching,2010,Kianantu,Kambaidam,St Moris Congregation
288,2,Pastor,2010-2013,Jiwaka,Tabibuga,Kosala
289,2,Pastor,2019,Hagen,Kogle,Kombrom
290,2,PASTOR,2003-2007,KOTE,KALASA,AMUGEN
291,2,,,,,
292,2,Evangelist,,Immanuel,Tiripini,Waia/Wanu
293,2,Pastor,2015,Hagen,Tiria,Emmanuel
294,2,Evangelist,1976,Goroka,Finintugu,Kzimarena
295,2,Pastor,2012-2015,Hagen,Kotna,Wali
296,2,Pastor,2021,Hagen,Alta,Pagar Parish
297,2,Evangelist,1980-2024,Immanuel,Wabi,Wagalu/Mabuanda
298,2,PASTOR,2000-2008,UKATA,TEPTEP,WADABONG
299,2,,,,,
300,2,Preaching,2010,Kainantu,Kambaidam,Lutheran C
301,2,Pastor,2007-2011,Kainantu,Town,Yonki
302,2,,,,,
303,2,Pastor,2014,Hagen,Kolge,Waghi
304,2,Pastor,2021,Hagen,Kalavary,Mara
305,2,Evagelist,1967,Kainantu,Kambaidam,Ambesiala
306,2,Pastor,2008-2014`Pastor,Karkar,Klubob,Yagedan
307,2,Pastor,2011-2014,Hagen,Ogelbeng,Miketimb
308,2,,,,,
309,2,Student,2014-2018,Hagen,Ogelbeng,Ogelbeng
310,2,,2020-2022,Yabem,Wampar,Wampar
311,2,,,,,
312,2,PARISH PASTOR,2011-2024,UKATA,KOMBA,INDAGEN
313,2,Evangelist,1987,Immanuel,Waributi,Uruma
314,2,Evangelist,1974,Immanuel,Mendi,Okyea
315,2,Pastor,2021,Hagen,Tiria,Tondmang
316,2,,1996-2024,Immanuel,Mendi,Marmari
317,2,Pastor,2023,Hagen,Kalvari,Pulik
318,2,EVANGELIST,1998,KAINANTU,LERIHONE,
319,2,Pastor/Chaplain,1990-1998,Ukata,Ulap,Weluwelu
320,2,Pastor,2023,Hagen,Alta,Uka
321,2,Evangelist,2006,Kainantu,Ponampa,D3
322,2,,,,,
323,2,Evangelist,2015,Kainantu,Ponampa,Division one/ Amaira
324,2,PARISH PASTOR,1992-2001,KOTE,SATTELBERG,KITAKA
325,2,,,,,
326,2,Evangelist,1992-1997,Goroka,Ponampa,Ayana
327,2,Gerehu,1990-1995,Papua,Gerehu,Kirapbek
328,2,Evangelist,1997-1999,Kainantu,Raipinka,Babauko P
329,2,PASTOR,2020-2022,YABEM,MENYAMYA,JAI PARISH
330,2,Evangelist,3,Mandang,Amele,Nobonob
331,2,PASTOR,2015-2021,YABEM,YABEM,BUMA PARISH
332,2,PARISH PASTOR,2016-2020,YABEM,LAULU,WANGANG
333,2,PASTOR,2010-2015,JABEM,DEKA,KAPAKONA
334,2,Pastor,1990-1992,Immanuel,Ialibu,Wagulume
335,2,,,,,
336,2,Evangelist,2015-2019,Kainantu,Taipinka,Parish
337,2,PASTOR,2009-2016,KOTE,GARAINA,
338,2,Evangelist,3 years,Immanuel,Wabi,Puru
339,2,,,,,
340,2,,1995-2000,Kainantu,Raipinka,Namongka
341,2,Pastor,2020,Kote,Quembung,Babuso
342,2,PASTOR,2012-2016,KOTE,QUEMBUNG,GURAMOT
343,2,,,,,
344,2,,1999-2002,KOTE,,
345,2,PASTOR,2000-2024,KOTE,QUEMBUNG,BABUSO
346,2,PASTOR,1985-1990,KOTE,HUBE,KULUNGTUFU
347,2,evangelist,1995,BOANA,BOANA,KWEPMUNUNG
348,2,GUT NIUS DIRECTOR,2013-2017,KOTE,QUEMBUNG,HAMAKA
349,2,PARISH PASTOR,2013-2023,KOTE,SATTELBERG,AGORORO
350,2,Pastor,2010~2023,Immanuel,Tiripini,Wala
351,2,,,,,
352,2,,,,,
353,2,,,,,
354,2,PARISH PASTOR,1998-2002,KOTE,ZAKA,
355,2,PASTOR,2023-2024,KOTE,SATTELBERG,FOSAMA
356,2,Pastor,2009~2024,Immanuel,Imbongu,Giluwe/Lepora
357,2,,,,,
358,2,Pastor,1990~1997,Immanuel,Tiripini,Kawo
359,2,EVANGELIST,2014,KOTE,SOMBA,BOTONONG
360,2,EVANGELSIT,2010-2017,KARKAR,SATTELBERG,
361,2,EVANGELIST,1993-1994,KOTE,SATTELBERG,WEMO
362,2,Pastor,2010~2024,Immanuel,Wabi,
363,2,EVANGELIST,1993-2023,KAINANTU,RAIPINKA,KRUFINAVE
364,2,Evangelist,10,Immanuel,Mendi,Anga Parish
365,2,EVANGELIST,1993-2023,KAINANTU,RAIPINKA,KRUFINAVE
366,2,EVANGELIST,1991-1993,KOTE,GARAINA,ONO
367,2,EVANGELIST,1992-2024,KOTE,SATTELBERG,KITAKA
368,2,EVANGELIST,2022-2023,KOTE,SATTELBERG,WEMO/STATION
369,2,,,,,
370,2,EVANGELIST,2023,KOTE,ZAKA,DUKA
371,2,Evangelist,2003-2005,Kainantu,Town,Ataru
372,2,EVANGELIST,2023,KOTE,KALASA,BOTARA GITUA
373,2,EVANGELIST,2017-2019,KOTE,KALASA,AMUGEN
374,2,PARISH PASTOR,2006-2016,GOROKA,ASAROKA,YAUKAWE
375,2,PARISH PASTOR,1991-1996,KOTE,SATTELBERG,FOSAMA
376,2,PASTOR,1992-1996,KOTE,HUBE,KULUNGTUFU
377,2,PASTOR,1995-1999,KAINANTU,RAIPINKA,AGARABE
378,2,,,KOTE,KALASA,TIGASU
379,2,CHAPLAIN PASTOR,2001-2004,IMMANUEL,IALIBU,
380,2,Evangelist,2013,Imbungu,Mendi,Anga/Mumi
381,2,Evangelist,3 years,Immanuel,Wabi,Puri/Rakina
382,2,,,,,
383,2,Pastor,1999,Immanuel,Tiripini,Kauwo
384,2,Evangelist,1995 -2024,Immanuel,Tiripini,Walla
385,2,Evangelist,2014-2023,Immanuel,Tiripini,Tqmboai
386,2,Evangelist,1997,Immanuel,Tiripini,Uyaku Undiapu
387,2,Evangelist,1976 - 1995,Immanuel,Wabi,Waglu - Kolora
388,2,Evangelist,1997-2024,Immanuel,Tiripini,Kalvari
389,2,Evangelist,1994,Immanuel,Tiripini,Kuruyapu
390,2,Evangelist,2012~2024,Immanuel,Tiripini,Kalwe
391,2,Evangelist,2023~2024,Immanuel,Tiripini,Kalvari
392,2,Trainee Evangelist,2022,Immanuel,Wabi,Wagalu Yalumita
393,2,Evangelist,1980-1993,Kainantu,Raipinka,Jomuna
394,2,,,,,
395,2,Evangelist,1990,Kianantu,Raipinka,Jomuna
396,2,Evangelist,2000-2022,Kainantu,Raipinka,Jomuna
397,2,Evangelist,2017,Kainantu,Raipinka,Jomuna
398,2,Evangelist,On year,Kainantu,Ponampa,Nanda Rarish
399,2,,2011-2012,Kate,Satolbek,Kaitaka
400,2,Evangelism,2004-2009,Kainantu,Raipinka,Onenofi
401,2,PASTOR,3 YEARS,JIWAKA,DAWOO,BORDER
402,2,Evangelist,1985-2023,Kainantu,Raipinka,Zomuna
403,2,PASTOR,2000-2005,JIWAKA,TAPI,NGAMBA
404,2,Evagelist,1975,Kainantu,Raipinka,Jamano
405,2,Evangelist,1994-2023,Kainantu,Town Circuit,Ataru
406,2,Teacher,1976,Kainantu,Raipinka,Yomuna
407,2,Evangelist,1993-2000,Kainantu,Raipinka,"Ijorina, Parish"
408,2,Youth Director,1985-1997,Ampo,Head Office,
409,2,Parish Evangelist,1982-2004,Kainantu,Raipinka,Imune
410,2,Youth Work,1979,Goroka,Finitugu,Vitix
411,2,PASTOR,2016,JIWAKA,TAPIBUKA,
412,2,Evangelist,2010-2015,Kainantu,Raipinka,Parish
413,2,,,,,
414,2,Youth Coordinator,2000,Kainantu,Raipinka,Jomuna
415,2,Evangelist,1997-2014,Kainantu,Finitugu,Kzimaena-Kamuri
416,2,Evangelist,1997-2014,Kainantu,Finintugu,Kzimaena-Kamuni
417,2,Evangelist,2015,Kainantu,Ona,Bus Parish
418,2,Evangelist,2010-2023,Kainantu,Raipinka,Imune
419,2,PASTOR,2019-2020,JIWAKA,KUP,
420,2,PASTOR,2016-2024,SIMBU,OMKOLAI,
421,2,Evangelist,1997-2023,Kainantu,Ponampa,Waisampa
422,2,Evangelist,1992-2015,Kainantu,Raipinka,Ijorina Parish
423,2,Evangelist,1997-2022,Kainantu,Raipinka,Jomuna Parish
424,2,Evangelist,,Kainantu,Finintugu,Kamanotina
425,2,School,1983-1984,Ogelbeng,Highlands,Seminary
426,2,PASTOR,2015-2024,JIWAKA,KUMA,KUDJIP
427,2,Paris Pastor,2002-2023,Hagen,Kogle,Parish
428,2,Pastor,1991,Hagen,Melpa,Kelua
429,2,Pastor,2000-2002,Kainantu,Lihona,Loa Duna Parish
430,2,Pastor,2010,Kainantu,Finintugu,"St, Bamra, Kamanotina"
431,2,Pastor,2010,Kainantu,Finintugu,"St, Bamra, Kamanotina"
432,2,Pastor,1984,Goroka,Finintugu,"Aseu, Kananotina"
433,2,PASTOR,2005-2019,HAGEN,OGELBENG,ULGPENG
434,2,Evangelist,29 years,Jiwaka,Kup,Morouil
435,2,Evangelist,1974~2024,"Jiwaka, Chimbu, Tumba",,Manda
436,2,,2010-2014,Simbu,Nomane,Meine Parish
437,2,Helpim Pastor,2013,Kainantu,Lihona,Yagafonave
438,2,Paris Pastor,2002-17,Kainantu,Raipinka,Ijorina
439,2,Pastor,2004,Kainantu,Finintugu,Kzinare
440,2,PARISH PASTOR,1992-1994,MADANG,MADANG,NEW TOWN
441,2,,,,,
442,2,Paris Pastor,2021-2013,Kainantu,Kambaidam,Onanika
443,2,PASTOR,2016-2018,JIWAKA,TRINITY,NENGEMBIA
444,2,PASTOR,2023,JIWAKA,TABBI,BAURA
445,2,PASTOR,2013-2021,SIMBU,TOWN,DOKOR
446,2,PASTOR,1990-1993,JIWAKA,KUP,
447,2,Good New Director,2017-2023,Kainantu,Kambaidam,
448,2,Pastor,213-2015,Kainantu,Tenta,Samura- Lamari
449,2,PASTOR,2015-2020,JIWAKA,TRINITY,MOROMA
450,2,PASTOR,209-2013,HAGEN,KOTNA,
451,2,PASTOR,2023,JIWAKA,KUNA,PIKAMAPE
452,2,,2012-2017,Goroka,Tarabo,Kanite
453,2,PASTOR,1993-1997,JIWAKA,,
454,2,Pastor,1998,Kainantu,Ponampa,Lamari/Obura
455,2,Wok Pastor,2003-2004,Hagen,Ogelbeng,Kont Kona
456,2,PASTOR,2009,JIWAKA,KOL,KAIMA
457,2,PASTOR,2018,JIWAKA,TRINITY,
458,2,Evangelist,2008-2013,Kainantu,Finintugu,Kafetina
459,2,PASTOR,2015-2022,JIWAKA,TRINITY,
460,2,MISSION FIELD PASTOR,2015-2019,JIWAKA,TABI,
461,2,,,,,
462,2,Pastor,2010-2014,Simbu,Nomane,Meine
463,2,Pastor,2021-2023,Kianantu,Ona,Ese Praish
464,2,PARISH PASTOR,2009-2010,JIWAKA,KOL,
465,2,Youth Coodinator,2013-2017,Kainantu,Ponampa,Stesin
466,2,Pastor,1981-1986,Goroka,Ponampa,Lamari
467,2,PASTOR,2009-2010,JIWAKA,KOL,
468,2,Evagelist,1989-1991,Kainantu,Raipinka,Zomuna
469,2,PASTOR,1993,HAGEN,,
470,2,PASTOR,2019,JIWAKA,KUMA,
471,2,Evangelist,20,Immanuel,Mendi,Pundia Paris
472,2,,,,,
473,2,Evangelist,1993 ~2011,Immanuel,Wabi,Sumi ~ Imuye
474,2,Evangelist,1991 ~2007,Immanuel,Wabi,omborama
475,2,Evangelist,1984~2024,Immanuel,Tiripini,Wala
476,2,Evangelist,1994~2024,Immanuel,Tiripini,Kalue
477,2,Evangelist,1990 -2024,Immanuel,Tiripini,Maipini
478,2,Evangelist,1982-2024,Immanuel,Tiripini,Kauwo Parish
479,2,Evangelist,1982-2024,Immanuel,Tiripini,Kaluwe
480,2,Evangelist,1988-2024,Immanuel,Tiripini,Kaluwe
481,2,Evangelist,1997-2024,Immanuel,Mendi,Pundia
482,2,Evangelist,1983-2024,Immanuel,Wabi,Puru/Uma Congregation
483,2,Evangelist,2022,Immanuel,Tiripini,Kauw
484,2,Evangelist,1990,Immanuel,Tiripini,Lore Congregation
485,2,Evangelist,2007,Immanuel,Mendi,Papera Congregation
486,2,Sunday School Teacher,1985-1986,Immanuel,Tiripini,Calvary
487,2,Pastor,2021-2022,Hagen,Alilena,Sipuma
488,2,Evangelist,1976-1981,Emanuel,Mendi,"Okaya, Kana"
489,2,Evangelist,1984,Immanuel,Mendi,Okaia
490,2,Evangelist,2000,Immanuel,Tiripini,Marona
491,2,Evangelist,2000,Immanuel,Tiripini,Marona
492,2,Evangelist,1980-82,Immanuel,Imbongu,Panuda
493,2,Evangelist,1975-1977,Immanuel,Tiripini,Pangia Town
494,2,Evangelist,1954,Emmanuel,Wabi,Puru/USA
495,2,Evangelist,1998,Imbongu,Mendi,Okaiya
496,2,Evangelis,33,Immanuel,Mendi,Okaiya
497,2,Evangelist,1999-2024,Immanuel,Tiripini,Mamuane
498,2,Evangelist,2009-2023,Immanuel,mendi,"Karel, Wepra"
499,2,Borona,1981,Imanuel,Tiripini,Kauow
500,2,Evangelist,1982-2024,Immanuel,Tiripini,Kalowari
501,2,Bible Schoop teacher,1979,Immanuel,Mendi,Birop Bible school
502,2,Evangelist,2000-2024,Immanuel,Wabi,Puru-laua
503,2,,2015-2016,HAGEN,KOTNA,TEKA
504,2,Pastor,1987-1996,Goroka,Ponampa,Suvaira
505,2,Dilogue,2002-2003,Kainantu,Kainantu,Town
506,2,Dilogue,2002-2003,Kainantu,Kainantu,Town
507,2,PASTOR,2014-2023,JIWAKA,KEROWAGI,
508,2,PASTOR,1999,JIWAKA,DAWOO,TORAMESUGO
509,2,PASTOR,1992,,,
510,2,PASTOR,1986-1988,JIWAKA,DAWOO,
511,2,,1995-1996,JIWAKA,,
512,2,Evangelist,1983-2024,Immanuel,Tiripini,Tiripini - Rotated around all Congregation
513,2,,2009-2013,MADANG,BILIYAU,KWADAM
514,2,,1996,,,
515,2,EVANGELIST,2006,JIWAKA,KUMA,UMNA
516,2,Pastor,1989,Kainantu,Lihona,Kuyahapa
517,2,Evangelist,2002-2024,IMMANUEL,Tiripini,Kandayapu
518,2,Evangelist,15,Immanuel,Mendi,Anga Parish
519,2,Evangelist,1991- 2024,Immanuel,Wabi,Eami
520,2,Pastor,2009,Papua,Western,Kiunga
521,2,EVANGELIST,1989-1992,JIWAKA,KUMA,
522,2,EVANGELIST,1980,JIWAKA,KUMA,ULTO
523,2,Youth Leader,1999-2007,Immanuel,Tiripini,Kalvari
524,2,EVANGELIST,1998,,,
525,2,Evangelist,1990-2024,Immanuel,Mendi,Karel/Semera
526,2,,,,,
527,2,Evangelist,1991,Hagen,Alkina,Kagoi Parish
528,2,EVANGELIST,1985,,,KAREL
529,2,EVANGELSIT,1988-1995,JIWAKA,TRINITY,
530,2,Evan.,2015,Pangia,Teripini,Kahukie/Maupini
1,3,President,1997-2003,Kainantu,Ponampa,Ponampa
2,3,Pastor,2006,Kote,Quembung,Guramuti
3,3,,,,,
4,3,,,,,
5,3,,,,,
6,3,,,,,
7,3,,,,,
8,3,Evengelis,2017-2023,Karkar ,Bagiai,Yer
9,3,Evn,2015,Karkar,Bagia,Yerr
10,3,Evangelist ,2012-2017,SIMBU,KAREPA,Circuit Cong.
11,3,,,,,
12,3,,,,,
13,3,Evangelist ,1993-1997,Simbu,Monono,Dirom 
14,3,,,,,
15,3,,,,,
16,3,pastor,2022,east simbu,mu,yobatole
17,3,,,,,
18,3,pastor,2013,east simbu,mul,nabliwera
19,3,Pastor ,2016-2023,Yabim ,Lae ,Mt Zion
20,3,,,,,
21,3,Evn,2006-2009,karkar,bagiai,kalwari
22,3,Evangelist ,2021-23,Goroka ,Town ,St Mathew 
23,3,,,,,
24,3,,,,,
25,3,C/Pastor ,2013-14,Madang ,Ranara ,Nahu 2 Parish 
26,3,,,,,
27,3,,,,,
28,3,Evangelist ,1989-2000,Simbu ,Karepa ,Wabo/Poroi
29,3,pastor,1985-1997,eastern highlands,finintugu,kazimarena
30,3,,,,,
31,3,,,,,
32,3,,,,,
33,3,Pastor ,2020,Yabem ,Lae City ,Kumam Konok
34,3,pastor,2021-2025,Jabem,wampar,Ngasuapum
35,3,,,,,
36,3,Pastor,2018,Kainantu,Lohina,yagafonave
37,3,Pastor ,7 months,Madang ,Amele ,uddkol (DanBen)
38,3,,,,,
39,3,Pastor ,2003,Siassi ,Tuam ,Tuam
40,3,,,,,
41,3,President ,2023,Hagen ,Kogle,
42,3,Evn,2009-2023,karkar,Bagiai,Siliai
43,3,Evangelist ,2016- 18,Madang ,Amale ,Nobonob
44,3,,,,,
45,3,,2004-2007,Ukata ,Top,Wadabong
46,3,Evn,2017-2022,karkar,Bagabag,Kinibob
47,3,,,,,
48,3,Evangelist ,Siroy ,Madang,Bongu,Siroy 
49,3,,,,,
50,3,Evn,2012-2017,Seminary,OGELBANG,
51,3,Pastor ,2019-23,Jiwaka ,Banz ,Mugang/Fatima Sec
52,3,,,,,
53,3,,,,,
54,3,Evn,2006-2022,Kainantu,Lihona,Herave
55,3,,,,,
56,3,Evn,Bogabag,karkar,bogabag,Tibudhun
57,3,,,,,
58,3,,,,,
59,3,,,,,
60,3,Evangelist ,2007-11,Simbu ,Kagai ,Mikroma 
61,3,,,,,
62,3,Evn,2021-2023,Kainantu,Raipinka,Jomuna
63,3,,,,,
64,3,Evangelist ,1986-23,Karkar ,Tasub ,Tulgvi 
65,3,,,,,
66,3,,,,,
67,3,,,,,
68,3,Pastor ,1995-97,Madang ,Bougui,Kumisager 
69,3,,,,,
70,3,,,,,
71,3,,,,,
72,3,,,,,
73,3,Pastor ,1996- 23,Hagen ,siti seket ,Bethel Pidgin
74,3,Evn,2012,Goroka,Fayantina,Uni Riwo
75,3,,,,,
76,3,Chappling,2020,karkar,Bumsol,Mapor
77,3,Ass Pastor ,2020-22,Yabim,Wampar ,Sampi
78,3,pastor,2023-2028,Yabim,wampar,sampi
79,3,,,,,
80,3,Student ,2014-18,Hagen,Ogelbeng,Ogelbeng
81,3,Evn,2020-2022,Simbu,Okikola,Uie
82,3,Pastor ,1999-2000,yabim,Menyamya ,Kapo
83,3,Evangelist,2003-2015,Goroka,Ramu Wok misin Area,Maria Congregation
84,3,,,,,
85,3,,,,,
86,3,,,,,
87,3,,,,,
88,3,Evangelist,2003-2023,SHP,Imbongu,Nagob Congregation
89,3,Ev,2014-24,Simbu,Omkolai,Yuvi
90,3,Evangelist,2006-2024,Kainantu,Finingtugu,Keka Congregation
91,3,,,,,
92,3,,,,,
93,3,Evangelist,2016-2017,Gororka,Asaroka,Gorohaneta
94,3,Ps,2000-3,Goroka ,Rongo,Kokofo
95,3,,,,,
96,3,,,,,
97,3,Ps ,2018-24,Goroka,Fayantina ,Ishmile 
98,3,,,,,
99,3,,,,,
100,3,,,,,
101,3,Evangelist,2004-2007,East Simbu,Mu,Nubini Congregation
102,3,,,,,
103,3,Ps ,2019-24,East Simbu,Mu ,Beyosce
104,3,,,,,
105,3,,,,,
106,3,Tabibuga Circuit Secretary,2006 - 2011,Jiwaka,Tabibuga,
107,3,C\Seket Pr,2014-18,Madang,,
108,3,,,,,
109,3,Ps,2013-15,Simbu,Nonumba,Nonumba
110,3,,,,,
111,3,,,,,
112,3,Ps,2022-24,Karkar,Bumso,Heba
113,3,Evangelist,1998-2003,Jabim,Menyamya,Hakwange Parish
114,3,,,,,
115,3,Ps,2015-2024,Mendi,Mendi,Pirop
116,3,,,,,
117,3,Ps,1999-03,Simbu,Ega,Ega
118,3,,,,,
119,3,,,,,
120,3,Ps ,2016- 24 ,Papua ,,Hohola 
121,3,,,,,
122,3,,,,,
123,3,Ev ,2023-24,Goroka ,Asaroka ,Gauku
124,3,Parish Pastor,2019-2024,Immanuel,Mendi,Okaiya Parish
125,3,Ev ,2017-18,Is Simbu ,Kalvari ,Faith 
126,3,,,,,
127,3,Congregation Pastor,2021-2024,Hagen,Alkena,Kiripia
128,3,,,,,
129,3,,,,,
130,3,,,,,
131,3,,,,,
132,3,,,,,
133,3,,,,,
134,3,,,,,
135,3,Pastor,2007-2013,Simbu,Kagai,Mai Parish
136,3,,,,,
137,3,,,,,
138,3,Pastor,2016-2024,Simbu,Kagai,Migirima Congregation
139,3,,,,,
140,3,,,,,
141,3,,,,,
142,3,,,,,
143,3,,,,,
144,3,Pasdtor,2005-2010,Goroka,Rongo,
145,3,Ps,1992-94,Simbu ,Nomane ,Dulai
146,3,Pastor,1998-2004,Immanuel,Ialibu,Yalo Parish
147,3,,,,,
148,3,,,,,
149,3,,,,,
150,3,,,,,
151,3,,,,,
152,3,,,,,
153,3,,,,,
154,3,Ps ,1993-98,Simbu,Karamui,Walai
155,3,,,,,
156,3,Lecturer,2020-24,Hagen,Ogelbeng ,Leacturer
157,3,Ps ,2021-24,Goroka,Fayantina ,Boda 
158,3,,,,,
159,3,,,,,
160,3,,,,,
161,3,,,,,
162,3,National Church Council Member,2023-2024,Hagen,Ogelbeng,Ogelbeng
163,3,,,,,
164,3,Chaplain,2020-2022,Simbu,Ega,Kundiawa Lutheran Day High School
165,3,,,,,
166,3,,,,,
167,3,,,,,
168,3,Pastor ,2013-2017,Siassie,Kaimana,Tuiam
169,3,Pastor,2022-2027,Kote,Zaka,Mawainageng
170,3,,,,,
171,3,,,,,
172,3,,,,,
173,3,,,,,
174,3,,,,,
175,3,,,,,
176,3,,,,,
177,3,,,,,
178,3,,,,,
179,3,,,,,
180,3,,,,,
181,3,,,,,
182,3,,,,,
183,3,CHAPLAIN,2016-2024,,,MUAINA SECONDARY
184,3,Pastor ,1991-2023,Immanuel ,Mendi,Birop
185,3,,2023,,,
186,3,Evangelist,2006-2022,Kainantu,Lihona,Herave
187,3,,2017,,,
188,3,EVANGELIST,2013-2015,WAU WARIA,GARAINA,ONO
189,3,,,,,
190,3,PASTOR,2005-2008,KOTE,KALASA,GITUKEA
191,3,,,,,
192,3,,,,,
193,3,Evegelism,2003-2023,Kainantu,Town,Ataru
194,3,Pastor,2016-2020,Yabem,Deka ,Dangerhill
195,3,,,,,
196,3,,,,,
197,3,Evangelism,1982-84,Madang,Amele,Omuru
198,3,,,,,
199,3,PASTOR,1999-2003,SIMBU,MONONO,KEMA
200,3,Seket President,1981-1995,Henganofi,Finintugu,Kamanotina
201,3,PARISH PASTOR,2020-2023,KOTE,SATTELBERG,BOWAZA
202,3,,,,,
203,3,,,,,
204,3,PASTOR,2006,KOTE,QUEMBUNG,GURAMUTI
205,3,,,,,
206,3,Good new Dirsctor,3 years,Kainantu,Raipinka,Jomuna
207,3,Evangelist,2018-2019,Kainantu,Ponampa,Avia
208,3,Secretary,1996-2000,Kainantu,Raipinka,Imune Paris
209,3,Evagelist,1985-2023,Kainantu,Ona,Punano
210,3,CIRCUIT PRESIDENT,2000-2010,KOTE,QUEMBUNG,
211,3,Evangelist,1998-2017,Kainantu,Imune,Paris Imune
212,3,PASTOR,1995-2002,ELC PAPUA,EMMANUEL,EMMANUEL
213,3,PARISH PASTOR,2021-2023,KOTE,SOMBA,BETENONGENG
214,3,,2017-2023,Kainantu,Finitugu,Kzimarena
215,3,PASTOR,1996,KOTE,KALASA,GITUKIA
216,3,,,,,
217,3,PASTOR EXCHANGE,1984-1986,BAVARIA,GERMANY,GERMANY
218,3,,,,,
219,3,Pastor,2023-2024,Immanuel,Mendi,Bui Yebi CIS
220,3,PASTOR,2013-2019,YABIM,KAIAPIT,YANEKAWAN
221,3,,,,,
222,3,Pastor,2019-2023,Yabem,Wampar,Gabsongkec Parish
223,3,Sande Skul,,Kainatu,Finintugu,Seket Levol
224,3,,,,,
225,3,Evagelist,2022-2023,Kainantu,Raipinka,Namura
226,3,Evangelist,1980-1923,Kainantu,Ese,Nonampa
227,3,,,,,
228,3,PASTOR,2002-2012,KOTE,KALASA,KQUOME
229,3,Parish and Circuit Study Master,2008-2023,Kainantu Church,Kambaidam,Ona Binumarien
230,3,,,,,
231,3,Pastor,1993-1996,Immanuel,Mendi,Karel
232,3,,,,,
233,3,RI,2014,Kainantu,Raipinka,Onenofi Pri-School
234,3,,,,,
235,3,,,,,
236,3,S/S Tisa,2007-2009,Kainantu,Raipinka,Bus Division
237,3,,,,,
238,3,Secretary,2015-2018,Kainantu,Raipinka,Mako Congregation
239,3,Evangelist,2017-2015,Kianantu,Riapinka,Afutagahu
240,3,PASTOR,3,KOTE,HUBE,WENGAI
241,3,,,,,
242,3,Kong Evangelist,2012,Kainantu,Raipinka,Bus Division
243,3,,2014,,,SIRI
244,3,Cirtciut President,2008-2023,Kaiantu,Raipinka,Circuit
245,3,,,,,
246,3,,,,,
247,3,PARISH PASTOR,2022,KOTE,SOMBA,KEMAIP
248,3,,,,,
249,3,PASTOR,2015-2019,SIMBU,KIUNU,INSTITUTION
250,3,Evangelist,2021-2023,Kianantu,Raipinke,Jomuna-Raipinka
251,3,SCHOOL CHAPLAIN,1991-1995,,,
252,3,,,,,
253,3,PASTOR,2010-2015,UKATA,TEPTEP,KEWENG
254,3,Goodnews Director,2023,Hagen,District,District
255,3,PASTOR,2017-2018,YABIM,LAE CITY,
256,3,,,,,
257,3,,,,,
258,3,,,,,
259,3,,,,,
260,3,,,,,
261,3,Pastor,2002-2008,Yabem,Malaclo,Buakap Congrigation
262,3,Pastor,2012-2020,Yabem,Yabem,Simbang
263,3,,,,,
264,3,,,,,
265,3,,,,,
266,3,,,,,
267,3,,,,,
268,3,,,,,
269,3,,,,,
270,3,,,,,
271,3,Evangelist,2019-2021,Kianantu,Town Cirtciut,St James
272,3,Chaplain,2021-2023,Hagen,Town,Mt. Hagen Secondary School
273,3,Evagelist,2021,Kainantu,Kambaidam/ Ona,Aseranka
274,3,,,,,
275,3,Pastor,1979,Immanuel,Mendi,Upper Mendi
276,3,Autim Tok,2023,Obura Wan,Kambaidam,Asarenka
277,3,,,,,
278,3,,,,,
279,3,Chaplain,2023,Hagen,Kitip L/Secondary,
280,3,Evangelist,1997,Kainantu,Kambaidam,Sasaura
281,3,PASTOR,2017-2024,KOTE,SATTELBERG,KITAKA
282,3,PASTOR,2023,KOTE,QUEMBUNG,HAMAKA
283,3,Pastor,2022,Hagen,Kotna,Tipuka
284,3,Evangelist,2009,Kainantu,Ambesiara,Ambesiara
285,3,,,,,
286,3,PASTOR,2015,KOTE,SATTELBERG,WEMO
287,3,Evangelist,2010,Kianantu,Kambaidam,Arau 1
288,3,Pastor,2017,Hagen,Alta,Malke
289,3,,,,,
290,3,PASTOR,2008-2010,IMMANUELL,MENDI,ANGA
291,3,,,,,
292,3,,,,,
293,3,,,,,
294,3,Lida,1980,Finitugu,,
295,3,Pastor,2014,Hagen,Ogelbeng,Station Congregation
296,3,,,,,
297,3,,,,,
298,3,PASTOR,2009-2013,UKATA,TIMBE,MOTU
299,3,,,,,
300,3,Evangelism,2010,Kainantu,Kambaidam,Arau 1
301,3,Pastor,2012,Goroka,Town,St. Mathew
302,3,,,,,
303,3,,,,,
304,3,,,,,
305,3,,,,,
306,3,Pastor,2017-2022,Kate,Zaka,
307,3,On study,2015-2016,MLS,,
308,3,,,,,
309,3,Pastor,2019-2023,Yabem,Menyamya,Like I Parish
310,3,,11,,,
311,3,,,,,
312,3,,,,,
313,3,Evangelist,19-95,Immanuel,Imbongu,Uruma
314,3,,,,,
315,3,,,,,
316,3,,,,,
317,3,,,,,
318,3,,,,,
319,3,Pastor/Tias,2001-2010,Kate,Heldsback,Vilis Laip Skul
320,3,,,,,
321,3,C/President,2017,Kainantu,Ponampa,
322,3,,,,,
323,3,,,,,
324,3,KOTE DISTRICT-AD,2001-2009,KOTE,,HELDSBACH
325,3,,,,,
326,3,President,1997-2023,Kainantu,Ponampa,Ponampa
327,3,Sangang,1996-2000,Yabem,Sangang,St Paul
328,3,Evangelist,2007-2010,Kianantu,Finintugu,Naila
329,3,PR. STUDENT,2023,YABEM,CITY LAE,MLS
330,3,,,,,
331,3,PASTOR,2022- 2026,YABEM,WANTOAT,BUNGAM PARISH
332,3,POST GRADUATE,2021-2023,,,MLS
333,3,PASTOR,2016-2020,JABEM,LAE SEKET,ST HIOB
334,3,Pastor,1993-1994,Melpa,Kopon,Tipumb
335,3,,,,,
336,3,,,,,
337,3,PASTOR,2018-2023,KOTE,QUEMBUNG,
338,3,,,,,
339,3,,,,,
340,3,,2001-2014,Kote,Zaka,St Sado
341,3,Pastor,2021,Kote,Quembung,Babuso
342,3,PARISH PASTOR,2016-2021,KOTE,KALASA,RIRIWO
343,3,,,,,
344,3,,2003-2007,KOTE,,
345,3,,,,,
346,3,PASTOR,1993-1998,KOTE,SATTELBERG,FOSAMA
347,3,pastor,2010,KOTE,GARAINA,KIPU
348,3,PRESIDENT,2018-2024,KOTE,QUEMBUNG,
349,3,,2024,KOTE,SATTELBERG,CIRCUIT OFFICE
350,3,,,,,
351,3,,,,,
352,3,,,,,
353,3,,,,,
354,3,PASTOR,2004-2013,KOTE,ZAKA,
355,3,,,,,
356,3,,,,,
357,3,Pastor,6 Years,Immanuel,Wabi,Koare Paris
358,3,Pastor,1998~2000,Immanuel,Ialibu,Ponega
359,3,EVANGELIST,2019,KOTE,SOMBA,GANG
360,3,PASTOR,2023-2024,KOTE,TAGUB,
361,3,EVANGELIST,1995-1997,KOTE,SATTELBERG,
362,3,,,,,
363,3,,,,,
364,3,,,,,
365,3,,,,,
366,3,EVANGELIST,1994-1997,KOTE,GARAINA,BUBU
367,3,,,,,
368,3,,,,,
369,3,,,,,
370,3,,,,,
371,3,Evangelist,2006-2009,Kainantu,Town,Kote
372,3,,,,,
373,3,EVANGELIST,2021-2024,YABIM,LAE CITY,KAISA
374,3,PASTOR,2017-2023,GOROKA,ASAROKA,GURUPOKA
375,3,PARISH PASTOR,1997-2003,KOTE,HUBE,KUMA
376,3,PASTOR,1997-2004,KOTE,SATTELBERG,KEREGIA
377,3,PASTOR,200-2013,KOTE,ZAKA,SADO
378,3,,,,,
379,3,CHAPLAIN,2006-2018,PAPUA,UPNG,UPNG
380,3,,,,,
381,3,,,,,
382,3,Evangelist,1994,Immanuel,Wabi,Paribia
383,3,Chaplain,2007,Immanuel,Ialibu,Institution
384,3,,,,,
385,3,,,,,
386,3,,,,,
387,3,Evangelist,1996,Immanuel,Wabi,Paripia - Yame
388,3,,,,,
389,3,,,,,
390,3,,,,,
391,3,,,,,
392,3,,,,,
393,3,Evangelist,1993-2000,Kainantu,Raipinka,Jomuna
394,3,,,,,
395,3,,,,,
396,3,,,,,
397,3,,,,,
398,3,Evangelist,Ten years,Kainantu,Tenta,Lamari Parish
399,3,,2013-2021,Kainantu,Raipinka,Imune
400,3,Evangelism,2010- 2016,Kainantu,Raipinka,Henkahi
401,3,,,,,
402,3,,,,,
403,3,PASTOR,2005-2010,JIWAKA,TAPI,WANKUN
404,3,Teacher,1985,Chimbu,Kerowagi,
405,3,,,,,
406,3,,,,,
407,3,Evangelist,2000-2004,Yabin,Eity,Beno Parish
408,3,Inter Churc Relation Director ELC-pngh,1997-2000,,,
409,3,Parish President,2005-2023,Kianantu,Raipinka,Imune
410,3,Seket Yut,1989,Kainantu,Finintugu,Naila
411,3,,,,,
412,3,Evangelist,2015-2023,Kainantu,Raipinka,Parish
413,3,,,,,
414,3,Hetman,2005,Kainantu,Raipinka,Yoginofi
415,3,Evangelist,2016-2023,Kainantu,Finitugu,Naira. Bunqium Han Kong
416,3,Evangelist,2016-2023,Kainantu,Finintugu,Naira. Bunquin Han Kong
417,3,Evangelist,2018,Kainantu,Towan,Sobima/Congregation
418,3,,,,,
419,3,GUTNIUS DIRECTOR,2021-2023,,KUP,
420,3,,,,,
421,3,,,,,
422,3,Evangelist,2015-2023,Kainantu,Raipinka,Mabauko Parish
423,3,Evangelist,2022-2023,Kainantu,Raipinka,Onerunkac
424,3,,,,,
425,3,Pastor,1985-1997,Goroka/Kainantu,Finintugu,Kazimarena
426,3,,,,,
427,3,Circuit President,2023,Hagen,Kogle,Circuit
428,3,Pastor,1999,Kainantu,Riona,Vegave
429,3,Pastor,2003,Kainantu,Lihona,Apa Duna Parish
430,3,"Chapling Hen-Sac, School",2015,Kainantu,Finintugu,"Zakari, Kzimare"
431,3,"Chapling Hen-Sac, School",2015,Kainantu,Finintugu,"Zakari, Kzimare"
432,3,Pastor,1991,Goroka,Bena,Masagu
433,3,PASTOR,2020-2022,JIWAKA,BANZ,WAGI STONE
434,3,,,,,
435,3,,,Tumba,Kuma,Manda
436,3,,2015-2018,Karkar,Samoan,Makitul Parish
437,3,,,,,
438,3,Circuit Pastor,2018-2023,Kainantu,Raipinka,Raipinka
439,3,Chaplain,2008,Kainantu,Finintugu,Kzinare
440,3,LECTURE,1995-2016,JIWAKA,BANZ,INSTITUTION
441,3,,,,,
442,3,,,,,
443,3,PASTOR,2018-2023,SIMBU,MONONO,KONSOGU
444,3,,,,,
445,3,PASTOR,2022-2023,SIMBU,TOWN,
446,3,PARISH PASTOR,1995-1996,KAINANTU,PONAMPA,
447,3,,,,,
448,3,Pastor,2016-2017,Kainantu,Taun,Ataru
449,3,PASTOR,2020-2023,JIWAKA,TRINITY,HIGHWAY
450,3,PASTOR,2014-2017,JIWAKA,KUP,
451,3,,,,,
452,3,,2018-2023,Kainantu,Abonamu,Ona Paris
453,3,PASTOR,2001-013,JIWAKA,,
454,3,Pastor,2003,Kainantu,Tenta,Nanda/Suwaira
455,3,Circuit Pastor,2005-2006,Kainantu,Raipinka,Circuit steven
456,3,PASTOR,2014,JIWAKA,KOL,OIPO
457,3,CHAPLAIN,2020,JIWAKA,TRINITY,
458,3,Pastor,2020-2023,Kainantu,Finintugu,Nairap Paris
459,3,PASTOR,2022-2023,JIWAKA,TRINITY,
460,3,ASSISTANT PASTOR,2020-2022,JIWAKA,BANZ,
461,3,,,,,
462,3,Pastor,2016-2019,Karkar,Samoan,Makitul
463,3,,,,,
464,3,PASTOR,2011-2012,JIWAKA,KOL,
465,3,,,,,
466,3,Pastor,1987-1992,Goroka,Tarabo,Kenyagana
467,3,PASTOR,2011-2012,JIWAKA,KOL,
468,3,Evangelistelist,1992-1994,Kainantu,Raipinka,Zomuna
469,3,PASTOR,2021,HAGEN,,
470,3,PASTOR,2020,JIWAKA,KUMA,
471,3,,,,,
472,3,,,,,
473,3,Evangelist,2012 ~ 2015,Immanuel,Wabi,
474,3,.,2008~2018,.,.,Morunda
475,3,,,,,
476,3,,,,,
477,3,,,,,
478,3,,,,,
479,3,,,,,
480,3,,,,,
481,3,,,,,
482,3,,,,,
483,3,,,,,
484,3,Evangelist,1993-2004,Immanuel,Tiripini,Layout Congregation
485,3,Evangelist,200-92024,Immanuel,Mendi,Marimari
486,3,Youth Leader,1986-1996,Immanuel,Tiripini,Calvary
487,3,Pastor,2023-2024,Immanuel,Wabi,Sumi
488,3,Evangelist,1982-1988,Emanuel,Mendi,"Anga, Mumi"
489,3,Evangelist,2005-2022,Immanuel,Mendi,Again Parish
490,3,,,,,
491,3,,,,,
492,3,Evangelist,1983-85,Immanuel,imbongu,Loguple
493,3,Evangelist,1978-1979,Immanuel,Tiripini,Ialibu
494,3,Evangelist,1976,Emmanuel,Wabi,Puru/Yawi
495,3,,,,,
496,3,,,,,
497,3,,,,,
498,3,Evangelist,2024,Immanuel,Mendi,"Karel, Semera"
499,3,,,,,
500,3,,,,,
501,3,Evangelist,1982-1983,Masang,,Baitabang
502,3,,,,,
503,3,CHAPLAIN,2017-2023,JIWAKA,BANZ,BANZ
504,3,Pastor,1997-1999,Goroka,Ponampa,Seket Stesin
505,3,Lutheran Students Chaplin,2005-2009,Okapa Secondary School,Tarabo,
506,3,Lutheran Students Chaplin,2005-2009,Okapa Secondary School,Tarabo,
507,3,,,,,
508,3,PASTOR,2003,JIWAKA,DAWOO,KULKAI
509,3,LECTURER,1994,,,
510,3,CIRCUIT PRESIDENT,1989-1994,JIWAKA,DAWOO,
511,3,EVANGELIST,1997-1999,JIWAKA,,
512,3,,,,,
513,3,,2014-2017,SIMBU,TOWADONG,KEYANE
514,3,Evangelist,2011,Kainantu,Lihona,Lupaze Parish
515,3,EVANGELIST,2009,JIWAKA,BANZ,BANZA
516,3,Pastor,2018,Kainantu,Lihona,Yagafonave
517,3,,,,,
518,3,,,,,
519,3,,,,,
520,3,,2023,,,
521,3,EVANGELIST,1993-1997,JIWAKA,KUMA,
522,3,EVANGELIST,2023,JIWAKA,KUMA,ULTO
523,3,Evangelist,2013,Immanuel,Tiripini,Kuriyapu
524,3,,,,,
525,3,,,,,
526,3,,,,,
527,3,Evangelist,2004,Immanuel,Mendi,Agomemda
528,3,EVANGELIST,1994,,,SEMERA
529,3,EVANGELIST,1995-2000,SIMBU,,
530,3,,,,,
1,4,,,,,
2,4,V/president,2010,Kote,Quembung,Quembung
3,4,,,,,
4,4,,,,,
5,4,,,,,
6,4,,,,,
7,4,,,,,
8,4,,,,,
9,4,Evn,2023,Karkar,Bagia,Yerr-Daup
10,4,Evangelist ,1997 - 20122,SIMBU,GAI DAMA,Guoro
11,4,,,,,
12,4,,,,,
13,4,Evangelist ,1990-1993,Simbu ,Monono,Monono
14,4,,,,,
15,4,,,,,
16,4,pastor,2023,east simbu,mu,yobatole
17,4,,,,,
18,4,pastor,2016,east simbu,mu,beyoshe
19,4,Pastor ,2023,Yabim,Lae ,Intum 
20,4,,,,,
21,4,Evn,2012-2015,karkar,bagiai,yaguban
22,4,,,,,
23,4,,,,,
24,4,,,,,
25,4,Sch Chaplin,2015-23,Madang ,Bongu/Biliau,Raikos Luth Sec
26,4,,,,,
27,4,,,,,
28,4,Evangelist ,2001-2015,Jiwaka ,Trinity ,Miunole 
29,4,pastor,1998-2000,kainantu,finintugu,loa duna 
30,4,,,,,
31,4,,,,,
32,4,,,,,
33,4,pastor ,2022-2026,Yabem ,Lae City ,Redeemer Parish 
34,4,,,,,
35,4,,,,,
36,4,,,,,
37,4,,,,,
38,4,,,,,
39,4,Pastor ,2010,Siassi ,Maboy ,Sakar
40,4,,,,,
41,4,,,,,
42,4,,,,,
43,4,Evangelist ,2019-23,Madang ,Amale ,Banub
44,4,,,,,
45,4,,2009-2013,Jiwaka ,Awage ,Awage 
46,4,,,,,
47,4,,,,,
48,4,Evangelist ,siroy ,Madang,Bongu,Siroy 
49,4,,,,,
50,4,Pastor,2018-2023,Kainantu ,Lihona,Yagafonave
51,4,,,,,
52,4,,,,,
53,4,,,,,
54,4,course Teacher,2023,Kainantu,Lihona,Yagafonave
55,4,,,,,
56,4,Evn,Bogabag,karkar,bogabag,tibudhun
57,4,,,,,
58,4,,,,,
59,4,,,,,
60,4,Evangelist ,2012-23,Simbu,Kagai,Wanbel 
61,4,,,,,
62,4,,,,,
63,4,,,,,
64,4,,,,,
65,4,,,,,
66,4,,,,,
67,4,,,,,
68,4,Pastor ,1997-99,Karkar ,Samoan ,Kiti
69,4,,,,,
70,4,,,,,
71,4,,,,,
72,4,,,,,
73,4,Circuit Pastor ,1998-2018,Hagen ,siti seket,Hagen Siti seket
74,4,Evn,2015,Goroka,Fayantina,iyoui Riwo
75,4,,,,,
76,4,,,,,
77,4,Pastor ,2023,Yabim,Malalo,Kisiwaga
78,4,,,,,
79,4,,,,,
80,4,Pastor ,2019-23,Yabem,Menyamya ,Kokai Paris 
81,4,,,,,
82,4,Pastor ,2005-07,yabim,Menyamya,Tsewi
83,4,Evangelist,2016-2024,Goroka,Asaroka,Hegu Congregation
84,4,,,,,
85,4,,,,,
86,4,,,,,
87,4,,,,,
88,4,,,,,
89,4,,,,,
90,4,,,,,
91,4,,,,,
92,4,,,,,
93,4,Evangelist,2017-,Goroka,Asaroka,Jopawotega
94,4,Ps,2004-24,Goroka,Faitina ,Immanuel
95,4,,,,,
96,4,,,,,
97,4,,,,,
98,4,,,,,
99,4,,,,,
100,4,,,,,
101,4,Evangelist,2008-2010,East Simbu,Mu,Membimangi
102,4,,,,,
103,4,,,,,
104,4,,,,,
105,4,,,,,
106,4,Tabibuga V/President,2012-2019,Jiwaka,Tabibuga,
107,4,Seket Pre,2019-24,Madang ,,
108,4,,,,,
109,4,Ps,2016-24,JIwaka,Kerowagi,Angagoi
110,4,,,,,
111,4,,,,,
112,4,,,,,
113,4,Evangelist,2004-2010,Jabim,Lae,St Hiob Parish
114,4,,,,,
115,4,,,,,
116,4,,,,,
117,4,Ps ,2004-13,Simbu,Kewande Kamane,KK
118,4,,,,,
119,4,,,,,
120,4,,,,,
121,4,,,,,
122,4,,,,,
123,4,,,,,
124,4,,,,,
125,4,Ev ,2021-24,Immanuel ,Wabi,Kuare 
126,4,,,,,
127,4,,,,,
128,4,,,,,
129,4,,,,,
130,4,,,,,
131,4,,,,,
132,4,,,,,
133,4,,,,,
134,4,,,,,
135,4,Pastor,2014-2020,Simbu,Kamane,Urr Congregatiom
136,4,,,,,
137,4,,,,,
138,4,,,,,
139,4,,,,,
140,4,,,,,
141,4,,,,,
142,4,,,,,
143,4,,,,,
144,4,Seket Presidentnt,2011-2024,Goroka,,
145,4,Seket Prs,1995-01,Simbu,Nomane ,
146,4,Circuit President,2005-2010,Immnauel,Ialibu,Yalo Parish
147,4,,,,,
148,4,,,,,
149,4,,,,,
150,4,,,,,
151,4,,,,,
152,4,,,,,
153,4,,,,,
154,4,Ps,1999-03,Simbu ,Keyano,Daulo Top
155,4,,,,,
156,4,,,,,
157,4,,,,,
158,4,,,,,
159,4,,,,,
160,4,,,,,
161,4,,,,,
162,4,,,,,
163,4,,,,,
164,4,A/Circuit Pastor,2023-2024,Simbu,Ega,Ega
165,4,,,,,
166,4,,,,,
167,4,,,,,
168,4,Pastor,2018-2022,Yabem,Lae City,Redimeer 
169,4,,,,,
170,4,,,,,
171,4,,,,,
172,4,,,,,
173,4,,,,,
174,4,,,,,
175,4,,,,,
176,4,,,,,
177,4,,,,,
178,4,,,,,
179,4,,,,,
180,4,,,,,
181,4,,,,,
182,4,,,,,
183,4,CIRCUIT PASTOR,2020-2024,EAST SIMBU,KINGS,KINGS
184,4,,,,,
185,4,,,,,
186,4,Course Teacher,2023,Kainantu,Lihona,Yagafonave
187,4,,2018,,,
188,4,EVANGELIST,2021,FINSCHAFEN,SATTELBERG,WEMO
189,4,,,,,
190,4,SEKET PRESIDENT,2011-2024,KOTE,KALASA,KALASA AMUGEN
191,4,,,,,
192,4,,,,,
193,4,,,,,
194,4,Pastor,2021-2025,Yabem,Aseki,Aiya
195,4,,,,,
196,4,,,,,
197,4,Evangelism,1985-1987,Kainantu,Raipinka,
198,4,,,,,
199,4,PASTOR,2004-2008,KOTE,GARAINA,SOPAIBUBU
200,4,Evengelist,1995-2000,Goroka,Asoroka,Kafuku
201,4,,,,,
202,4,,,,,
203,4,,,,,
204,4,VICE PRESIDENT,2010,KOTE,QUEMBUNG,QUEMBUNG
205,4,,,,,
206,4,,,,,
207,4,Evangelist,2020-2023,Kainantu,Ponampa,Amaira
208,4,Evagelist,2000-2003,Kainantu,Raipinka,Tiunka Kong
209,4,,,,,
210,4,DISTRICT PRESIDENT,2011-2016,KOTE,,
211,4,Evangelist,2017-2023,Kainantu,Imune,Imune Paris
212,4,CHAPLAIN,2003-2008,JABEM,LAE CITY,PNG UNITECH
213,4,,,,,
214,4,,,,,
215,4,CHAPLAIN,2000,V.L.SCHOOL,,
216,4,,,,,
217,4,PASTOR,1988-1991,KOTE,SATTELBERG,SATTELBERG
218,4,,,,,
219,4,,,,,
220,4,PASTOR,2019-2023,YABIM,LAE CITY,KISIMBEK
221,4,,,,,
222,4,,,,,
223,4,Evangelist,2023,,Finintugu,Seket Levol
224,4,,,,,
225,4,,,,,
226,4,,,,,
227,4,,,,,
228,4,TEACHER,2013-2022,KOTE,HELSBACH,
229,4,,,,,
230,4,,,,,
231,4,Pastor,1997-2000,Ukata,Teptep,Nokopo
232,4,,,,,
233,4,Evangelist,2017-2023,Kianantu,Lihona,Kunabo KKG
234,4,,,,,
235,4,Pastor,1994-2024,Immanuel,Mendi,Karel
236,4,K/ Chairman,2021-2023,Kainantu,Raipinka,
237,4,,,,,
238,4,Layman Secretary,2019-2021,Kainantu,Raipinka,Mako & Ministry
239,4,Evagelist,2014-1997,Kainantu,Raipinka,Mako
240,4,PASTOR,10,KOTE,HUBE,SIRE
241,4,,,,,
242,4,,,,,
243,4,PASTOR,2015-2019,KOTE,HUBE,EMBANG
244,4,,,,,
245,4,,,,,
246,4,,,,,
247,4,,,,,
248,4,,,,,
249,4,PASTOR,2019-2024,KOTE,SATTELBERG,
250,4,,,,,
251,4,TRAINING INSTRUCTER,1996-2001,,,
252,4,,,,,
253,4,POST GRADUATE,2016-2018,,,
254,4,,,,,
255,4,PASTOR,2019-2020,YABIM,LAE CITY,
256,4,,,,,
257,4,,,,,
258,4,,,,,
259,4,,,,,
260,4,,,,,
261,4,Pastor,2009-2013,Yabem,Yabem,Malasiga Parish
262,4,Pastor,2021-2025,Yabem,Malalo,Laukanu
263,4,,,,,
264,4,,,,,
265,4,,,,,
266,4,,,,,
267,4,,,,,
268,4,,,,,
269,4,,,,,
270,4,,,,,
271,4,,,,,
272,4,Pastor/chaplain/seket pastor,2024,Hagen,Baiyer,Sawap Congregation/Hagen Secondary
273,4,,,,,
274,4,,,,,
275,4,Pastor,1978-2023,Immanuel,Mendi,Marimari
276,4,,,,,
277,4,,,,,
278,4,,,,,
279,4,,,,,
280,4,Evangelist,1997,Kainantu,Kambaidam,Arau
281,4,DISTRICT SUNDAY SCHOOL,2017-2024,KOTE,,
282,4,CHAPLAIN,2023,KOTE,QUEMBUNG,SUQANG LUTHERAN PRIMARY SCHOOL
283,4,,,,,
284,4,Evangelist,2012,Kainantu,Kambaidam,Uroni
285,4,,,,,
286,4,PASTOR,2017,KAINANTU,TENTA,URARA
287,4,Evangelist,2011,Kianantu,Kambaidam,Arau 2
288,4,,,,,
289,4,,,,,
290,4,PASTOR,2011-2022,KOTE,KALASA,RIRIWO
291,4,,,,,
292,4,,,,,
293,4,,,,,
294,4,ETC,1982,Training,Amron,Madang
295,4,,,,,
296,4,,,,,
297,4,,,,,
298,4,PRESIDENT,2014-2023,UKATA,TIMBE,HENGUNE
299,4,,,,,
300,4,,2011,Kainantu,Kambaidam,Arau 2
301,4,,,,,
302,4,,,,,
303,4,,,,,
304,4,,,,,
305,4,,,,,
306,4,,,,,
307,4,Chaplain,2018-2019,Simbu,Omkolai,Doliba High School
308,4,,,,,
309,4,,,,,
310,4,,,,,
311,4,,,,,
312,4,,,,,
313,4,Evangelist,1996-2010,Immanuel,Waributi,Waributi
314,4,,,,,
315,4,,,,,
316,4,,,,,
317,4,,,,,
318,4,,,,,
319,4,Pastor,2011-2020,Hagen,Kotna,Raiku Parish
320,4,,,,,
321,4,,,,,
322,4,,,,,
323,4,,,,,
324,4,PARISH PASTOR,2009-2021,KOTE,SATTELLBERG,AGORORO
325,4,,,,,
326,4,,,,,
327,4,Sangang,2001-2003,Yabem,Sangang,St Paul
328,4,Circuit Presesident,2011-2014,Kainantu,Finintugu,Circuit
329,4,,,,,
330,4,,,,,
331,4,,,,,
332,4,,,,,
333,4,PASTOR,2020-2023,JABEM,JABEM,ST JOEL
334,4,Pastor,1994-2000,Melpa,Tiria,Bangi
335,4,,,,,
336,4,Parish President vice,2019 -2024,Kainantu,Raipinka,Parish
337,4,,2024,,,
338,4,,,,,
339,4,,,,,
340,4,,2014-2020,Goroka,Bewa,Kintinu
341,4,Pastor,2022,Kote,Quembung,Babuso
342,4,PASTOR,2021-2024,KOTE,QUEMBUNG,BAMATA
343,4,,,,,
344,4,,2009-2013,IS SIMBU,,
345,4,,,,,
346,4,PASTOR,1996-2000,KOTE,SATTELBERG,WAREO
347,4,,,,,
348,4,,,,,
349,4,,,,,
350,4,,,,,
351,4,,,,,
352,4,,,,,
353,4,,,,,
354,4,PASTOR,2014-2016,KOTE,ZAKA,
355,4,,,,,
356,4,,,,,
357,4,,,,,
358,4,Pastor,2001~2024,Immanuel,Imbongu,Kongibul
359,4,EVANGELIST,2024,KOTE,SOMBA,GANG
360,4,,,,,
361,4,EVANGELIST,1998-2000,KOTE,SATTELBERG,
362,4,,,,,
363,4,,,,,
364,4,,,,,
365,4,,,,,
366,4,EVANGELIST,1998-2017,KOTE,SATTELBERG,SASIBONA
367,4,,,,,
368,4,,,,,
369,4,,,,,
370,4,,,,,
371,4,Evangelist,2010-2015,Kainantu,Town,Sobima
372,4,,,,,
373,4,,,,,
374,4,,,,,
375,4,PARISH PASTOR,2004-2008,KOTE,HUBE,DOPI
376,4,LECTURER,2006-2011,,,LOGAWENG SERMINARY
377,4,PASTOR,2014-2021,GOROKA,BENA,KINTINU
378,4,,,,,
379,4,CHAPLAIN,2019-2024,,BALOB TEACHERS COLLEGE,BALOB TEACHERS COLLEGE
380,4,,,,,
381,4,,,,,
382,4,Evangelist,1997-2021,Immanuel,wabi,Wagolu
383,4,Missonary,2016,Bavaria,Landshut,Parish
384,4,,,,,
385,4,,,,,
386,4,,,,,
387,4,,,,,
388,4,,,,,
389,4,,,,,
390,4,,,,,
391,4,,,,,
392,4,,,,,
393,4,Evangelist,2000-Current,Kainantu,Raipinka,Jomuna
394,4,,,,,
395,4,,,,,
396,4,,,,,
397,4,,,,,
398,4,Evangelist,Twenty years,Kainantu,Tenta,Nanda Parish
399,4,,2022-2023,Kainantu,Raipinka,Mabauko
400,4,Evangelism,2017-2023,Kainantu,Raipinka,Jemuza
401,4,,,,,
402,4,,,,,
403,4,PASTOR,2010-2024,JIWAKA,DAWOO,MAMRE
404,4,Krister Education,1990,Kainantu,Raipinka,
405,4,,,,,
406,4,,,,,
407,4,Parish President,2004-2014,Kainantu,Raipinka,Ijorina Parish
408,4,Geenral Church Secretary,2010-2016,,ELCPNG,
409,4,,,,,
410,4,Seket Sunday School,1993,Kainantu,Finintugu,Naila
411,4,,,,,
412,4,,,,,
413,4,,,,,
414,4,Hetman,2019,Obura Wan,Town Circuit,Bundaera
415,4,,,,,
416,4,,,,,
417,4,Evangelist,2021,Kainantu,Raipinka,Inzorina Parish
418,4,,,,,
419,4,,,,,
420,4,,,,,
421,4,,,,,
422,4,,,,,
423,4,,,,,
424,4,,,,,
425,4,Pastor,1998-2000,Kainantu,Finintugu,Loa Duna Paris
426,4,,,,,
427,4,,,,,
428,4,Pastor,2001,Kainantu,Finituge,Numuyage
429,4,Pastor,2005-2012,Kainantu,Finintugu,Naula Parish-Parish
430,4,Good news Director,2016,,,
431,4,Good news Director,2016,Kainantu,Finintugu,"Sky, Naira"
432,4,Pastor,2004,Simbu,Monono,Station Congregation
433,4,PASTOR,2022-2023,JIWAKA,BANZ,GAWAI
434,4,,,,,
435,4,,,Chimbu,Kup,Mgurumu
436,4,,2019-2021,Kainantu,Finitugu,Kzimarena
437,4,,,,,
438,4,Chaplain-Onerunka Sec,2021-2023,Kainantu,Raipinka,Nerunka Secondary
439,4,Chaplin,2022,Kainantu,Finintugu,Kzinare
440,4,LECTURE,2017-2024,,,INSTITUTION
441,4,,,,,
442,4,,,,,
443,4,,,,,
444,4,,,,,
445,4,,,,,
446,4,PARISH PASTOR,1998-2003,JIWAKA,KEROWAGI,
447,4,,,,,
448,4,Pastor,2018-2023,Kainantu,Taun,St. Timothy Aiyura
449,4,,,,,
450,4,PASTOR,2017-2022,HAGEN,ALKENA,
451,4,,,,,
452,4,,,,,
453,4,PASTOR,2015-2020,JIWAKA,,
454,4,,,,,
455,4,Wok Pastor,2012-2018,Kainntu,Raipinka,Sbuna
456,4,PASTOR,2022,JIWAKA,KEROWAGI,MT ZION
457,4,,,,,
458,4,,,,,
459,4,,,,,
460,4,,,,,
461,4,,,,,
462,4,Pastor,2020-2022,Kainantu,Finintugu,Kizimarena
463,4,,,,,
464,4,CHAPLAIN,2012-2023,JIWAKA,KOL,
465,4,,,,,
466,4,Pastor,1993-2002,Goroka,Bena,Rintebe
467,4,PASTOR,2012-2023,JIWAKA,KOL,
468,4,Evangelist,1995-1998,Kainantu,Raipinka,Zomuna
469,4,PASTOR,2023,HAGEN,,
470,4,PARISH PASTOR,2021,JIWAKA,KUMA,
471,4,,,,,
472,4,,,,,
473,4,Evangelist,2016~2024,Immanuel,Wabi,Yaware
474,4,.,2019~2024,.,.,Lakirq
475,4,,,,,
476,4,,,,,
477,4,,,,,
478,4,,,,,
479,4,,,,,
480,4,,,,,
481,4,,,,,
482,4,,,,,
483,4,,,,,
484,4,,,,,
485,4,,,,,
486,4,Evangelist,2014-2014-2024,Immanuel,Tiripini,Calvary
487,4,Evangelist,2000-2005,Immanuel,Wabi,Sumi/ Maruisa
488,4,Seminary,1989-1993,LHS,Mt Hagen,Semenary
489,4,Evangelist,2023-2024,Immanuel,Mendi,Pundia Parish
490,4,,,,,
491,4,,,,,
492,4,Evangelist,2000-2024,Immanuel,Imbongu,Kumletol
493,4,Evangelist,1989-1983,Kote,Garaina,Bialu
494,4,,,,,
495,4,,,,,
496,4,,,,,
497,4,,,,,
498,4,,,,,
499,4,,,,,
500,4,,,,,
501,4,Evangelist and Carpenter,1984-1984,Immanuel,Mendi,Mendi Town
502,4,,,,,
503,4,,,,,
504,4,Pastor,2000-2003,Kainantu,Raipinka,Kurina
505,4,Chaplain Teacher,2010-2014,Rintebe Lutheran High School,Bena Seket,Goroka District
506,4,Chaplain Teacher,2010-2014,Rintebe Lutheran High School,Bena Seket,Goroka District
507,4,,,,,
508,4,PASTOR,2007,JIWAKA,DAWOO,MANGA
509,4,PASTOR,2001,,,
510,4,PASTOR,1998-2006,JIWAKA,BANZ,
511,4,EVANGELIST,2000-2001,JIWAKA,,
512,4,,,,,
513,4,,2018-2023,JIWAKA,DAWOO,KONDUWILL
514,4,Study AT,2012-2017,Seminary,Ogelbeng,
515,4,EVANGELIST,2023,JIWAKA,BANZ,BANZA
516,4,,,,,
517,4,,,,,
518,4,,,,,
519,4,,,,,
520,4,President Chairman,2024,Papua,Western,Western Circuit
521,4,EVANGELIST,1998-2000,JIWAKA,KUMA,
522,4,,,,,
523,4,Evangelist,2019-2024,Immanuel,Tiripini,Yaro
524,4,,,,,
525,4,,,,,
526,4,,,,,
527,4,Evangelist,2008,Immanuel,Mendi,Komia Parish
528,4,EVANGELIST,2000,,,MARIMARI
529,4,EVANGELIST,2001-2015,JIWAKA,TRINITY,
530,4,,,,,
1,5,,,,,
2,5,Pastor,2014,Yabim,Yabim,Bethlehem
3,5,,,,,
4,5,,,,,
5,5,,,,,
6,5,,,,,
7,5,,,,,
8,5,,,,,
9,5,,,,,
10,5,Evangelist ,1992 - 19997,SIMBU,DUMA GOMIA,Kasuo
11,5,,,,,
12,5,,,,,
13,5,Evangelist ,1990,Simbu ,Monono,Dirom 
14,5,,,,,
15,5,,,,,
16,5,,,,,
17,5,,,,,
18,5,pastor ,2018,east simbu, mu,sulo
19,5,,,,,
20,5,,,,,
21,5,Evn,2016-2023,karkar,bagiai,buroi
22,5,,,,,
23,5,,,,,
24,5,,,,,
25,5,,,,,
26,5,,,,,
27,5,,,,,
28,5,Secretary ,2016-20,Jiwaka ,Trinity ,Jiwaka District 
29,5,Presiden,2001-2008,kainantu,lihona,seket
30,5,,,,,
31,5,,,,,
32,5,,,,,
33,5,,,,,
34,5,,,,,
35,5,,,,,
36,5,,,,,
37,5,,,,,
38,5,,,,,
39,5,Pastor ,2022,Siassi ,Aimalu ,Arot
40,5,,,,,
41,5,,,,,
42,5,,,,,
43,5,,,,,
44,5,,,,,
45,5,,2014- 2018,Chimbu,Omkoiai,Omkoiai
46,5,,,,,
47,5,,,,,
48,5,Evangelist ,siroy,Madang,Bongu,Siroy 
49,5,,,,,
50,5,,,,,
51,5,,,,,
52,5,,,,,
53,5,,,,,
54,5,,,,,
55,5,,,,,
56,5,,,,,
57,5,,,,,
58,5,,,,,
59,5,,,,,
60,5,,,,,
61,5,,,,,
62,5,,,,,
63,5,,,,,
64,5,,,,,
65,5,,,,,
66,5,,,,,
67,5,,,,,
68,5,Vias Siaman,2000-03,Karkar ,Bagiai,Kanab 
69,5,,,,,
70,5,,,,,
71,5,,,,,
72,5,,,,,
73,5,Gutnius Dir,2023,District ,siti seket ,Hagen Siti seket
74,5,Evn,2015-2023,Goroka,fayantina,Henaru Riwo
75,5,,,,,
76,5,,,,,
77,5,,,,,
78,5,,,,,
79,5,,,,,
80,5,,,,,
81,5,,,,,
82,5,Pastor ,2003,yabim,Kaiapit,wantung
83,5,,,,,
84,5,,,,,
85,5,,,,,
86,5,,,,,
87,5,,,,,
88,5,,,,,
89,5,,,,,
90,5,,,,,
91,5,,,,,
92,5,,,,,
93,5,,,,,
94,5,,,,,
95,5,,,,,
96,5,,,,,
97,5,,,,,
98,5,,,,,
99,5,,,,,
100,5,,,,,
101,5,DistrictYouth President,2011-Current,East Simbu,,
102,5,,,,,
103,5,,,,,
104,5,,,,,
105,5,,,,,
106,5,Tabibuga Care-taker President,2020,JIwaka,Tabibuga,
107,5,,,,,
108,5,,,,,
109,5,,,,,
110,5,,,,,
111,5,,,,,
112,5,,,,,
113,5,Evangelist,2011- Current,Boana,,Fahintes Parish
114,5,,,,,
115,5,,,,,
116,5,,,,,
117,5,Ps,2018-21,Simbu,Gaidama,Gaidama
118,5,,,,,
119,5,,,,,
120,5,,,,,
121,5,,,,,
122,5,,,,,
123,5,,,,,
124,5,,,,,
125,5,,,,,
126,5,,,,,
127,5,,,,,
128,5,,,,,
129,5,,,,,
130,5,,,,,
131,5,,,,,
132,5,,,,,
133,5,,,,,
134,5,,,,,
135,5,Chaplain,2021-2024,Simbu,Wandi H/Shool,Ega Circuit
136,5,,,,,
137,5,,,,,
138,5,,,,,
139,5,,,,,
140,5,,,,,
141,5,,,,,
142,5,,,,,
143,5,,,,,
144,5,,,,,
145,5,Chaplin ,2002-07,Simbu ,Towando ,Muaina Sec Sch
146,5,Pastor,2011-2024,Immanuel,Ialibu,Yalo Parish
147,5,,,,,
148,5,,,,,
149,5,,,,,
150,5,,,,,
151,5,,,,,
152,5,,,,,
153,5,,,,,
154,5,Seket Pre,2004-08,Simbu ,Monono,
155,5,,,,,
156,5,,,,,
157,5,,,,,
158,5,,,,,
159,5,,,,,
160,5,,,,,
161,5,,,,,
162,5,,,,,
163,5,,,,,
164,5,,,,,
165,5,,,,,
166,5,,,,,
167,5,,,,,
168,5,Pastor ,2024-2028,Yabim,Aseki ,Tawa
169,5,,,,,
170,5,,,,,
171,5,,,,,
172,5,,,,,
173,5,,,,,
174,5,,,,,
175,5,,,,,
176,5,,,,,
177,5,,,,,
178,5,,,,,
179,5,,,,,
180,5,,,,,
181,5,,,,,
182,5,,,,,
183,5,EST.KING CIRCUIT,2018,EAST SIMBU,,SUAI LLG
184,5,,,,,
185,5,,,,,
186,5,,,,,
187,5,,2019,,,
188,5,,,,,
189,5,,,,,
190,5,,,,,
191,5,,,,,
192,5,,,,,
193,5,,,,,
194,5,,,,,
195,5,,,,,
196,5,,,,,
197,5,Evagelism,1988-96,Goroka,Town,
198,5,,,,,
199,5,CIRCUIT PRESIDENT,2019-2024,KOTE,GARAINA,GARAINA
200,5,Seket President,2019-2023,Henganofi,Finitugu,Kamanotina
201,5,,,,,
202,5,,,,,
203,5,,,,,
204,5,PASTOR,2014,YABIM,YABIM,BETHLEHEM
205,5,,,,,
206,5,,,,,
207,5,Ponampa/Tenta,2018-2023,Kainantu,Ponampa,18 Congretaion
208,5,Head Evangelist,2012-2023,Kainantu,Riapinka,Imune Paris
209,5,,,,,
210,5,CHAPLAIN,2017-2023,,,BRAUN HOSPITAL
211,5,,,,,
212,5,STUDENT COUNSELOR,2009-2013,JABEM,LAE CITY,PNG UNITECH
213,5,,,,,
214,5,,,,,
215,5,PASTOR,2010,KOTA,HAGEN,REIKU
216,5,,,,,
217,5,TEACHER/P,1992-1999,BANZ COLLAGE,JIWAKA,JIWAKA
218,5,,,,,
219,5,,,,,
220,5,,,,,
221,5,,,,,
222,5,,,,,
223,5,,,,,
224,5,,,,,
225,5,,,,,
226,5,,,,,
227,5,,,,,
228,5,GUTNIUS DIRECTOR,2023-2024,KOTE,KOTE DISTRICT,
229,5,,,,,
230,5,,,,,
231,5,Pastor,2001-2002,Immanuel,Mendi,"Karel, Riping"
232,5,,,,,
233,5,,,,,
234,5,,,,,
235,5,,,,,
236,5,Bus Divisio-Secretaryn,2023,,,
237,5,,,,,
238,5,Short course Evagelist,2022-2023,Kianantu,Raipinka,Mako & Bush Division
239,5,,,,,
240,5,,,,,
241,5,,,,,
242,5,,,,,
243,5,,,,,
244,5,,,,,
245,5,,,,,
246,5,,,,,
247,5,,,,,
248,5,,,,,
249,5,,,,,
250,5,,,,,
251,5,DISTRICT PRESIDENT,2002-2005,,,
252,5,,,,,
253,5,PASTOR,2015-2023,KOTE,SATTELBERG,SASIBONA
254,5,,,,,
255,5,CHAPLAIN,2020-2024,YABIM,LAE CITY,ANGAU HOSPITAL
256,5,,,,,
257,5,,,,,
258,5,,,,,
259,5,,,,,
260,5,,,,,
261,5,Pastor,2014-2006,Yabem,Buang,Bulandem Parish
262,5,,,,,
263,5,,,,,
264,5,,,,,
265,5,,,,,
266,5,,,,,
267,5,,,,,
268,5,,,,,
269,5,,,,,
270,5,,,,,
271,5,,,,,
272,5,,,,,
273,5,,,,,
274,5,,,,,
275,5,,,,,
276,5,,,,,
277,5,,,,,
278,5,,,,,
279,5,,,,,
280,5,Evangelist,1999,Kainantu,Kambaidam,Kuranka
281,5,,,,,
282,5,,,,,
283,5,,,,,
284,5,Evangelist,2023,Kainantu,Ambesiara,Ambesiara
285,5,,,,,
286,5,PASTOR,2019,KAINANTU,RAIPINKA,MABRUKO
287,5,Evangelist,2013,Kianantu,Kambaidam,Savasosa
288,5,,,,,
289,5,,,,,
290,5,,,,,
291,5,,,,,
292,5,,,,,
293,5,,,,,
294,5,Spetemba 18,1983,Gred Vesau,,
295,5,,,,,
296,5,,,,,
297,5,,,,,
298,5,,,,,
299,5,,,,,
300,5,,2013,Kainantu,Kambaidam,Savasasa
301,5,,,,,
302,5,,,,,
303,5,,,,,
304,5,,,,,
305,5,,,,,
306,5,,,,,
307,5,On Study,2020-2022,UOG,Goroka Town,
308,5,,,,,
309,5,,,,,
310,5,,,,,
311,5,,,,,
312,5,,,,,
313,5,Evangelist,2023-2024,Immanuel,Mendi,Uruma
314,5,,,,,
315,5,,,,,
316,5,,,,,
317,5,,,,,
318,5,,,,,
319,5,Pastor,2021,Hagen,Alkena,Wafmbulg
320,5,,,,,
321,5,,,,,
322,5,,,,,
323,5,,,,,
324,5,GUTNUIS DIRECTOR,2021-2023,KOTE,SATTELBERG,AGORORO
325,5,,,,,
326,5,,,,,
327,5,Yalu,2004-2010,Yabem,Lae,St Mathew
328,5,Evangelist,2017-2022,Kainantu,Finitugu,Kzimarena
329,5,,,,,
330,5,,,,,
331,5,,,,,
332,5,,,,,
333,5,,,,,
334,5,Teacher,2003-2006,Kentagl,Bible School,
335,5,,,,,
336,5,,,,,
337,5,,,,,
338,5,,,,,
339,5,,,,,
340,5,,2021-2025,Kote,Zaka,Duka
341,5,Pastor,2023,Kote,Quembung,Babuso
342,5,,,,,
343,5,,,,,
344,5,,2015-2019,KOTE,QUEMBUNG,
345,5,,,,,
346,5,PASTOR,2005-2010,KOTE,SATTELBERG,KITAKA
347,5,,,,,
348,5,,,,,
349,5,,,,,
350,5,,,,,
351,5,,,,,
352,5,,,,,
353,5,,,,,
354,5,PASTOR/PRESIDENT,2017-2024,KOTE,ZAKA,
355,5,,,,,
356,5,,,,,
357,5,,,,,
358,5,,,,,
359,5,,,,,
360,5,,,,,
361,5,EVANGELIST,2000-2014,KOTE,SATTELBERG,WEMO
362,5,,,,,
363,5,,,,,
364,5,,,,,
365,5,,,,,
366,5,EVANGELIST,2018-2024,KOTE,SATTELBERG,WEMO
367,5,,,,,
368,5,,,,,
369,5,,,,,
370,5,,,,,
371,5,Evangelist,2017-2023,Kainantu,Town,Kote
372,5,,,,,
373,5,,,,,
374,5,,,,,
375,5,CHAPLAIN,2009-2023,KOTE,HUBE,PINDIU HIGH SCHOOL
376,5,PASTOR,2015-2021,SIMBU,TOWANDONG,AINA
377,5,,,,,
378,5,,,,,
379,5,,,,,
380,5,,,,,
381,5,,,,,
382,5,Evangelist,2022,Immanuel,wabi,Wanere
383,5,Lecturer,2024,Hagen,Ogelbeng,Ogelbeng
384,5,,,,,
385,5,,,,,
386,5,,,,,
387,5,,,,,
388,5,,,,,
389,5,,,,,
390,5,,,,,
391,5,,,,,
392,5,,,,,
393,5,,,,,
394,5,,,,,
395,5,,,,,
396,5,,,,,
397,5,,,,,
398,5,,,,,
399,5,,,,,
400,5,,,,,
401,5,,,,,
402,5,,,,,
403,5,,,,,
404,5,Evangelist,1993,Kainantu,Raipinka,Jamuna
405,5,,,,,
406,5,,,,,
407,5,District Master-Was papa,2014-2023,,,
408,5,Kainantu District Advisor,2017,,,
409,5,,,,,
410,5,Evangelist,2003,Kainantu,Finintugu,Naila
411,5,,,,,
412,5,,,,,
413,5,,,,,
414,5,,,,,
415,5,,,,,
416,5,,,,,
417,5,Youth Coordinator,2023,Kainantu,,
418,5,,,,,
419,5,,,,,
420,5,,,,,
421,5,,,,,
422,5,,,,,
423,5,,,,,
424,5,,,,,
425,5,Circuit President,2001-2008,Kainantu,Lihona,Circuit
426,5,,,,,
427,5,,,,,
428,5,Pastor,2007-2023,Kainantu,Tenta,Noraenta
429,5,Parish Pastor,2014-2016,Goroka,Fayantina,Riwo Parish
430,5,,,,,
431,5,,,,,
432,5,Pastor,2016,Kainantu,Finintugu,Numazag-Congregation
433,5,,,,,
434,5,,,,,
435,5,,,,,
436,5,,2022-2023,Kainantu,Ponampa,Division
437,5,,,,,
438,5,,,,,
439,5,,,,,
440,5,,,,,
441,5,,,,,
442,5,,,,,
443,5,,,,,
444,5,,,,,
445,5,,,,,
446,5,CHAPLAIN,2004,JIWAKA,KEROWAGI,
447,5,,,,,
448,5,,,,,
449,5,,,,,
450,5,PASTOR,2022-2023,HAGEN,KOTNA,
451,5,,,,,
452,5,,,,,
453,5,DISTRICT PRESIDENT,2020-2024,JIWAKA,,
454,5,,,,,
455,5,,,,,
456,5,,,,,
457,5,,,,,
458,5,,,,,
459,5,,,,,
460,5,,,,,
461,5,,,,,
462,5,Pastor,2022-2023,Kainantu,Ponampa,Division
463,5,,,,,
464,5,PARISH PASTOR,2023,JIWAKA,KOL,
465,5,,,,,
466,5,Circuit President,2003-2009,Goroka,Bena,Circuit
467,5,PASTOR,2023,JIWAKA,KOL,
468,5,Pastor,2011-2023,Kainantu,Raipinka,Zomuna
469,5,,,,,
470,5,PARISH PASTOR,2022,JIWAKA,KUMA,
471,5,,,,,
472,5,,,,,
473,5,,,,,
474,5,,,,,
475,5,,,,,
476,5,,,,,
477,5,,,,,
478,5,,,,,
479,5,,,,,
480,5,,,,,
481,5,,,,,
482,5,,,,,
483,5,,,,,
484,5,,,,,
485,5,,,,,
486,5,Evangelist and Chairman,2014-2024,Immanuel,Tiripini,Calvary
487,5,Evangelist,2006-2015,Immanuel,Wabi,Sumi/ Yaware
488,5,Pastor,1994-2024,Emanuel,Mendi,Karel Parish
489,5,,,,,
490,5,,,,,
491,5,,,,,
492,5,,,,,
493,5,Evangelist,1984-1988,Immanuel,Tiripini,Leka
494,5,,,,,
495,5,,,,,
496,5,,,,,
497,5,,,,,
498,5,,,,,
499,5,,,,,
500,5,,,,,
501,5,Sekey President,1997-2006,Immanuel,Mendi,Mendi town
502,5,,,,,
503,5,,,,,
504,5,Pastor,2004-2007,Kianantu,Town,Ataru
505,5,Teacher/Pastor,2017,Jiwaka,Dawo Seket,
506,5,Teacher/Pastor,2017,Jiwaka,Dawo Seket,
507,5,,,,,
508,5,PASTOR,2020,JIWAKA,DAWOO,KONDUGL
509,5,CHAPLIAN,2006,,,
510,5,DISTRICT PRESIDENT,2007-2014,JIWAKA,JIWAKA,
511,5,,2018-2021,JIWAKA,,
512,5,,,,,
513,5,,,,,
514,5,,2018,,,
515,5,,,,,
516,5,,,,,
517,5,,,,,
518,5,,,,,
519,5,,,,,
520,5,,,,,
521,5,EVANGELIST,2001-2006,JIWAKA,WOKMISIN,
522,5,,,,,
523,5,,,,,
524,5,,,,,
525,5,,,,,
526,5,,,,,
527,5,Evangelist,2010-2016,Immanuel,Mendi,Kirila
528,5,EVANGELIST,2024,,,OLAKARI
529,5,SECRETARY,2016-2010,JIWAKA,TRINITY,
530,5,,,,,
1,6,,,,,
2,6,Chaplain,2020,Yabim,Lae City,Buimo CIS
3,6,,,,,
4,6,,,,,
5,6,,,,,
6,6,,,,,
7,6,,,,,
8,6,,,,,
9,6,,,,,
10,6,Evangelist,1890 - 1992,SIMBU,DUMA GOMIA,Chuave Compound
11,6,,,,,
12,6,,,,,
13,6,,,,,
14,6,,,,,
15,6,,,,,
16,6,,,,,
17,6,,,,,
18,6,pastor,2023,east simbu,sekum,du kere
19,6,,,,,
20,6,,,,,
21,6,,,,,
22,6,,,,,
23,6,,,,,
24,6,,,,,
25,6,,,,,
26,6,,,,,
27,6,,,,,
28,6,Secretary ,2022-23,Jiwaka ,Trinity ,Trinity 
29,6,Presiden,2009-2019,kainantu,lihona,seket
30,6,,,,,
31,6,,,,,
32,6,,,,,
33,6,,,,,
34,6,,,,,
35,6,,,,,
36,6,,,,,
37,6,,,,,
38,6,,,,,
39,6,Dist Gutnius Director ,2023,,,
40,6,,,,,
41,6,,,,,
42,6,,,,,
43,6,,,,,
44,6,,,,,
45,6,,2019-2023,Jabem ,Lae City,Benong Parish 
46,6,,,,,
47,6,,,,,
48,6,,,,,
49,6,,,,,
50,6,,,,,
51,6,,,,,
52,6,,,,,
53,6,,,,,
54,6,,,,,
55,6,,,,,
56,6,,,,,
57,6,,,,,
58,6,,,,,
59,6,,,,,
60,6,,,,,
61,6,,,,,
62,6,,,,,
63,6,,,,,
64,6,,,,,
65,6,,,,,
66,6,,,,,
67,6,,,,,
68,6,Pastor ,2003-05,Karkar,Tagub ,Kebasob
69,6,,,,,
70,6,,,,,
71,6,,,,,
72,6,,,,,
73,6,,,,,
74,6,,,,,
75,6,,,,,
76,6,,,,,
77,6,,,,,
78,6,,,,,
79,6,,,,,
80,6,,,,,
81,6,,,,,
82,6,Pastor ,2012,yabim,Aseri ,Okapu 
83,6,,,,,
84,6,,,,,
85,6,,,,,
86,6,,,,,
87,6,,,,,
88,6,,,,,
89,6,,,,,
90,6,,,,,
91,6,,,,,
92,6,,,,,
93,6,,,,,
94,6,,,,,
95,6,,,,,
96,6,,,,,
97,6,,,,,
98,6,,,,,
99,6,,,,,
100,6,,,,,
101,6,,,,,
102,6,,,,,
103,6,,,,,
104,6,,,,,
105,6,,,,,
106,6,Tabibuga Circuit President,2021- Current,Jiwaka,Tabibuga,
107,6,,,,,
108,6,,,,,
109,6,,,,,
110,6,,,,,
111,6,,,,,
112,6,,,,,
113,6,,,,,
114,6,,,,,
115,6,,,,,
116,6,,,,,
117,6,Ps ,2022-24,Simbu,KK,KK
118,6,,,,,
119,6,,,,,
120,6,,,,,
121,6,,,,,
122,6,,,,,
123,6,,,,,
124,6,,,,,
125,6,,,,,
126,6,,,,,
127,6,,,,,
128,6,,,,,
129,6,,,,,
130,6,,,,,
131,6,,,,,
132,6,,,,,
133,6,,,,,
134,6,,,,,
135,6,,,,,
136,6,,,,,
137,6,,,,,
138,6,,,,,
139,6,,,,,
140,6,,,,,
141,6,,,,,
142,6,,,,,
143,6,,,,,
144,6,,,,,
145,6,Chaplin ,2008-24,Simbu ,Kundiawa Hospital,
146,6,,,,,
147,6,,,,,
148,6,,,,,
149,6,,,,,
150,6,,,,,
151,6,,,,,
152,6,,,,,
153,6,,,,,
154,6,Chaplin,2009-14,Simbu ,Monono,Yauwe Moses Sec
155,6,,,,,
156,6,,,,,
157,6,,,,,
158,6,,,,,
159,6,,,,,
160,6,,,,,
161,6,,,,,
162,6,,,,,
163,6,,,,,
164,6,,,,,
165,6,,,,,
166,6,,,,,
167,6,,,,,
168,6,,,,,
169,6,,,,,
170,6,,,,,
171,6,,,,,
172,6,,,,,
173,6,,,,,
174,6,,,,,
175,6,,,,,
176,6,,,,,
177,6,,,,,
178,6,,,,,
179,6,,,,,
180,6,,,,,
181,6,,,,,
182,6,,,,,
183,6,EST.KINGS,2019,EAST SIMBU,KINGS,SUAI LLG
184,6,,,,,
185,6,,,,,
186,6,,,,,
187,6,,2020,,,
188,6,,,,,
189,6,,,,,
190,6,,,,,
191,6,,,,,
192,6,,,,,
193,6,,,,,
194,6,,,,,
195,6,,,,,
196,6,,,,,
197,6,Evagelism,1997-2023,Kainantu,Raipinka,
198,6,,,,,
199,6,,,,,
200,6,,,,,
201,6,,,,,
202,6,,,,,
203,6,,,,,
204,6,CHAPLAIN,2020,YABIM,LAE CITY,BUIMO PRISON
205,6,,,,,
206,6,,,,,
207,6,Partnership,,,&,
208,6,,,,,
209,6,,,,,
210,6,,,,,
211,6,,,,,
212,6,SECRETARY,2014-2020,EVANGELISM DEPARTMENT,ELCPNG,
213,6,,,,,
214,6,,,,,
215,6,PASTOR,2020,HAGEN,ALKENA,PABRAGE
216,6,,,,,
217,6,PASTOR,2000-2004,KOTE,SATTELBERG,ZAMESA
218,6,,,,,
219,6,,,,,
220,6,,,,,
221,6,,,,,
222,6,,,,,
223,6,,,,,
224,6,,,,,
225,6,,,,,
226,6,,,,,
227,6,,,,,
228,6,,,,,
229,6,,,,,
230,6,,,,,
231,6,Pastor,2003-2007,Immanuel,Imbongu,"Gluten, Yombi"
232,6,,,,,
233,6,,,,,
234,6,,,,,
235,6,,,,,
236,6,,,,,
237,6,,,,,
238,6,,,,,
239,6,,,,,
240,6,,,,,
241,6,,,,,
242,6,,,,,
243,6,,,,,
244,6,,,,,
245,6,,,,,
246,6,,,,,
247,6,,,,,
248,6,,,,,
249,6,,,,,
250,6,,,,,
251,6,PASTOR,2006-2024,KOTE,ZAKA,
252,6,,,,,
253,6,,,,,
254,6,,,,,
255,6,,,,,
256,6,,,,,
257,6,,,,,
258,6,,,,,
259,6,,,,,
260,6,,,,,
261,6,Chaplain,2017-2021,Yabem,Kaintiba,Bema High School
262,6,,,,,
263,6,,,,,
264,6,,,,,
265,6,,,,,
266,6,,,,,
267,6,,,,,
268,6,,,,,
269,6,,,,,
270,6,,,,,
271,6,,,,,
272,6,,,,,
273,6,,,,,
274,6,,,,,
275,6,,,,,
276,6,,,,,
277,6,,,,,
278,6,,,,,
279,6,,,,,
280,6,Evangelist,2018,Kainantu,Kambaidam,St Moris
281,6,,,,,
282,6,,,,,
283,6,,,,,
284,6,Evangelist,2009,Kainantu,Ambesia,Arau 2
285,6,,,,,
286,6,PASTOR,2021,KAINANTU,FININTUGU,KAMANONTINA
287,6,Evangelist,2016,Kianantu,Kambaidam,Kuranka
288,6,,,,,
289,6,,,,,
290,6,,,,,
291,6,,,,,
292,6,,,,,
293,6,,,,,
294,6,Evangelist,1986-2023,,,
295,6,,,,,
296,6,,,,,
297,6,,,,,
298,6,,,,,
299,6,,,,,
300,6,,2016,Kainantu,Kambaidam,Kuranka
301,6,,,,,
302,6,,,,,
303,6,,,,,
304,6,,,,,
305,6,,,,,
306,6,,,,,
307,6,Chaplain,2023,Goroka,Goroka Town,Goroka Base Hospital
308,6,,,,,
309,6,,,,,
310,6,,,,,
311,6,,,,,
312,6,,,,,
313,6,,,,,
314,6,,,,,
315,6,,,,,
316,6,,,,,
317,6,,,,,
318,6,,,,,
319,6,,,,,
320,6,,,,,
321,6,,,,,
322,6,,,,,
323,6,,,,,
324,6,SEKET PRESIDENT,2023-2024,KOTE,SATTELBERG,WEMO
325,6,,,,,
326,6,,,,,
327,6,Labu,2011-2017,Yabem,Lae,St Kelamu
328,6,Evagelist,2023,Kainantu,Finitugu,Naila Paris
329,6,,,,,
330,6,,,,,
331,6,,,,,
332,6,,,,,
333,6,,,,,
334,6,Pastor,2007,Hagen,,
335,6,,,,,
336,6,,,,,
337,6,,,,,
338,6,,,,,
339,6,,,,,
340,6,,,,,
341,6,,,,,
342,6,,,,,
343,6,,,,,
344,6,,2021-2024,KOTE,QUEMBUNG,
345,6,,,,,
346,6,,2014-2015,,,
347,6,,,,,
348,6,,,,,
349,6,,,,,
350,6,,,,,
351,6,,,,,
352,6,,,,,
353,6,,,,,
354,6,,,,,
355,6,,,,,
356,6,,,,,
357,6,,,,,
358,6,,,,,
359,6,,,,,
360,6,,,,,
361,6,EVANGELIST,2015-2018,SIMBU,OMKOLAI,WIKAUMA
362,6,,,,,
363,6,,,,,
364,6,,,,,
365,6,,,,,
366,6,,,,,
367,6,,,,,
368,6,,,,,
369,6,,,,,
370,6,,,,,
371,6,,,,,
372,6,,,,,
373,6,,,,,
374,6,,,,,
375,6,,,,,
376,6,,,,,
377,6,,,,,
378,6,,,,,
379,6,,,,,
380,6,,,,,
381,6,,,,,
382,6,,,,,
383,6,,,,,
384,6,,,,,
385,6,,,,,
386,6,,,,,
387,6,,,,,
388,6,,,,,
389,6,,,,,
390,6,,,,,
391,6,,,,,
392,6,,,,,
393,6,,,,,
394,6,,,,,
395,6,,,,,
396,6,,,,,
397,6,,,,,
398,6,,,,,
399,6,,,,,
400,6,,,,,
401,6,,,,,
402,6,,,,,
403,6,,,,,
404,6,,,,,
405,6,,,,,
406,6,,,,,
407,6,,,,,
408,6,Bible Study,2017,,,Raipinka
409,6,,,,,
410,6,,,,,
411,6,,,,,
412,6,,,,,
413,6,,,,,
414,6,,,,,
415,6,,,,,
416,6,,,,,
417,6,,,,,
418,6,,,,,
419,6,,,,,
420,6,,,,,
421,6,,,,,
422,6,,,,,
423,6,,,,,
424,6,,,,,
425,6,Circuit Pastor,2009-2019,Kainantu,Lihona,Circuit
426,6,,,,,
427,6,,,,,
428,6,,,,,
429,6,Parish Pastor,2029-2021,Goroka,Fayantina,Ismael Parish
430,6,,,,,
431,6,,,,,
432,6,Pastor,2021,Kainantu,Finintugu,Oyamari-Congregation
433,6,,,,,
434,6,,,,,
435,6,,,,,
436,6,,,,,
437,6,,,,,
438,6,,,,,
439,6,,,,,
440,6,,,,,
441,6,,,,,
442,6,,,,,
443,6,,,,,
444,6,,,,,
445,6,,,,,
446,6,STUDENT,2005,,,
447,6,,,,,
448,6,,,,,
449,6,,,,,
450,6,,,,,
451,6,,,,,
452,6,,,,,
453,6,,,,,
454,6,,,,,
455,6,,,,,
456,6,,,,,
457,6,,,,,
458,6,,,,,
459,6,,,,,
460,6,,,,,
461,6,,,,,
462,6,Elected District Good News Director,2023,,,
463,6,,,,,
464,6,,,,,
465,6,,,,,
466,6,Good News-Cordinator,2010-2023,Kainantu,Ponampa,Circuit
467,6,,,,,
468,6,,,,,
469,6,,,,,
470,6,PARISH PASTOR,2023,JIWAKA,KUMA,
471,6,,,,,
472,6,,,,,
473,6,,,,,
474,6,,,,,
475,6,,,,,
476,6,,,,,
477,6,,,,,
478,6,,,,,
479,6,,,,,
480,6,,,,,
481,6,,,,,
482,6,,,,,
483,6,,,,,
484,6,,,,,
485,6,,,,,
486,6,"Evangelist, Parish Chairman, School Chairman",202-12024,,,Koyabu Lutheran Primary
487,6,,,,,
488,6,,,,,
489,6,,,,,
490,6,,,,,
491,6,,,,,
492,6,,,,,
493,6,Evangelist,1989-2005,Immanuel,Tiripini,Yungili
494,6,,,,,
495,6,,,,,
496,6,,,,,
497,6,,,,,
498,6,,,,,
499,6,,,,,
500,6,,,,,
501,6,Evangelist,2007-2024,Immanuel,Mendi,Karel Parish
502,6,,,,,
503,6,,,,,
504,6,Sarlin,2008-2014,Kainantu,Raipinka,Onerunka High  School
505,6,Ass Pastor,2018-2019,Hagen District,Kotna Seket District,Seket
506,6,Ass Pastor,2018-2019,Hagen District,Kotna Seket District,Seket
507,6,,,,,
508,6,,,,,
509,6,LECTURER,2019,,,
510,6,PASTOR,2016-2020,JIWAKA,DAWOO,
511,6,EVANGELIST,2023,JIWAKA,,
512,6,,,,,
513,6,,,,,
514,6,Pastor,2023,Kainantu,Lihona,Yagafonave
515,6,,,,,
516,6,,,,,
517,6,,,,,
518,6,,,,,
519,6,,,,,
520,6,,,,,
521,6,EVANGELIST,2007-2010,JIWAKA,KUMA,
522,6,,,,,
523,6,,,,,
524,6,,,,,
525,6,,,,,
526,6,,,,,
527,6,Evangelist,2017-2024,Immanuel,Mendi,Birop Congregation
528,6,,,,,
529,6,SECTRETARY,2020-2023,JIWAKA,TRINITY,
530,6,,,,,
1,7,,,,,
2,7,,,,,
3,7,,,,,
4,7,,,,,
5,7,,,,,
6,7,,,,,
7,7,,,,,
8,7,,,,,
9,7,,,,,
10,7,,,,,
11,7,,,,,
12,7,,,,,
13,7,,,,,
14,7,,,,,
15,7,,,,,
16,7,,,,,
17,7,,,,,
18,7,,,,,
19,7,,,,,
20,7,,,,,
21,7,,,,,
22,7,,,,,
23,7,,,,,
24,7,,,,,
25,7,,,,,
26,7,,,,,
27,7,,,,,
28,7,,,,,
29,7,Paris Presiden,2021-2023,kainantu,lihona,herave
30,7,,,,,
31,7,,,,,
32,7,,,,,
33,7,,,,,
34,7,,,,,
35,7,,,,,
36,7,,,,,
37,7,,,,,
38,7,,,,,
39,7,,,,,
40,7,,,,,
41,7,,,,,
42,7,,,,,
43,7,,,,,
44,7,,,,,
45,7,,,,,
46,7,,,,,
47,7,,,,,
48,7,,,,,
49,7,,,,,
50,7,,,,,
51,7,,,,,
52,7,,,,,
53,7,,,,,
54,7,,,,,
55,7,,,,,
56,7,,,,,
57,7,,,,,
58,7,,,,,
59,7,,,,,
60,7,,,,,
61,7,,,,,
62,7,,,,,
63,7,,,,,
64,7,,,,,
65,7,,,,,
66,7,,,,,
67,7,,,,,
68,7,Pastor ,2005-07,Karkar ,Tagub,Tulgui
69,7,,,,,
70,7,,,,,
71,7,,,,,
72,7,,,,,
73,7,,,,,
74,7,,,,,
75,7,,,,,
76,7,,,,,
77,7,,,,,
78,7,,,,,
79,7,,,,,
80,7,,,,,
81,7,,,,,
82,7,Pastor ,2016-2020,yabim,Sangang,Saking
83,7,,,,,
84,7,,,,,
85,7,,,,,
86,7,,,,,
87,7,,,,,
88,7,,,,,
89,7,,,,,
90,7,,,,,
91,7,,,,,
92,7,,,,,
93,7,,,,,
94,7,,,,,
95,7,,,,,
96,7,,,,,
97,7,,,,,
98,7,,,,,
99,7,,,,,
100,7,,,,,
101,7,,,,,
102,7,,,,,
103,7,,,,,
104,7,,,,,
105,7,,,,,
106,7,,,,,
107,7,,,,,
108,7,,,,,
109,7,,,,,
110,7,,,,,
111,7,,,,,
112,7,,,,,
113,7,,,,,
114,7,,,,,
115,7,,,,,
116,7,,,,,
117,7,,,,,
118,7,,,,,
119,7,,,,,
120,7,,,,,
121,7,,,,,
122,7,,,,,
123,7,,,,,
124,7,,,,,
125,7,,,,,
126,7,,,,,
127,7,,,,,
128,7,,,,,
129,7,,,,,
130,7,,,,,
131,7,,,,,
132,7,,,,,
133,7,,,,,
134,7,,,,,
135,7,,,,,
136,7,,,,,
137,7,,,,,
138,7,,,,,
139,7,,,,,
140,7,,,,,
141,7,,,,,
142,7,,,,,
143,7,,,,,
144,7,,,,,
145,7,,,,,
146,7,,,,,
147,7,,,,,
148,7,,,,,
149,7,,,,,
150,7,,,,,
151,7,,,,,
152,7,,,,,
153,7,,,,,
154,7,chaplin ,2015-24,Simbu ,Dumagome,Chuave Hospital
155,7,,,,,
156,7,,,,,
157,7,,,,,
158,7,,,,,
159,7,,,,,
160,7,,,,,
161,7,,,,,
162,7,,,,,
163,7,,,,,
164,7,,,,,
165,7,,,,,
166,7,,,,,
167,7,,,,,
168,7,,,,,
169,7,,,,,
170,7,,,,,
171,7,,,,,
172,7,,,,,
173,7,,,,,
174,7,,,,,
175,7,,,,,
176,7,,,,,
177,7,,,,,
178,7,,,,,
179,7,,,,,
180,7,,,,,
181,7,,,,,
182,7,,,,,
183,7,,,,,
184,7,,,,,
185,7,,,,,
186,7,,,,,
187,7,CHAPLAIN,2022,,KY,TVET
188,7,,,,,
189,7,,,,,
190,7,,,,,
191,7,,,,,
192,7,,,,,
193,7,,,,,
194,7,,,,,
195,7,,,,,
196,7,,,,,
197,7,,,,,
198,7,,,,,
199,7,,,,,
200,7,,,,,
201,7,,,,,
202,7,,,,,
203,7,,,,,
204,7,,,,,
205,7,,,,,
206,7,,,,,
207,7,Chairman,,,Tenta,12 Congregation
208,7,,,,,
209,7,,,,,
210,7,,,,,
211,7,,,,,
212,7,,,,,
213,7,,,,,
214,7,,,,,
215,7,,,,,
216,7,,,,,
217,7,DISTRICT PRESIDENT,2005-2010,KOTE,,
218,7,,,,,
219,7,,,,,
220,7,,,,,
221,7,,,,,
222,7,,,,,
223,7,,,,,
224,7,,,,,
225,7,,,,,
226,7,,,,,
227,7,,,,,
228,7,,,,,
229,7,,,,,
230,7,,,,,
231,7,Pastor,2008-2013,Immanuel,Mendi,"Anga, Lumbu"
232,7,,,,,
233,7,,,,,
234,7,,,,,
235,7,,,,,
236,7,,,,,
237,7,,,,,
238,7,,,,,
239,7,,,,,
240,7,,,,,
241,7,,,,,
242,7,,,,,
243,7,,,,,
244,7,,,,,
245,7,,,,,
246,7,,,,,
247,7,,,,,
248,7,,,,,
249,7,,,,,
250,7,,,,,
251,7,,,,,
252,7,,,,,
253,7,,,,,
254,7,,,,,
255,7,,,,,
256,7,,,,,
257,7,,,,,
258,7,,,,,
259,7,,,,,
260,7,,,,,
261,7,Goodnews Secretary,2022- 2024,Yabem,,Ampo. Yabem District Office.
262,7,,,,,
263,7,,,,,
264,7,,,,,
265,7,,,,,
266,7,,,,,
267,7,,,,,
268,7,,,,,
269,7,,,,,
270,7,,,,,
271,7,,,,,
272,7,,,,,
273,7,,,,,
274,7,,,,,
275,7,,,,,
276,7,,,,,
277,7,,,,,
278,7,,,,,
279,7,,,,,
280,7,,,,,
281,7,,,,,
282,7,,,,,
283,7,,,,,
284,7,Evangelist,2016,Kainantu,Ambesiara,St Moris
285,7,,,,,
286,7,PASTOR,2022,KAINANTU,FININTUGU,KAMANONTINA
287,7,Evangelist,2017,Kianantu,Kambaidam,Pupuia
288,7,,,,,
289,7,,,,,
290,7,,,,,
291,7,,,,,
292,7,,,,,
293,7,,,,,
294,7,,,,,
295,7,,,,,
296,7,,,,,
297,7,,,,,
298,7,,,,,
299,7,,,,,
300,7,,2017,Kainantu,Kambaidam,Pupyia
301,7,,,,,
302,7,,,,,
303,7,,,,,
304,7,,,,,
305,7,,,,,
306,7,,,,,
307,7,,,,,
308,7,,,,,
309,7,,,,,
310,7,,,,,
311,7,,,,,
312,7,,,,,
313,7,,,,,
314,7,,,,,
315,7,,,,,
316,7,,,,,
317,7,,,,,
318,7,,,,,
319,7,,,,,
320,7,,,,,
321,7,,,,,
322,7,,,,,
323,7,,,,,
324,7,,,,,
325,7,,,,,
326,7,,,,,
327,7,Siruwarang,2018-2023,Yabem,Sangang,St Paul
328,7,,,,,
329,7,,,,,
330,7,,,,,
331,7,,,,,
332,7,,,,,
333,7,,,,,
334,7,,,,,
335,7,,,,,
336,7,,,,,
337,7,,,,,
338,7,,,,,
339,7,,,,,
340,7,,,,,
341,7,,,,,
342,7,,,,,
343,7,,,,,
344,7,,,,,
345,7,,,,,
346,7,PASTOR/TEACHER,2016-2024,KOTE,,HE;LDSBACH
347,7,,,,,
348,7,,,,,
349,7,,,,,
350,7,,,,,
351,7,,,,,
352,7,,,,,
353,7,,,,,
354,7,,,,,
355,7,,,,,
356,7,,,,,
357,7,,,,,
358,7,,,,,
359,7,,,,,
360,7,,,,,
361,7,EVANGELIST,2019-2021,KAINANTU,RAIPINKA,JOMUNA
362,7,,,,,
363,7,,,,,
364,7,,,,,
365,7,,,,,
366,7,,,,,
367,7,,,,,
368,7,,,,,
369,7,,,,,
370,7,,,,,
371,7,,,,,
372,7,,,,,
373,7,,,,,
374,7,,,,,
375,7,,,,,
376,7,,,,,
377,7,,,,,
378,7,,,,,
379,7,,,,,
380,7,,,,,
381,7,,,,,
382,7,,,,,
383,7,,,,,
384,7,,,,,
385,7,,,,,
386,7,,,,,
387,7,,,,,
388,7,,,,,
389,7,,,,,
390,7,,,,,
391,7,,,,,
392,7,,,,,
393,7,,,,,
394,7,,,,,
395,7,,,,,
396,7,,,,,
397,7,,,,,
398,7,,,,,
399,7,,,,,
400,7,,,,,
401,7,,,,,
402,7,,,,,
403,7,,,,,
404,7,,,,,
405,7,,,,,
406,7,,,,,
407,7,,,,,
408,7,,,,,
409,7,,,,,
410,7,,,,,
411,7,,,,,
412,7,,,,,
413,7,,,,,
414,7,,,,,
415,7,,,,,
416,7,,,,,
417,7,,,,,
418,7,,,,,
419,7,,,,,
420,7,,,,,
421,7,,,,,
422,7,,,,,
423,7,,,,,
424,7,,,,,
425,7,Parish President,2021-2023,Kainantu,Lihona,Herave Paris
426,7,,,,,
427,7,,,,,
428,7,,,,,
429,7,Pastor,2022,Kainantu,Finintugu,
430,7,,,,,
431,7,,,,,
432,7,,,,,
433,7,,,,,
434,7,,,,,
435,7,,,,,
436,7,,,,,
437,7,,,,,
438,7,,,,,
439,7,,,,,
440,7,,,,,
441,7,,,,,
442,7,,,,,
443,7,,,,,
444,7,,,,,
445,7,,,,,
446,7,CHAPLAIN,2006-2008,JIWAKA,KEROWAGI,
447,7,,,,,
448,7,,,,,
449,7,,,,,
450,7,,,,,
451,7,,,,,
452,7,,,,,
453,7,,,,,
454,7,,,,,
455,7,,,,,
456,7,,,,,
457,7,,,,,
458,7,,,,,
459,7,,,,,
460,7,,,,,
461,7,,,,,
462,7,,,,,
463,7,,,,,
464,7,,,,,
465,7,,,,,
466,7,,,,,
467,7,,,,,
468,7,,,,,
469,7,,,,,
470,7,,,,,
471,7,,,,,
472,7,,,,,
473,7,,,,,
474,7,,,,,
475,7,,,,,
476,7,,,,,
477,7,,,,,
478,7,,,,,
479,7,,,,,
480,7,,,,,
481,7,,,,,
482,7,,,,,
483,7,,,,,
484,7,,,,,
485,7,,,,,
486,7,,,,,
487,7,,,,,
488,7,,,,,
489,7,,,,,
490,7,,,,,
491,7,,,,,
492,7,,,,,
493,7,Evangelist,2005-2009,Immanuel,Imbongu,Papera
494,7,,,,,
495,7,,,,,
496,7,,,,,
497,7,,,,,
498,7,,,,,
499,7,,,,,
500,7,,,,,
501,7,,,,,
502,7,,,,,
503,7,,,,,
504,7,Distict Gunius Director,2015-2029,Kainantu,District,Kainantu
505,7,Teacher/Seket,2020-2021,Jiwaka,Kol Seket,
506,7,Teacher/Seket,2020-2021,Jiwaka,Kol Seket,
507,7,,,,,
508,7,,,,,
509,7,LECTURER,2020,,,
510,7,PASTOR,2021-2023,JIWAKA,DAWOO,
511,7,,,,,
512,7,,,,,
513,7,,,,,
514,7,,,,,
515,7,,,,,
516,7,,,,,
517,7,,,,,
518,7,,,,,
519,7,,,,,
520,7,,,,,
521,7,EVANGELIST,2011-2023,JIWAKA,KUMA,
522,7,,,,,
523,7,,,,,
524,7,,,,,
525,7,,,,,
526,7,,,,,
527,7,,,,,
528,7,,,,,
529,7,,,,,
530,7,,,,,
1,8,,,,,
2,8,,,,,
3,8,,,,,
4,8,,,,,
5,8,,,,,
6,8,,,,,
7,8,,,,,
8,8,,,,,
9,8,,,,,
10,8,,,,,
11,8,,,,,
12,8,,,,,
13,8,,,,,
14,8,,,,,
15,8,,,,,
16,8,,,,,
17,8,,,,,
18,8,,,,,
19,8,,,,,
20,8,,,,,
21,8,,,,,
22,8,,,,,
23,8,,,,,
24,8,,,,,
25,8,,,,,
26,8,,,,,
27,8,,,,,
28,8,,,,,
29,8,,,,,
30,8,,,,,
31,8,,,,,
32,8,,,,,
33,8,,,,,
34,8,,,,,
35,8,,,,,
36,8,,,,,
37,8,,,,,
38,8,,,,,
39,8,,,,,
40,8,,,,,
41,8,,,,,
42,8,,,,,
43,8,,,,,
44,8,,,,,
45,8,,,,,
46,8,,,,,
47,8,,,,,
48,8,,,,,
49,8,,,,,
50,8,,,,,
51,8,,,,,
52,8,,,,,
53,8,,,,,
54,8,,,,,
55,8,,,,,
56,8,,,,,
57,8,,,,,
58,8,,,,,
59,8,,,,,
60,8,,,,,
61,8,,,,,
62,8,,,,,
63,8,,,,,
64,8,,,,,
65,8,,,,,
66,8,,,,,
67,8,,,,,
68,8,youth Pastor,2007-23,Karkar ,Tagub ,seket 
69,8,,,,,
70,8,,,,,
71,8,,,,,
72,8,,,,,
73,8,,,,,
74,8,,,,,
75,8,,,,,
76,8,,,,,
77,8,,,,,
78,8,,,,,
79,8,,,,,
80,8,,,,,
81,8,,,,,
82,8,Pastor ,2023,yabim,Menyamya,Menyamya
83,8,,,,,
84,8,,,,,
85,8,,,,,
86,8,,,,,
87,8,,,,,
88,8,,,,,
89,8,,,,,
90,8,,,,,
91,8,,,,,
92,8,,,,,
93,8,,,,,
94,8,,,,,
95,8,,,,,
96,8,,,,,
97,8,,,,,
98,8,,,,,
99,8,,,,,
100,8,,,,,
101,8,,,,,
102,8,,,,,
103,8,,,,,
104,8,,,,,
105,8,,,,,
106,8,,,,,
107,8,,,,,
108,8,,,,,
109,8,,,,,
110,8,,,,,
111,8,,,,,
112,8,,,,,
113,8,,,,,
114,8,,,,,
115,8,,,,,
116,8,,,,,
117,8,,,,,
118,8,,,,,
119,8,,,,,
120,8,,,,,
121,8,,,,,
122,8,,,,,
123,8,,,,,
124,8,,,,,
125,8,,,,,
126,8,,,,,
127,8,,,,,
128,8,,,,,
129,8,,,,,
130,8,,,,,
131,8,,,,,
132,8,,,,,
133,8,,,,,
134,8,,,,,
135,8,,,,,
136,8,,,,,
137,8,,,,,
138,8,,,,,
139,8,,,,,
140,8,,,,,
141,8,,,,,
142,8,,,,,
143,8,,,,,
144,8,,,,,
145,8,,,,,
146,8,,,,,
147,8,,,,,
148,8,,,,,
149,8,,,,,
150,8,,,,,
151,8,,,,,
152,8,,,,,
153,8,,,,,
154,8, ,,,,
155,8,,,,,
156,8,,,,,
157,8,,,,,
158,8,,,,,
159,8,,,,,
160,8,,,,,
161,8,,,,,
162,8,,,,,
163,8,,,,,
164,8,,,,,
165,8,,,,,
166,8,,,,,
167,8,,,,,
168,8,,,,,
169,8,,,,,
170,8,,,,,
171,8,,,,,
172,8,,,,,
173,8,,,,,
174,8,,,,,
175,8,,,,,
176,8,,,,,
177,8,,,,,
178,8,,,,,
179,8,,,,,
180,8,,,,,
181,8,,,,,
182,8,,,,,
183,8,,,,,
184,8,,,,,
185,8,,,,,
186,8,,,,,
187,8,,,,,
188,8,,,,,
189,8,,,,,
190,8,,,,,
191,8,,,,,
192,8,,,,,
193,8,,,,,
194,8,,,,,
195,8,,,,,
196,8,,,,,
197,8,,,,,
198,8,,,,,
199,8,,,,,
200,8,,,,,
201,8,,,,,
202,8,,,,,
203,8,,,,,
204,8,,,,,
205,8,,,,,
206,8,,,,,
207,8,,,,,
208,8,,,,,
209,8,,,,,
210,8,,,,,
211,8,,,,,
212,8,,,,,
213,8,,,,,
214,8,,,,,
215,8,,,,,
216,8,,,,,
217,8,PASTOR,2011-2020,KOTE,,
218,8,,,,,
219,8,,,,,
220,8,,,,,
221,8,,,,,
222,8,,,,,
223,8,,,,,
224,8,,,,,
225,8,,,,,
226,8,,,,,
227,8,,,,,
228,8,,,,,
229,8,,,,,
230,8,,,,,
231,8,Pastor,2014-2024,,,
232,8,,,,,
233,8,,,,,
234,8,,,,,
235,8,,,,,
236,8,,,,,
237,8,,,,,
238,8,,,,,
239,8,,,,,
240,8,,,,,
241,8,,,,,
242,8,,,,,
243,8,,,,,
244,8,,,,,
245,8,,,,,
246,8,,,,,
247,8,,,,,
248,8,,,,,
249,8,,,,,
250,8,,,,,
251,8,,,,,
252,8,,,,,
253,8,,,,,
254,8,,,,,
255,8,,,,,
256,8,,,,,
257,8,,,,,
258,8,,,,,
259,8,,,,,
260,8,,,,,
261,8,,,,,
262,8,,,,,
263,8,,,,,
264,8,,,,,
265,8,,,,,
266,8,,,,,
267,8,,,,,
268,8,,,,,
269,8,,,,,
270,8,,,,,
271,8,,,,,
272,8,,,,,
273,8,,,,,
274,8,,,,,
275,8,,,,,
276,8,,,,,
277,8,,,,,
278,8,,,,,
279,8,,,,,
280,8,,,,,
281,8,,,,,
282,8,,,,,
283,8,,,,,
284,8,,,,,
285,8,,,,,
286,8,PASTOR,2023,KAINANTU,FININTUGU,KAMANONTINA
287,8,,,,,
288,8,,,,,
289,8,,,,,
290,8,,,,,
291,8,,,,,
292,8,,,,,
293,8,,,,,
294,8,,,,,
295,8,,,,,
296,8,,,,,
297,8,,,,,
298,8,,,,,
299,8,,,,,
300,8,,,,,
301,8,,,,,
302,8,,,,,
303,8,,,,,
304,8,,,,,
305,8,,,,,
306,8,,,,,
307,8,,,,,
308,8,,,,,
309,8,,,,,
310,8,,,,,
311,8,,,,,
312,8,,,,,
313,8,,,,,
314,8,,,,,
315,8,,,,,
316,8,,,,,
317,8,,,,,
318,8,,,,,
319,8,,,,,
320,8,,,,,
321,8,,,,,
322,8,,,,,
323,8,,,,,
324,8,,,,,
325,8,,,,,
326,8,,,,,
327,8,,,,,
328,8,,,,,
329,8,,,,,
330,8,,,,,
331,8,,,,,
332,8,,,,,
333,8,,,,,
334,8,,,,,
335,8,,,,,
336,8,,,,,
337,8,,,,,
338,8,,,,,
339,8,,,,,
340,8,,,,,
341,8,,,,,
342,8,,,,,
343,8,,,,,
344,8,,,,,
345,8,,,,,
346,8,,,,,
347,8,,,,,
348,8,,,,,
349,8,,,,,
350,8,,,,,
351,8,,,,,
352,8,,,,,
353,8,,,,,
354,8,,,,,
355,8,,,,,
356,8,,,,,
357,8,,,,,
358,8,,,,,
359,8,,,,,
360,8,,,,,
361,8,EVANGELIST,2022-2024,KAINANTU,RAIPINKA,JOMUNA
362,8,,,,,
363,8,,,,,
364,8,,,,,
365,8,,,,,
366,8,,,,,
367,8,,,,,
368,8,,,,,
369,8,,,,,
370,8,,,,,
371,8,,,,,
372,8,,,,,
373,8,,,,,
374,8,,,,,
375,8,,,,,
376,8,,,,,
377,8,,,,,
378,8,,,,,
379,8,,,,,
380,8,,,,,
381,8,,,,,
382,8,,,,,
383,8,,,,,
384,8,,,,,
385,8,,,,,
386,8,,,,,
387,8,,,,,
388,8,,,,,
389,8,,,,,
390,8,,,,,
391,8,,,,,
392,8,,,,,
393,8,,,,,
394,8,,,,,
395,8,,,,,
396,8,,,,,
397,8,,,,,
398,8,,,,,
399,8,,,,,
400,8,,,,,
401,8,,,,,
402,8,,,,,
403,8,,,,,
404,8,,,,,
405,8,,,,,
406,8,,,,,
407,8,,,,,
408,8,,,,,
409,8,,,,,
410,8,,,,,
411,8,,,,,
412,8,,,,,
413,8,,,,,
414,8,,,,,
415,8,,,,,
416,8,,,,,
417,8,,,,,
418,8,,,,,
419,8,,,,,
420,8,,,,,
421,8,,,,,
422,8,,,,,
423,8,,,,,
424,8,,,,,
425,8,,,,,
426,8,,,,,
427,8,,,,,
428,8,,,,,
429,8,,,,,Naila Parish
430,8,,,,,
431,8,,,,,
432,8,,,,,
433,8,,,,,
434,8,,,,,
435,8,,,,,
436,8,,,,,
437,8,,,,,
438,8,,,,,
439,8,,,,,
440,8,,,,,
441,8,,,,,
442,8,,,,,
443,8,,,,,
444,8,,,,,
445,8,,,,,
446,8,PARISH PASTOR,2014-2020,JIWAKA,KEROWAGI,
447,8,,,,,
448,8,,,,,
449,8,,,,,
450,8,,,,,
451,8,,,,,
452,8,,,,,
453,8,,,,,
454,8,,,,,
455,8,,,,,
456,8,,,,,
457,8,,,,,
458,8,,,,,
459,8,,,,,
460,8,,,,,
461,8,,,,,
462,8,,,,,
463,8,,,,,
464,8,,,,,
465,8,,,,,
466,8,,,,,
467,8,,,,,
468,8,,,,,
469,8,,,,,
470,8,,,,,
471,8,,,,,
472,8,,,,,
473,8,,,,,
474,8,,,,,
475,8,,,,,
476,8,,,,,
477,8,,,,,
478,8,,,,,
479,8,,,,,
480,8,,,,,
481,8,,,,,
482,8,,,,,
483,8,,,,,
484,8,,,,,
485,8,,,,,
486,8,,,,,
487,8,,,,,
488,8,,,,,
489,8,,,,,
490,8,,,,,
491,8,,,,,
492,8,,,,,
493,8,Evangelist,2010-2024,Immanuel,tiripini,Yungili
494,8,,,,,
495,8,,,,,
496,8,,,,,
497,8,,,,,
498,8,,,,,
499,8,,,,,
500,8,,,,,
501,8,,,,,
502,8,,,,,
503,8,,,,,
504,8,District President,2020-2023,Kainantu,Distict,Kianantu
505,8,,,,,
506,8,,,,,
507,8,,,,,
508,8,,,,,
509,8,,,,,
510,8,,,,,
511,8,,,,,
512,8,,,,,
513,8,,,,,
514,8,,,,,
515,8,,,,,
516,8,,,,,
517,8,,,,,
518,8,,,,,
519,8,,,,,
520,8,,,,,
521,8,,,,,
522,8,,,,,
523,8,,,,,
524,8,,,,,
525,8,,,,,
526,8,,,,,
527,8,,,,,
528,8,,,,,
529,8,,,,,
530,8,,,,,
1,9,,,,,
2,9,,,,,
3,9,,,,,
4,9,,,,,
5,9,,,,,
6,9,,,,,
7,9,,,,,
8,9,,,,,
9,9,,,,,
10,9,,,,,
11,9,,,,,
12,9,,,,,
13,9,,,,,
14,9,,,,,
15,9,,,,,
16,9,,,,,
17,9,,,,,
18,9,,,,,
19,9,,,,,
20,9,,,,,
21,9,,,,,
22,9,,,,,
23,9,,,,,
24,9,,,,,
25,9,,,,,
26,9,,,,,
27,9,,,,,
28,9,,,,,
29,9,,,,,
30,9,,,,,
31,9,,,,,
32,9,,,,,
33,9,,,,,
34,9,,,,,
35,9,,,,,
36,9,,,,,
37,9,,,,,
38,9,,,,,
39,9,,,,,
40,9,,,,,
41,9,,,,,
42,9,,,,,
43,9,,,,,
44,9,,,,,
45,9,,,,,
46,9,,,,,
47,9,,,,,
48,9,,,,,
49,9,,,,,
50,9,,,,,
51,9,,,,,
52,9,,,,,
53,9,,,,,
54,9,,,,,
55,9,,,,,
56,9,,,,,
57,9,,,,,
58,9,,,,,
59,9,,,,,
60,9,,,,,
61,9,,,,,
62,9,,,,,
63,9,,,,,
64,9,,,,,
65,9,,,,,
66,9,,,,,
67,9,,,,,
68,9,,,,,
69,9,,,,,
70,9,,,,,
71,9,,,,,
72,9,,,,,
73,9,,,,,
74,9,,,,,
75,9,,,,,
76,9,,,,,
77,9,,,,,
78,9,,,,,
79,9,,,,,
80,9,,,,,
81,9,,,,,
82,9,,,,,
83,9,,,,,
84,9,,,,,
85,9,,,,,
86,9,,,,,
87,9,,,,,
88,9,,,,,
89,9,,,,,
90,9,,,,,
91,9,,,,,
92,9,,,,,
93,9,,,,,
94,9,,,,,
95,9,,,,,
96,9,,,,,
97,9,,,,,
98,9,,,,,
99,9,,,,,
100,9,,,,,
101,9,,,,,
102,9,,,,,
103,9,,,,,
104,9,,,,,
105,9,,,,,
106,9,,,,,
107,9,,,,,
108,9,,,,,
109,9,,,,,
110,9,,,,,
111,9,,,,,
112,9,,,,,
113,9,,,,,
114,9,,,,,
115,9,,,,,
116,9,,,,,
117,9,,,,,
118,9,,,,,
119,9,,,,,
120,9,,,,,
121,9,,,,,
122,9,,,,,
123,9,,,,,
124,9,,,,,
125,9,,,,,
126,9,,,,,
127,9,,,,,
128,9,,,,,
129,9,,,,,
130,9,,,,,
131,9,,,,,
132,9,,,,,
133,9,,,,,
134,9,,,,,
135,9,,,,,
136,9,,,,,
137,9,,,,,
138,9,,,,,
139,9,,,,,
140,9,,,,,
141,9,,,,,
142,9,,,,,
143,9,,,,,
144,9,,,,,
145,9,,,,,
146,9,,,,,
147,9,,,,,
148,9,,,,,
149,9,,,,,
150,9,,,,,
151,9,,,,,
152,9,,,,,
153,9,,,,,
154,9,,,,,
155,9,,,,,
156,9,,,,,
157,9,,,,,
158,9,,,,,
159,9,,,,,
160,9,,,,,
161,9,,,,,
162,9,,,,,
163,9,,,,,
164,9,,,,,
165,9,,,,,
166,9,,,,,
167,9,,,,,
168,9,,,,,
169,9,,,,,
170,9,,,,,
171,9,,,,,
172,9,,,,,
173,9,,,,,
174,9,,,,,
175,9,,,,,
176,9,,,,,
177,9,,,,,
178,9,,,,,
179,9,,,,,
180,9,,,,,
181,9,,,,,
182,9,,,,,
183,9,,,,,
184,9,,,,,
185,9,,,,,
186,9,,,,,
187,9,,,,,
188,9,,,,,
189,9,,,,,
190,9,,,,,
191,9,,,,,
192,9,,,,,
193,9,,,,,
194,9,,,,,
195,9,,,,,
196,9,,,,,
197,9,,,,,
198,9,,,,,
199,9,,,,,
200,9,,,,,
201,9,,,,,
202,9,,,,,
203,9,,,,,
204,9,,,,,
205,9,,,,,
206,9,,,,,
207,9,,,,,
208,9,,,,,
209,9,,,,,
210,9,,,,,
211,9,,,,,
212,9,,,,,
213,9,,,,,
214,9,,,,,
215,9,,,,,
216,9,,,,,
217,9,,,,,
218,9,,,,,
219,9,,,,,
220,9,,,,,
221,9,,,,,
222,9,,,,,
223,9,,,,,
224,9,,,,,
225,9,,,,,
226,9,,,,,
227,9,,,,,
228,9,,,,,
229,9,,,,,
230,9,,,,,
231,9,,,,,
232,9,,,,,
233,9,,,,,
234,9,,,,,
235,9,,,,,
236,9,,,,,
237,9,,,,,
238,9,,,,,
239,9,,,,,
240,9,,,,,
241,9,,,,,
242,9,,,,,
243,9,,,,,
244,9,,,,,
245,9,,,,,
246,9,,,,,
247,9,,,,,
248,9,,,,,
249,9,,,,,
250,9,,,,,
251,9,,,,,
252,9,,,,,
253,9,,,,,
254,9,,,,,
255,9,,,,,
256,9,,,,,
257,9,,,,,
258,9,,,,,
259,9,,,,,
260,9,,,,,
261,9,,,,,
262,9,,,,,
263,9,,,,,
264,9,,,,,
265,9,,,,,
266,9,,,,,
267,9,,,,,
268,9,,,,,
269,9,,,,,
270,9,,,,,
271,9,,,,,
272,9,,,,,
273,9,,,,,
274,9,,,,,
275,9,,,,,
276,9,,,,,
277,9,,,,,
278,9,,,,,
279,9,,,,,
280,9,,,,,
281,9,,,,,
282,9,,,,,
283,9,,,,,
284,9,,,,,
285,9,,,,,
286,9,,,,,
287,9,,,,,
288,9,,,,,
289,9,,,,,
290,9,,,,,
291,9,,,,,
292,9,,,,,
293,9,,,,,
294,9,,,,,
295,9,,,,,
296,9,,,,,
297,9,,,,,
298,9,,,,,
299,9,,,,,
300,9,,,,,
301,9,,,,,
302,9,,,,,
303,9,,,,,
304,9,,,,,
305,9,,,,,
306,9,,,,,
307,9,,,,,
308,9,,,,,
309,9,,,,,
310,9,,,,,
311,9,,,,,
312,9,,,,,
313,9,,,,,
314,9,,,,,
315,9,,,,,
316,9,,,,,
317,9,,,,,
318,9,,,,,
319,9,,,,,
320,9,,,,,
321,9,,,,,
322,9,,,,,
323,9,,,,,
324,9,,,,,
325,9,,,,,
326,9,,,,,
327,9,,,,,
328,9,,,,,
329,9,,,,,
330,9,,,,,
331,9,,,,,
332,9,,,,,
333,9,,,,,
334,9,,,,,
335,9,,,,,
336,9,,,,,
337,9,,,,,
338,9,,,,,
339,9,,,,,
340,9,,,,,
341,9,,,,,
342,9,,,,,
343,9,,,,,
344,9,,,,,
345,9,,,,,
346,9,,,,,
347,9,,,,,
348,9,,,,,
349,9,,,,,
350,9,,,,,
351,9,,,,,
352,9,,,,,
353,9,,,,,
354,9,,,,,
355,9,,,,,
356,9,,,,,
357,9,,,,,
358,9,,,,,
359,9,,,,,
360,9,,,,,
361,9,,,,,
362,9,,,,,
363,9,,,,,
364,9,,,,,
365,9,,,,,
366,9,,,,,
367,9,,,,,
368,9,,,,,
369,9,,,,,
370,9,,,,,
371,9,,,,,
372,9,,,,,
373,9,,,,,
374,9,,,,,
375,9,,,,,
376,9,,,,,
377,9,,,,,
378,9,,,,,
379,9,,,,,
380,9,,,,,
381,9,,,,,
382,9,,,,,
383,9,,,,,
384,9,,,,,
385,9,,,,,
386,9,,,,,
387,9,,,,,
388,9,,,,,
389,9,,,,,
390,9,,,,,
391,9,,,,,
392,9,,,,,
393,9,,,,,
394,9,,,,,
395,9,,,,,
396,9,,,,,
397,9,,,,,
398,9,,,,,
399,9,,,,,
400,9,,,,,
401,9,,,,,
402,9,,,,,
403,9,,,,,
404,9,,,,,
405,9,,,,,
406,9,,,,,
407,9,,,,,
408,9,,,,,
409,9,,,,,
410,9,,,,,
411,9,,,,,
412,9,,,,,
413,9,,,,,
414,9,,,,,
415,9,,,,,
416,9,,,,,
417,9,,,,,
418,9,,,,,
419,9,,,,,
420,9,,,,,
421,9,,,,,
422,9,,,,,
423,9,,,,,
424,9,,,,,
425,9,,,,,
426,9,,,,,
427,9,,,,,
428,9,,,,,
429,9,,,,,
430,9,,,,,
431,9,,,,,
432,9,,,,,
433,9,,,,,
434,9,,,,,
435,9,,,,,
436,9,,,,,
437,9,,,,,
438,9,,,,,
439,9,,,,,
440,9,,,,,
441,9,,,,,
442,9,,,,,
443,9,,,,,
444,9,,,,,
445,9,,,,,
446,9,GOOD NEWS DIRECTOR,2020-2024,JIWAKA,JIWAKA,
447,9,,,,,
448,9,,,,,
449,9,,,,,
450,9,,,,,
451,9,,,,,
452,9,,,,,
453,9,,,,,
454,9,,,,,
455,9,,,,,
456,9,,,,,
457,9,,,,,
458,9,,,,,
459,9,,,,,
460,9,,,,,
461,9,,,,,
462,9,,,,,
463,9,,,,,
464,9,,,,,
465,9,,,,,
466,9,,,,,
467,9,,,,,
468,9,,,,,
469,9,,,,,
470,9,,,,,
471,9,,,,,
472,9,,,,,
473,9,,,,,
474,9,,,,,
475,9,,,,,
476,9,,,,,
477,9,,,,,
478,9,,,,,
479,9,,,,,
480,9,,,,,
481,9,,,,,
482,9,,,,,
483,9,,,,,
484,9,,,,,
485,9,,,,,
486,9,,,,,
487,9,,,,,
488,9,,,,,
489,9,,,,,
490,9,,,,,
491,9,,,,,
492,9,,,,,
493,9,,,,,
494,9,,,,,
495,9,,,,,
496,9,,,,,
497,9,,,,,
498,9,,,,,
499,9,,,,,
500,9,,,,,
501,9,,,,,
502,9,,,,,
503,9,,,,,
504,9,,,,,
505,9,,,,,
506,9,,,,,
507,9,,,,,
508,9,,,,,
509,9,,,,,
510,9,,,,,
511,9,,,,,
512,9,,,,,
513,9,,,,,
514,9,,,,,
515,9,,,,,
516,9,,,,,
517,9,,,,,
518,9,,,,,
519,9,,,,,
520,9,,,,,
521,9,,,,,
522,9,,,,,
523,9,,,,,
524,9,,,,,
525,9,,,,,
526,9,,,,,
527,9,,,,,
528,9,,,,,
529,9,,,,,
530,9,,,,,
